golden_id,master_id,member_ids,member_count,name,website,industry,address,city,state,zip,primary_phone,filled_from
AG00001,A00001,A00001,1,Meridian Roofing Ltd,,Roofing,9440 Hill Boulevard,Nashville,TN,37274,+16226526057,
AG00002,A00003,A00003,1,Pioneer Bakery LLC,www.pioneerbakery.com,Bakery,7382 Washington Boulevard,Phoenix,AZ,85089,+15375466910,
AG00003,A00004,A00004,1,Harbor Point Software Inc,www.harborpointsoftware.com,Software,7588 Lake Street,Denver,CO,80226,+17085523925,
AG00004,A00005,A00005,1,Keystone Electric,www.keystoneelectric.com,Electric,5445 Maple Boulevard,Austin,TX,78722,+17887160518,
AG00005,A00006,A00006,1,Bright Path Dental Co,www.brightpathdental.com,Dental,5394 Hill Drive,Nashville,TN,37203,+18697352231,
AG00006,A00008,A00008,1,Stonebridge Design,www.stonebridgedesign.com,Design,5920 Lake Drive,Portland,OR,97201,+12889225232,
AG00007,A00010,A00010,1,Riverbend Software Ltd,www.riverbendsoftware.com,Software,4133 Cedar Avenue,Nashville,TN,37251,+16447295563,
AG00008,A00012,A00012,1,Falcon Software Inc,www.falconsoftware.com,Software,4333 Church Boulevard,Seattle,WA,98102,+15692082649,
AG00009,A00014,A00014,1,Riverbend Logistics,,Logistics,8268 Cedar Boulevard,Austin,TX,78797,+12204234512,
AG00010,A00015,A00015,1,Lakeside Roofing Ltd,www.lakesideroofing.com,Roofing,8284 Park Avenue,Nashville,TN,37251,+17322711819,
AG00011,A00016,A00016,1,Maple Leaf Consulting Corp,www.mapleleafconsulting.com,Consulting,835 Maple Avenue,Columbus,OH,43214,+12017426546,
AG00012,A00018,A00018,1,Stonebridge Electric Co,,Electric,646 Church Avenue,Chicago,IL,60697,+15828223620,
AG00013,A00019,A00019,1,Copper Hill Logistics Co,,Logistics,7610 Main Road,Austin,TX,78775,+12457047687,
AG00014,A00022,A00022,1,Summit Auto Repair Ltd,www.summitautorepair.com,Auto Repair,1913 Church Avenue,Portland,OR,97223,+14557168433,
AG00015,A00024,A00024,1,Northgate Consulting Ltd,www.northgateconsulting.com,Consulting,3349 Cedar Street,Austin,TX,78719,+19973955637,
AG00016,A00025,A00025,1,SUMMIT CONSULTING LLC,,Consulting,5567 Oak Avenue,Phoenix,AZ,85040,,
AG00017,A00027,A00027 A00023,2,Cedar Landscaping Ltd,www.cedarlandscaping.com,Landscaping,7499 Park Boulevard,Austin,TX,78781,+14887160605,
AG00018,A00028,A00028,1,Ironwood Staffing Corp,www.ironwoodstaffing.com,Staffing,9671 Church Avenue,Austin,TX,78769,+18225194051,
AG00019,A00029,A00029,1,Atlas Electric Ltd,www.atlaselectric.com,Electric,2773 Lake Drive,Atlanta,GA,30332,+17176865190,
AG00020,A00031,A00031,1,Meridian Roofing Ltd,,Roofing,323 Cedar Road,Seattle,WA,98188,+18139427575,
AG00021,A00033,A00033,1,Pioneer Legal Services Co,,Legal Services,2978 Hill Street,Boston,MA,02137,+14124052321,
AG00022,A00034,A00034,1,Stonebridge Insurance Ltd,,Insurance,9660 Main Avenue,Portland,OR,97239,+15503283626,
AG00023,A00037,A00037,1,Ironwood Dental Ltd,www.ironwooddental.com,Dental,6367 Hill Drive,Chicago,IL,60602,+16897293252,
AG00024,A00038,A00038,1,Lakeside Consulting,www.lakesideconsulting.com,Consulting,5306 Main Road,Chicago,IL,60602,+16056243857,
AG00025,A00041,A00041,1,Sterling Legal Services Corp,,Legal Services,4927 Hill Street,Seattle,WA,98100,+16705213019,
AG00026,A00043,A00043,1,Atlas Landscaping Corp,,Landscaping,6592 Lake Road,Nashville,TN,37286,+17468692127,
AG00027,A00044,A00044,1,Atlas Landscaping Corp,,Landscaping,8465 Park Boulevard,Denver,CO,80286,+19287203649,
AG00028,A00045,A00045,1,GRANITE ELECTRIC Inc,,Electric,5998 Washington Avenue,Atlanta,GA,30372,,
AG00029,A00047,A00047,1,Bright Path Electric Co,www.brightpathelectric.com,Electric,2556 Park Boulevard,Portland,OR,97257,+15838510245,
AG00030,A00048,A00048,1,Bright Path Auto Repair LLC,www.brightpathautorepair.com,Auto Repair,3887 Maple Drive,Phoenix,AZ,85092,+19175134466,
AG00031,A00049,A00049,1,Redwood Bakery Corp,www.redwoodbakery.com,Bakery,2559 Church Street,Phoenix,AZ,85018,+15284961062,
AG00032,A00050,A00050,1,Stonebridge Analytics Inc,www.stonebridgeanalytics.com,Analytics,7085 Lake Avenue,Portland,OR,97232,+19299656421,
AG00033,A00052,A00052,1,Summit Consulting LLC,www.summitconsulting.com,Consulting,1659 Hill Road,Denver,CO,80282,+19817597375,
AG00034,A00030,A00030 A00053,2,Meridian Loistics LLC,www.meridianlogistics.com,Logistics,1121 Main Street,Nashville,TN,37299,+18825866165,phone<-A00053
AG00035,A00056,A00056 A00035,2,Rewdood Electric Corp,www.redwoodelectric.com,Electric,5759 Main Boulevard,Phoenix,AZ,85085,+15445078988,phone<-A00035
AG00036,A00057,A00057 A00036,2,Keystone Analytics LLC,www.keystoneanalytics.com,Analytics,2978 Washington Street,Austin,TX,78794,+16242872896,
AG00037,A00060,A00060,1,Copper Hill Insurance Corp,,Insurance,1218 Elm Avenue,Portland,OR,97255,+13762672132,
AG00038,A00063,A00063,1,Cedar Auto Repair Inc,www.cedarautorepair.com,Auto Repair,2808 Hill Avenue,Nashville,TN,37258,+17553812894,
AG00039,A00064,A00064,1,Copper Hill Software Inc,www.copperhillsoftware.com,Software,7855 Washington Street,Columbus,OH,43240,+16925455002,
AG00040,A00066,A00066,1,RIVERBEND DENTAL Co,,Dental,9843 Main Street,Seattle,WA,98147,,
AG00041,A00067,A00067,1,BRIGHT PATH AUTO REPAIR LLC,,Auto Repair,9381 Elm Drive,Nashville,TN,37224,,
AG00042,A00072,A00072,1,Beacon Auto Repair Co,www.beaconautorepair.com,Auto Repair,2721 Sunset Drive,Portland,OR,97220,+12898321889,
AG00043,A00073,A00073 A00026,2,PIONEER INSURANCE Ltd,www.pioneerinsurance.com,Insurance,8393 Elm Rd,Austin,TX,78769,+12812830553,
AG00044,A00074,A00074,1,Stonebridge Plumbing Corp,www.stonebridgeplumbing.com,Plumbing,237 Sunset Street,Austin,TX,78760,+12028941625,
AG00045,A00075,A00075 A00002,2,Harbor Point Legal Services Corp,www.harborpointlegalservices.com,Legal Services,1547 Main Avenue,Austin,TX,78713,+19165339442,
AG00046,A00076,A00076,1,Meridian Analytics,www.meridiananalytics.com,Analytics,5000 Hill Avenue,Portland,OR,97221,+18338273478,
AG00047,A00077,A00077 A00032,2,Keystone Bakery,www.keystonebakery.com,Bakery,8017 Main Avenue,Boston,MA,02133,+19498931160,
AG00048,A00061,A00061 A00078,2,ATLAS AUTO REPAIR,www.atlasautorepair.com,Auto Repair,6276 Elm St,Portland,OR,97294,+19916401026,
AG00049,A00079,A00079,1,Beacon Software Ltd,www.beaconsoftware.com,Software,5333 Cedar Street,Chicago,IL,60630,+18216855244,
AG00050,A00081,A00081,1,Beacon Logistics LLC,www.beaconlogistics.com,Logistics,219 Elm Drive,Seattle,WA,98147,+19657389659,
AG00051,A00082,A00082,1,Beacon Plumbing,www.beaconplumbing.com,Plumbing,5733 Washington Street,Chicago,IL,60648,+18789451417,
AG00052,A00083,A00083,1,Summit Landscaping Corp,www.summitlandscaping.com,Landscaping,8754 Maple Road,Chicago,IL,60665,+14953517934,
AG00053,A00084,A00084,1,Lakeside Plumbing Ltd,www.lakesideplumbing.com,Plumbing,9473 Oak Avenue,Denver,CO,80214,+14732564709,
AG00054,A00085,A00085,1,Stonebridge Insurance Ltd,,Insurance,7694 Sunset Drive,Boston,MA,02141,+13198363432,
AG00055,A00086,A00086,1,Copper Hill Insurance Corp,,Insurance,4062 Maple Boulevard,Nashville,TN,37232,+12313406461,
AG00056,A00080,A00080 A00068 A00087,3,Oakmont Auto Repair Inc,www.oakmontautorepair.com,Auto Repair,1322 Cedar Blvd,Denver,CO,80288,+12043957594,
AG00057,A00088,A00088,1,Riverbend Dental Co,www.riverbenddental.com,Dental,4791 Sunset Avenue,Phoenix,AZ,85025,+15373990266,
AG00058,A00058,A00058 A00089,2,Summit Design LLC,www.summitdesign.com,Design,8883 Maple Road,Seattle,WA,98194,+17469476292,
AG00059,A00090,A00090 A00059,2,Harbor Point Insurance Co,www.harborpointinsurance.com,Insurance,9342 Sunset Drive,Nashville,TN,37251,+13307424498,
AG00060,A00091,A00091,1,Northgate Dental Ltd,www.northgatedental.com,Dental,4596 Hill Avenue,Austin,TX,78720,+13359671571,
AG00061,A00092,A00092,1,Copper Hill Staffing Ltd,www.copperhillstaffing.com,Staffing,5427 Maple Road,Austin,TX,78758,+13092660951,
AG00062,A00093,A00093,1,Atlas Staffing Inc,www.atlasstaffing.com,Staffing,8235 Hill Road,Chicago,IL,60659,+14238992132,
AG00063,A00095,A00095,1,Silver Creek Dental,www.silvercreekdental.com,Dental,8967 Elm Street,Columbus,OH,43299,+14299842023,
AG00064,A00096,A00096 A00046,2,Atlas Dntal Corp,www.atlasdental.com,Dental,5730 Cedar Boulevard,Atlanta,GA,30390,+19772367318,phone<-A00046
AG00065,A00099,A00099,1,Beacon Staffing Ltd,www.beaconstaffing.com,Staffing,1874 Sunset Drive,Chicago,IL,60644,+17572538771,
AG00066,A00100,A00100,1,Summit Roofing Ltd,www.summitroofing.com,Roofing,9598 Hill Boulevard,Nashville,TN,37265,+16846370411,
AG00067,A00102,A00102 A00007,2,Granite Consulting Corp,www.graniteconsulting.com,Consulting,9730 Sunset Ave,Columbus,OH,43208,+19707193222,
AG00068,A00103,A00103,1,Atlas Bakery LLC,www.atlasbakery.com,Bakery,8149 Main Street,Atlanta,GA,30366,+16755548959,
AG00069,A00104,A00104,1,Lakeside Staffing Inc,www.lakesidestaffing.com,Staffing,7473 Main Avenue,Nashville,TN,37225,+14908999835,
AG00070,A00105,A00105,1,Stonebridge Auto Repair Ltd,www.stonebridgeautorepair.com,Auto Repair,1803 Maple Road,Denver,CO,80239,+14377479527,
AG00071,A00106,A00106 A00094,2,Granite Design Ltd,www.granitedesign.com,Design,5807 Church Drive,Austin,TX,78765,+16312460293,
AG00072,A00107,A00107,1,Cedar Logistics LLC,www.cedarlogistics.com,Logistics,1104 Oak Street,Phoenix,AZ,85004,+18709942933,
AG00073,A00108,A00108,1,Bright Path Electric Co,www.brightpathelectric.com,Electric,4277 Oak Road,Austin,TX,78735,+15155569194,
AG00074,A00055,A00055 A00109,2,Riverbend Consulting Co,www.riverbendconsulting.com,Consulting,2517 Oak Avenue,Columbus,OH,43285,+19562223607,
AG00075,A00111,A00111,1,Cedar Bakery Inc,www.cedarbakery.com,Bakery,5105 Sunset Avenue,Atlanta,GA,30371,+17642979437,
AG00076,A00112,A00112,1,Northgate Dental Ltd,www.northgatedental.com,Dental,8987 Park Avenue,Chicago,IL,60605,+18516376492,
AG00077,A00113,A00113,1,Harbor Point Bakery Ltd,www.harborpointbakery.com,Bakery,6852 Maple Road,Atlanta,GA,30310,+12536827453,
AG00078,A00114,A00114,1,Pioneer Legal Services Co,,Legal Services,2005 Lake Drive,Chicago,IL,60658,+14267980876,
AG00079,A00116,A00116 A00054,2,Oakmont Logistics LLC,www.oakmontlogistics.com,Logistics,4281 Elm Avenue,Columbus,OH,43227,+15736354026,
AG00080,A00117,A00117,1,Redwood Legal Services LLC,www.redwoodlegalservices.com,Legal Services,5622 Sunset Road,Nashville,TN,37263,+15997166186,
AG00081,A00118,A00118 A00013,2,Keystone Legal Services Co,www.keystonelegalservices.com,Legal Services,6677 Cedar Drive,Phoenix,AZ,85011,+15009723672,
AG00082,A00119,A00119 A00097,2,Ironwood Bakery LLC,www.ironwoodbakery.com,Bakery,8215 Lake Rd,Boston,MA,02198,+13177207049,
AG00083,A00120,A00120,1,REDWOOD PLUMBING,,Plumbing,499 Sunset Drive,Columbus,OH,43276,,
AG00084,A00121,A00121,1,Keystone Auto Repair Ltd,www.keystoneautorepair.com,Auto Repair,2445 Maple Road,Austin,TX,78766,+18618604955,
AG00085,A00122,A00122 A00020,2,HARBOR POINT ELECTRIC Ltd,www.harborpointelectric.com,Electric,3242 Washington Rd,Columbus,OH,43234,+12189688522,
AG00086,A00123,A00123,1,Granite Auto Repair LLC,www.graniteautorepair.com,Auto Repair,2505 Church Road,Seattle,WA,98111,+16614573012,
AG00087,A00124,A00124,1,Bright Path Legal Services Co,www.brightpathlegalservices.com,Legal Services,6345 Park Street,Chicago,IL,60652,+14337074371,
AG00088,A00011,A00011 A00125,2,Northgate Electric Corp,www.northgateelectric.com,Electric,5503 Main Drive,Boston,MA,02175,+16704222613,
AG00089,A00126,A00126,1,Summit Logistics,www.summitlogistics.com,Logistics,4389 Hill Road,Phoenix,AZ,85014,+14227255437,
AG00090,A00127,A00127,1,Sterling Auto Repair Ltd,www.sterlingautorepair.com,Auto Repair,9518 Lake Boulevard,Chicago,IL,60657,+17149850051,
AG00091,A00110,A00110 A00128,2,Falcon Insurance Inc,www.falconinsurance.com,Insurance,5264 Park Drive,Austin,TX,78760,+19116508658,
AG00092,A00129,A00129,1,Cedar Logistics Co,www.cedarlogistics.com,Logistics,196 Hill Road,Seattle,WA,98109,+15517350855,
AG00093,A00130,A00130,1,Stonebridge Electric Co,,Electric,4312 Hill Drive,Phoenix,AZ,85046,+17039810995,
AG00094,A00042,A00042 A00131,2,Oakmont Bakery LLC,www.oakmontbakery.com,Bakery,1445 Cedar Road,Chicago,IL,60689,+15208229505,
AG00095,A00132,A00132,1,Copper Hill Logistics Co,,Logistics,902 Oak Avenue,Seattle,WA,98130,+14377545449,
AG00096,A00133,A00133,1,Northgate Plumbing,,Plumbing,7555 Main Street,Phoenix,AZ,85029,+17514716558,
AG00097,A00134,A00134,1,Northgate Consulting Co,www.northgateconsulting.com,Consulting,2759 Washington Drive,Seattle,WA,98144,+13734917909,
AG00098,A00135,A00135 A00101,2,Beacon Bakery LLC,www.beaconbakery.com,Bakery,9307 Church Street,Phoenix,AZ,85061,+16349101806,
AG00099,A00136,A00136 A00062,2,Maple Leaf Dental Inc,www.mapleleafdental.com,Dental,3416 Elm Street,Seattle,WA,98118,+16675334687,
AG00100,A00137,A00137,1,Cedar Staffing Inc,www.cedarstaffing.com,Staffing,7134 Hill Avenue,Phoenix,AZ,85050,+12788567114,
AG00101,A00139,A00139,1,Northgate Legal Services Ltd,www.northgatelegalservices.com,Legal Services,4209 Cedar Avenue,Chicago,IL,60665,+18809714696,
AG00102,A00140,A00140,1,Maple Leaf Software Ltd,www.mapleleafsoftware.com,Software,8018 Hill Drive,Nashville,TN,37257,+19316249712,
AG00103,A00141,A00141,1,Evergreen Dental,www.evergreendental.com,Dental,5047 Main Avenue,Atlanta,GA,30343,+19382279223,
AG00104,A00142,A00142,1,Granite Electric Inc,www.graniteelectric.com,Electric,5639 Cedar Road,Denver,CO,80277,+17702953202,
AG00105,A00143,A00143,1,Northgate Plumbing,,Plumbing,5002 Washington Avenue,Chicago,IL,60609,+13079882461,
AG00106,A00040,A00040 A00144,2,Falcon Plumbing Ltd,www.falconplumbing.com,Plumbing,6351 Main Boulevard,Boston,MA,02115,+16456313287,
AG00107,A00145,A00145,1,Riverbend Logistics,,Logistics,6760 Washington Avenue,Columbus,OH,43236,+18269790654,
AG00108,A00146,A00146,1,Oakmont Consulting Ltd,www.oakmontconsulting.com,Consulting,1209 Main Road,Boston,MA,02157,+14072773992,
AG00109,A00147,A00147,1,Sterling Logistics Co,www.sterlinglogistics.com,Logistics,7552 Hill Avenue,Columbus,OH,43281,+18878936391,
AG00110,A00039,A00039 A00148,2,Meridian Insurance,www.meridianinsurance.com,Insurance,6992 Main Boulevard,Nashville,TN,37240,+16185476064,
AG00111,A00149,A00149,1,Cedar Analytics Inc,www.cedaranalytics.com,Analytics,9818 Hill Drive,Columbus,OH,43298,+17432262077,
AG00112,A00150,A00150,1,Redwood Plumbing,www.redwoodplumbing.com,Plumbing,3830 Sunset Avenue,Portland,OR,97245,+16002250745,
AG00113,A00151,A00151,1,Keystone Consulting Co,www.keystoneconsulting.com,Consulting,6826 Maple Street,Phoenix,AZ,85007,+17845682446,
AG00114,A00152,A00152,1,Maple Leaf Insurance Corp,www.mapleleafinsurance.com,Insurance,5699 Elm Boulevard,Austin,TX,78724,+19034384931,
AG00115,A00153,A00153,1,Cedar Legal Services Co,www.cedarlegalservices.com,Legal Services,7026 Hill Road,Nashville,TN,37212,+19974797867,
AG00116,A00154,A00154,1,Falcon Software Inc,www.falconsoftware.com,Software,1906 Washington Boulevard,Portland,OR,97294,+16894481808,
AG00117,A00155,A00155 A00138 A00070,3,Sterling Design,www.sterlingdesign.com,Design,9770 Lake Road,Portland,OR,97222,+18309316587,
AG00118,A00156,A00156 A00021,2,Blue Ridge Staffing LLC,www.blueridgestaffing.com,Staffing,7615 Park Street,Columbus,OH,43208,+13478161041,
AG00119,A00157,A00157,1,Evergreen Bakery LLC,www.evergreenbakery.com,Bakery,6891 Maple Street,Austin,TX,78753,+12996151189,
AG00120,A00158,A00158,1,Silver Creek Staffing,www.silvercreekstaffing.com,Staffing,2250 Oak Drive,Nashville,TN,37200,+13536101241,
AG00121,A00159,A00159,1,Sterling Software Corp,www.sterlingsoftware.com,Software,8834 Elm Boulevard,Atlanta,GA,30310,+12972030316,
AG00122,A00160,A00160 A00009,2,Harbor Point Staffig,www.harborpointstaffing.com,Staffing,5963 Washington Road,Denver,CO,80273,+16454902059,phone<-A00009
AG00123,A00161,A00161,1,Granite Landscaping LLC,www.granitelandscaping.com,Landscaping,44 Maple Avenue,Columbus,OH,43292,+14237947987,
AG00124,A00162,A00162,1,Sterling Legal Services Corp,,Legal Services,750 Oak Drive,Portland,OR,97264,+19092720151,
AG00125,A00163,A00163,1,Lakeside Plumbing Ltd,www.lakesideplumbing.com,Plumbing,8352 Washington Drive,Boston,MA,02144,+18674873393,
AG00126,A00071,A00071 A00164 A00017,3,Redwood Analyttics Co,www.redwoodanalytics.com,Analytics,5616 Lake Road,Phoenix,AZ,85085,+18373880340,
AG00127,A00165,A00165,1,Maple Leaf Consulting Corp,www.mapleleafconsulting.com,Consulting,241 Sunset Drive,Austin,TX,78719,+15403117486,
AG00128,A00069,A00069 A00166 A00098,3,Granite Analytics,www.graniteanalytics.com,Analytics,6720 Maple Road,Denver,CO,80202,+16315256306,
AG00129,A00167,A00167,1,Northgate Consulting Co,www.northgateconsulting.com,Consulting,2681 Oak Boulevard,Columbus,OH,43222,+14827294870,
AG00130,A00065,A00065 A00115 A00168,3,Stonebridge Roofing Inc,www.stonebridgeroofing.com,Roofing,9696 Elm Road,Nashville,TN,37214,+14427780354,
AG00131,A00169,A00169 A00051,2,Blue Ridge Auto Repair LLC,www.blueridgeautorepair.com,Auto Repair,3189 Oak Road,Nashville,TN,37262,+17563443139,
