contact_id,account_id,first_name,last_name,email,phone,title,address,city,state,zip,source_system,updated_at
C00001,A00152,Grace,Walker,grace.walker@granitelandscaping.com,384-921-0267,Purchasing Agent,,,,,web_form,2023-07-31
C00002,A00128,Deborah,Thomas,deborah.thomas@silvercreekanalytics.com,282-615-2724,Owner,,,,,web_form,2022-12-06
C00003,A00065,Patricia,Patel,patricia.patel@beacondesign.com,+1 734 489 0146,Owner,,,,,billing,2024-04-02
C00004,A00030,Jennifer,Thompson,jthompson@ironwoodlandscaping.com,688-342-3318,VP Sales,,,,,erp,2022-01-03
C00005,A00145,Katherine,Johnson,katherine.johnson@pioneerbakery.com,+1 265 746 3413,Engineer,,,,,erp,2023-04-26
C00006,A00116,Yuki,Moore,yuki.moore@beaconlegalservices.com,6437064443,CFO,,,,,erp,2024-11-15
C00007,A00157,Luis,Lee,luis.lee@keystonebakery.com,3916786383,Office Manager,,,,,crm,2022-04-12
C00008,A00111,Elizabeth,Lee,,,Purchasing Agent,,,,,trade_show,2024-02-27
C00009,A00090,Kevin,Rodriguez,kevin.rodriguez@atlasroofing.com,806.284.4114,Owner,7866 Maple Street,Seattle,WA,98147,trade_show,2022-06-19
C00010,A00056,Michael,Jackson,michael.jackson@harborpointbakery.com,(208) 326-3305,Office Manager,,,,,erp,2023-02-09
C00011,A00054,Patricia,Allen,patricia.allen@ironwoodautorepair.com,(753) 886-7543,Engineer,,,,,crm,2025-07-12
C00012,A00090,David,Davis,david.davis@atlasroofing.com,+1 477 821 2245,Engineer,3215 Lake Road,Atlanta,GA,30317,billing,2022-11-02
C00013,A00108,Susan,Lopez,susan.lopez@atlasstaffing.com,415.436.8710,Office Manager,,,,,crm,2022-11-02
C00014,A00001,Patricia,White,patricia.white@oakmontdental.com,281.787.2370,Engineer,,,,,billing,2025-08-16
C00015,A00161,Patricia,Kim,patricia.kim@blueridgeelectric.com,+1 222 629 9381,VP Sales,,,,,web_form,2024-11-23
C00016,A00070,Elizabeth,Lee,elizabeth.lee@keystonedental.com,+1 667 802 6357,Purchasing Agent,,,,,web_form,2023-02-20
C00017,A00014,Grace,Kim,grace.kim@atlasbakery.com,+1 821 276 9073,Office Manager,,,,,billing,2022-01-28
C00018,A00145,Bob,Brown,bob.brown@pioneerbakery.com,361.947.5960,Director of Operations,,,,,billing,2026-05-26
C00019,A00007,Susan,Martin,susan.martin@lakesidedesign.com,476-340-3299,Owner,,,,,web_form,2022-01-15
C00020,A00128,Sarah,Williams,sarah.williams@silvercreekanalytics.com,325-314-3263,Office Manager,,,,,trade_show,2025-06-10
C00021,A00090,David,Davis,david.davis.jr@atlasroofing.com,9644371638,Engineer,3215 Lake Road,Atlanta,GA,30317,billing,2022-11-02
C00022,A00152,Grace,Lewis,,,Purchasing Agent,,,,,web_form,2025-06-24
C00023,,Luis,Nguyen,luisnguyen0043@gmail.com,,Owner,,,,,billing,2025-06-03
C00024,A00158,Martinez,Dniel,,(587) 959-5242,Office Manager,,,,,erp,2024-11-04
C00025,A00128,James,Martinez,james.martinez@silvercreekanalytics.com,961.404.9709,VP Sales,,,,,trade_show,2024-03-28
C00026,A00151,Margaret,Hall,margaret.hall@meridiandental.com,7318854480,Engineer,,,,,billing,2023-10-29
C00027,,Elizabeth,Smith,,+1 312 943 6163,Engineer,,,,,erp,2024-05-28
C00028,A00140,Luis,Thomas,luisthomas0029@gmail.com,(594) 425-8941,Director of Operations,,,,,crm,2023-07-03
C00029,,Wei,Lewis,weilewis0041@gmail.com,8292182360,Owner,,,,,billing,2023-06-25
C00030,,Marcus,Smith,,,Office Manager,,,,,web_form,2023-03-26
C00031,A00010,Nathan,Martin,nathan.martin@graniteroofing.com,599.337.2249,Owner,,,,,crm,2022-03-11
C00032,A00058,Hannah,Wilson,hannah.wilson@keystonebakery.com,(563) 493-1673,Owner,1981 Sunset Street,Nashville,TN,37221,crm,2025-01-31
C00033,A00168,Yuki,Thomas,yuki.thomas@keystonelandscaping.com,+1 910 395 1683,CFO,,,,,billing,2023-05-12
C00034,,Grace,Nguyen,gracenguyen0126@gmail.com,697-653-5963,Owner,,,,,crm,2025-10-08
C00035,A00091,Joseph,Kim,joseph.kim@meridianlogistics.com,(447) 309-6538,Owner,6788 Elm Boulevard,Columbus,OH,43246,crm,2025-09-27
C00036,A00140,Grace,Lewis,grace.lewis@granitelandscaping.com,(959) 796-7674,Purchasing Agent,,,,,billing,2022-11-12
C00037,A00158,Jenny,Walker,jenny.walker@redwoodlandscaping.com,(902) 345-4445,Director of Operations,6926 Elm Boulevard,Columbus,OH,43289,erp,2025-01-06
C00038,A00052,Hannah,Johnson,sales@beaconsoftware.com,907-604-1734,CFO,,,,,web_form,2024-03-30
C00039,A00137,Olivia,Walker,olivia.walker@keystonedesign.com,707-547-3693,Purchasing Agent,,,,,billing,2025-11-11
C00040,A00096,L.,Thomas,,(724) 783-7729,Office Manager,263 HILL ST,Boston,MA,02169,erp,2022-09-25
C00041,A00152,Luis,Thomas,luis.thomas@granitelandscaping.com,594.425.8941,Director of Operations,,,,,erp,2023-02-03
C00042,A00034,Christopher,Jackson,christopher.jackson@meridianlogistics.com,(805) 794-2977,Owner,,,,,crm,2023-06-01
C00043,A00077,Grace,Lopez,sales@summitlogistics.com,+1 919 318 9488,CFO,8687 Maple Street,Atlanta,GA,30309,erp,2023-05-06
C00044,A00149,M.,Patel,,,Owner,677 CHURCH AVE,Phoenix,AZ,85019,trade_show,2024-05-30
C00045,A00020,Deborah,White,deborah.white@harborpointsoftware.com,+1 502 575 6241,Owner,1369 Oak Drive,Columbus,OH,43205,erp,2023-11-02
C00046,A00166,Sarah,Hall,sarah.hall.jr@lakesidelandscaping.com,(790) 710-3288,Purchasing Agent,8220 Lake Road,Phoenix,AZ,85046,billing,2024-10-25
C00047,A00166,Sarah,Hall,sarah.hall@lakesidelandscaping.com,(442) 559-3502,Owner,8220 Lake Road,Phoenix,AZ,85046,billing,2024-10-25
C00048,A00137,Robert,Harris,rharris@keystonedesign.com,(603) 257-8390,Owner,3246 Sunset Street,Atlanta,GA,30317,erp,2024-03-11
C00049,A00154,Patricia,White,,,Engineer,,,,,erp,2023-04-23
C00050,A00072,Olivia,Walker,olivia.walker@lakesideplumbing.com,575-433-6035,Purchasing Agent,,,,,erp,2025-06-27
C00051,A00016,Daniel,Lee,daniel.lee@sterlingconsulting.com,7976847237,Director of Operations,3496 Elm Street,Portland,OR,97217,trade_show,2025-07-30
C00052,A00086,Anthony,Allen,support@beaconconsulting.com,,Engineer,,,,,erp,2022-11-24
C00053,A00030,Omar,Lewis,omar.lewis@ironwoodlandscaping.com,+1 452 495 4043,CFO,,,,,billing,2022-06-09
C00054,A00154,Susan,Brown,susan.brown@oakmontdental.com,8639067756,Owner,,,,,crm,2022-09-26
C00055,A00164,James,Lopez,james.lopez@brightpathanalytics.com,9447205540,CFO,,,,,trade_show,2023-10-04
C00056,A00116,Moore,Yuuki,,+1 643 706 4443,CFO,,,,,trade_show,2024-07-15
C00057,A00001,Deborah,Clark,deborah.clark@oakmontdental.com,572.828.8675,Office Manager,,,,,trade_show,2025-08-31
C00058,A00078,Christopher,Allen,christopher.allen@pioneerroofing.com,311.455.7828,VP Sales,,,,,crm,2025-11-24
C00059,A00127,Christopher,Patel,christopher.patel@beaconautorepair.com,7703323416,Engineer,,,,,erp,2022-12-09
C00060,A00132,Daniel,Jackson,daniel.jackson@cedarstaffing.com,473-341-8467,Engineer,4998 Sunset Street,Austin,TX,78757,web_form,2025-03-08
C00061,A00039,Omar,Moore,omar.moore@stonebridgeelectric.com,550.656.1320,Director of Operations,160 Hill Road,Seattle,WA,98124,erp,2022-08-01
C00062,A00012,Susan,Smith,susan.smith@ironwoodbakery.com,221-697-0189,Engineer,,,,,web_form,2024-06-25
C00063,A00138,Deborah,Johnson,deborah.johnson@oakmontroofing.com,7656511879,Purchasing Agent,,,,,erp,2025-06-07
C00064,A00058,Hannah,Wilson,hannahwilson0026@gmail.com,+1 563 493 1673,Owner,1981 SUNSET ST,Nashville,TN,37221,crm,2025-04-21
C00065,A00058,Daniel,Lewis,daniel.lewis@keystonebakery.com,547.993.1543,Owner,,,,,trade_show,2026-05-25
C00066,A00008,Deborah,Garcia,deborah.garcia@cedarelectric.com,+1 320 459 1055,VP Sales,4976 Elm Boulevard,Chicago,IL,60675,trade_show,2023-03-16
C00067,A00078,Luis,Hall,luis.hall@pioneerroofing.com,+1 350 249 8787,Engineer,,,,,trade_show,2023-10-08
C00068,,David,Martin,davidmartin0044@gmail.com,,Owner,,,,,crm,2024-09-13
C00069,A00018,Hannah,Clark,hannah.clark@stonebridgeconsulting.com,+1 424 632 1828,Engineer,,,,,crm,2024-12-28
C00070,A00049,Linda,Anderson,linda.anderson@graniteinsurance.com,994.423.0938,Purchasing Agent,6001 Oak Street,Austin,TX,78782,crm,2025-10-20
C00071,A00035,James,Lopez,james.lopez@oakmontbakery.com,+1 356 911 1084,Owner,,,,,trade_show,2023-05-31
C00072,A00001,Carlos,Lewis,carlos.lewis@oakmontdental.com,505-769-1861,Owner,3915 Hill Boulevard,Atlanta,GA,30363,billing,2023-10-03
C00073,A00136,Yuki,Anderson,support@atlaslandscaping.com,902-481-8829,Office Manager,,,,,erp,2026-06-18
C00074,A00042,Kevin,Rodriguez,kevin.rodriguez@oakmontstaffing.com,486-606-0692,Office Manager,,,,,erp,2026-07-30
C00075,A00039,Luis,Rodriguez,luis.rodriguez@stonebridgeelectric.com,(361) 214-3438,Purchasing Agent,,,,,trade_show,2023-05-01
C00076,A00128,S.,Williams,,+1 325 314 3263,Office Manager,,,,,billing,2022-06-08
C00077,A00132,Joseph,Martinez,josephmartinez0027@gmail.com,355-334-2256,VP Sales,,,,,erp,2026-06-21
C00078,A00020,Robert,Johnson,robert.johnson@harborpointsoftware.com,7322228336,Director of Operations,,,,,web_form,2025-12-31
C00079,A00030,Margaret,Hall,margarethall0025@gmail.com,(441) 789-8355,Office Manager,9632 SUNSET RD,Atlanta,GA,30320,web_form,2026-04-26
C00080,A00086,David,Patel,support@beaconconsulting.com,+1 707 462 3335,Owner,,,,,crm,2024-04-22
C00081,A00094,Robert,Brown,robert.brown@harborpointsoftware.com,659-364-4812,Engineer,,,,,web_form,2025-12-01
C00082,A00020,David,White,david.white@harborpointsoftware.com,(718) 424-5680,Owner,1369 Oak Drive,Columbus,OH,43205,erp,2023-11-02
C00083,A00104,Maria,Garcia,maria.garcia@riverbendinsurance.com,9347195403,Engineer,,,,,billing,2022-01-07
C00084,A00023,Linda,Allen,linda.allen@oakmontconsulting.com,(420) 340-0345,CFO,,,,,erp,2023-01-30
C00085,A00123,Grace,Thompson,grace.thompson@oakmontelectric.com,+1 793 748 0616,Director of Operations,1883 Cedar Avenue,Boston,MA,02101,erp,2023-06-30
C00086,A00084,Patricia,Allen,,,Engineer,,,,,billing,2025-04-24
C00087,A00071,Katherine,Martin,katherine.martin@stonebridgeplumbing.com,700-285-9421,CFO,,,,,web_form,2022-03-07
C00088,A00132,Christopher,Brown,christopher.brown@cedarstaffing.com,390-860-4989,CFO,,,,,erp,2023-03-01
C00089,A00153,Susan,Garcia,susan.garcia@summitlogistics.com,+1 585 539 7392,CFO,5229 Hill Street,Austin,TX,78757,erp,2022-12-22
C00090,A00096,Michael,Young,admin@graniteplumbing.com,7217404958,Engineer,,,,,crm,2025-10-05
C00091,A00147,Carlos,Nguyen,carlosnguyen0030@gmail.com,(792) 741-1213,Office Manager,,,,,web_form,2025-05-22
C00092,A00132,Jen,Brown,jen.brown@cedarstaffing.com,382.610.5746,Owner,,,,,crm,2024-02-05
C00093,A00063,Kevin,White,kevin.white@beaconstaffing.com,(445) 234-2104,Office Manager,,,,,trade_show,2024-03-07
C00094,A00035,Anthony,Anderson,anthony.anderson@oakmontbakery.com,782.783.4131,Director of Operations,,,,,trade_show,2024-04-12
C00095,A00136,Nathan,Williams,nathan.williams@atlaslandscaping.com,887.553.6609,VP Sales,,,,,erp,2024-11-01
C00096,A00169,Robert,Smith,robert.smith@oakmontstaffing.com,+1 329 788 0903,CFO,5953 Main Street,Portland,OR,97280,erp,2023-09-15
C00097,A00016,Richard,Wilson,richard.wilson@sterlingconsulting.com,770-370-2084,Engineer,,,,,billing,2025-11-20
C00098,,Linda,Lewis,lindalewis0042@gmail.com,276-429-1012,Purchasing Agent,,,,,web_form,2024-01-06
C00099,A00103,Kevin,Hall,kevin.hall@redwoodconsulting.com,4027682922,Owner,,,,,trade_show,2025-08-22
C00100,A00078,Joseph,Johnson,joseph.johnson@pioneerroofing.com,431-332-1719,Office Manager,,,,,erp,2026-03-08
C00101,A00132,Brown,Chirstopher,,3908604989,CFO,,,,,trade_show,2023-01-20
C00102,A00090,Katherine,Rodriguez,katherine.rodriguez@atlasroofing.com,286.372.9656,Owner,7866 Maple Street,Seattle,WA,98147,trade_show,2022-06-19
C00103,A00132,Deborah,Jackson,deborah.jackson@cedarstaffing.com,553.729.3979,Engineer,4998 Sunset Street,Austin,TX,78757,web_form,2025-03-08
C00104,A00008,D.,Garcia,,(320) 459-1055,VP Sales,4976 ELM BLVD,Chicago,IL,60675,crm,2024-08-03
C00105,A00074,William,Thomas,william.thomas@cedardental.com,327.756.1743,VP Sales,,,,,erp,2025-11-05
C00106,A00094,Robert,Brown,rbrown@harborpointsoftware.com,4016088696,Director of Operations,8199 Park Avenue,Phoenix,AZ,85000,erp,2024-03-18
C00107,,Marcus,Clark,,,CFO,,,,,erp,2023-12-07
C00108,A00070,Rodriguez,Mrgaret,,3036112177,CFO,,,,,billing,2024-01-14
C00109,A00167,Katherine,Kim,katherine.kim@oakmontinsurance.com,(618) 738-0790,Engineer,,,,,erp,2026-07-10
C00110,A00141,Omar,Moore,omar.moore@summitlandscaping.com,+1 908 470 3935,VP Sales,,,,,web_form,2026-01-15
C00111,A00034,Omar,Wilson,omar.wilson@meridianlogistics.com,532.465.0628,Engineer,8328 Main Avenue,Atlanta,GA,30355,billing,2026-02-25
C00112,A00128,Richard,Wilson,richard.wilson@silvercreekanalytics.com,+1 698 875 6551,Owner,,,,,crm,2022-05-23
C00113,A00156,Joseph,Johnson,joseph.johnson@mapleleafdental.com,433-362-2251,Office Manager,,,,,crm,2024-03-06
C00114,A00064,Elizabeth,Williams,elizabeth.williams@summitroofing.com,(779) 513-6923,Engineer,4306 Cedar Avenue,Atlanta,GA,30330,erp,2023-05-05
C00115,A00033,Kevin,Harris,kevin.harris@brightpathdental.com,557.760.8894,CFO,,,,,erp,2023-09-12
C00116,A00145,Robert,Brown,robert.brown@pioneerbakery.com,361.947.5960,Director of Operations,,,,,erp,2025-05-25
C00117,A00030,Margaret,Hall,margaret.hall@ironwoodlandscaping.com,+1 441 789 8355,Office Manager,9632 Sunset Road,Atlanta,GA,30320,erp,2022-09-05
C00118,A00058,Robert,White,robert.white@keystonebakery.com,8987531362,CFO,,,,,erp,2024-08-14
C00119,,David,White,,677.206.1876,Purchasing Agent,,,,,erp,2024-02-01
C00120,A00114,Sarah,Clark,sarah.clark@silvercreeklogistics.com,2547306742,Office Manager,,,,,crm,2023-07-18
C00121,A00101,Kevin,Young,,,Owner,,,,,trade_show,2025-01-14
C00122,A00111,Margaret,Rodriguez,margaret.rodriguez@keystonedental.com,+1 303 611 2177,CFO,,,,,trade_show,2023-09-09
C00123,A00147,Wei,Smith,wei.smith.jr@mapleleafelectric.com,+1 345 681 9621,Purchasing Agent,3409 Sunset Road,Boston,MA,02160,trade_show,2022-04-16
C00124,A00145,Clark,Nthan,,+1 532 241 4796,Director of Operations,,,,,billing,2022-12-27
C00125,A00006,Thomas,Lewis,thomas.lewis@mapleleafelectric.com,535.604.6726,Engineer,,,,,web_form,2026-02-01
C00126,A00145,Nathan,Moore,nathan.moore@pioneerbakery.com,215.954.3194,CFO,,,,,trade_show,2025-08-22
C00127,A00104,William,Walker,william.walker@riverbendinsurance.com,4082581407,Director of Operations,,,,,crm,2022-01-09
C00128,A00035,Jim,Nguyen,jim.nguyen@oakmontbakery.com,(489) 917-5118,Owner,4668 WASHINGTON DR,Boston,MA,02177,trade_show,2022-09-26
C00129,A00121,James,Young,james.young@keystonesoftware.com,697.761.9483,Office Manager,,,,,billing,2022-10-24
C00130,A00153,Thomas,Thomas,sales@summitlogistics.com,694.452.1839,Director of Operations,,,,,trade_show,2024-09-13
C00131,A00003,Luis,Miller,luis.miller@sterlingdental.com,755.765.5528,Owner,,,,,trade_show,2025-11-22
C00132,A00096,Linda,Thomas,linda.thomas@graniteplumbing.com,724.783.7729,Office Manager,263 Hill Street,Boston,MA,02169,billing,2022-01-10
C00133,A00031,Kevin,Smith,kevin.smith@cedarplumbing.com,(697) 804-9775,VP Sales,,,,,erp,2023-04-01
C00134,A00123,Linda,Taylor,linda.taylor@oakmontelectric.com,867-646-6530,CFO,310 Maple Avenue,Austin,TX,78751,web_form,2026-05-30
C00135,A00161,David,Patel,david.patel@blueridgeelectric.com,315-333-2492,Purchasing Agent,,,,,web_form,2022-02-13
C00136,A00103,Katherine,Young,katherine.young@redwoodconsulting.com,505.858.8850,Office Manager,7177 Lake Drive,Nashville,TN,37296,trade_show,2022-05-30
C00137,A00136,Aisha,Walker,aisha.walker@atlaslandscaping.com,+1 877 982 5754,Director of Operations,,,,,trade_show,2023-06-12
C00138,A00001,Joseph,Patel,joseph.patel@oakmontdental.com,7989302683,VP Sales,6157 Park Street,Boston,MA,02194,trade_show,2024-06-04
C00139,A00164,Jimmy,Lopez,jimmy.lopez@brightpathanalytics.com,9447205540,CFO,,,,,billing,2024-10-09
C00140,A00103,Thomas,Young,thomas.young@redwoodconsulting.com,+1 977 311 0454,Office Manager,7177 Lake Drive,Nashville,TN,37296,trade_show,2022-05-30
C00141,A00072,Jennifer,Johnson,jennifer.johnson@lakesideplumbing.com,(783) 444-1727,Owner,,,,,trade_show,2022-04-06
C00142,A00133,Sarah,Anderson,sarah.anderson@stonebridgeconsulting.com,(217) 778-8789,Engineer,,,,,billing,2026-07-15
C00143,A00035,Elizabeth,Lopez,elizabeth.lopez@oakmontbakery.com,829.268.1642,Engineer,8510 Hill Boulevard,Chicago,IL,60662,billing,2026-06-16
C00144,A00166,Elizabeth,Martin,elizabeth.martin@lakesidelandscaping.com,4179057760,Purchasing Agent,,,,,web_form,2022-10-22
C00145,A00099,Liz,Patel,liz.patel@harborpointdental.com,+1 785 893 6046,Owner,7953 LAKE ST,Atlanta,GA,30389,web_form,2023-10-25
C00146,A00071,James,White,james.white@stonebridgeplumbing.com,+1 244 838 4975,Owner,,,,,billing,2023-03-06
C00147,A00121,Sarah,Lewis,sarah.lewis@keystonesoftware.com,287-211-3306,CFO,,,,,erp,2024-12-28
C00148,A00057,Joseph,Lopez,joseph.lopez@keystonesoftware.com,+1 308 929 5932,Office Manager,6811 Park Boulevard,Columbus,OH,43241,billing,2022-05-07
C00149,A00008,Luis,Lopez,luis.lopez@cedarelectric.com,540-754-2432,VP Sales,,,,,crm,2023-02-03
C00150,A00004,Katherine,Kim,katherine.kim@copperhilllogistics.com,499-673-1167,VP Sales,,,,,crm,2024-01-06
C00151,A00143,Marcus,White,marcus.white@pioneerlandscaping.com,266-788-7802,Engineer,,,,,billing,2024-03-30
C00152,A00096,Jennifer,Jackson,admin@graniteplumbing.com,203-623-9117,Owner,,,,,billing,2023-08-09
C00153,A00126,Maria,Garcia,mgarcia@riverbendinsurance.com,(653) 985-1455,Office Manager,,,,,billing,2023-04-20
C00154,A00108,Thomas,Kim,thomas.kim@atlasstaffing.com,+1 610 885 8849,Director of Operations,,,,,trade_show,2022-03-09
C00155,A00114,Margaret,Hall,margaret.hall@silvercreeklogistics.com,357-380-1103,Owner,,,,,web_form,2024-09-20
C00156,A00035,Marcus,Clark,marcus.clark@oakmontbakery.com,3184167744,VP Sales,,,,,erp,2023-12-04
C00157,A00014,Patricia,Thompson,patricia.thompson@atlasbakery.com,3678724900,Engineer,,,,,billing,2026-07-07
C00158,A00149,Patricia,Wilson,patricia.wilson@lakesideplumbing.com,(654) 475-8113,Engineer,5053 Cedar Street,Atlanta,GA,30340,web_form,2022-08-08
C00159,A00116,Susan,Anderson,info@beaconlegalservices.com,240-219-5545,Office Manager,8125 Park Avenue,Boston,MA,02162,web_form,2026-06-01
C00160,A00091,Carlos,Garcia,carlos.garcia@meridianlogistics.com,470.387.8878,Director of Operations,,,,,trade_show,2022-12-20
C00161,,Linda,Lewis,lindalewis0042@gmail.com,,Purchasing Agent,,,,,crm,2026-04-07
C00162,A00116,Susan,Brown,info@beaconlegalservices.com,484-498-4127,Owner,,,,,trade_show,2024-01-02
C00163,A00016,Daniel,Lee,daniel.lee.jr@sterlingconsulting.com,+1 380 774 0220,VP Sales,3496 Elm Street,Portland,OR,97217,trade_show,2025-07-30
C00164,A00035,Elizabeth,Lopez,elizabeth.lopez.jr@oakmontbakery.com,974.418.1039,Engineer,8510 Hill Boulevard,Chicago,IL,60662,billing,2026-06-16
C00165,A00052,Aisha,Martin,sales@beaconsoftware.com,868-983-8858,Engineer,,,,,trade_show,2023-08-29
C00166,A00026,Katherine,Johnson,katherine.johnson@pioneerplumbing.com,264-409-6260,Director of Operations,,,,,billing,2024-02-13
C00167,A00157,Robert,White,,,CFO,,,,,trade_show,2023-07-17
C00168,,Luis,Nguyen,luisnguyen0043@gmail.com,813-395-5730,Owner,,,,,erp,2026-02-09
C00169,A00056,Aisha,Miller,aisha.miller@harborpointbakery.com,6217250505,Office Manager,7215 Oak Avenue,Phoenix,AZ,85021,web_form,2024-10-18
C00170,,David,White,,,Purchasing Agent,,,,,web_form,2025-05-23
C00171,A00132,Jennifer,Brown,jennifer.brown@cedarstaffing.com,382-610-5746,Owner,,,,,crm,2024-05-05
C00172,A00039,Kevin,Young,kevin.young@stonebridgeelectric.com,445-290-6335,Owner,,,,,trade_show,2023-06-08
C00173,A00037,Thomas,Young,support@atlaslandscaping.com,+1 763 644 1125,VP Sales,,,,,erp,2022-05-11
C00174,A00156,Linda,Thomas,linda.thomas@mapleleafdental.com,(598) 394-7903,Purchasing Agent,,,,,erp,2025-08-07
C00175,A00143,Grace,Walker,grace.walker@pioneerlandscaping.com,+1 580 353 4336,Engineer,,,,,billing,2022-03-15
C00176,,Marcus,Smith,,(374) 342-9602,Office Manager,,,,,billing,2022-10-31
C00177,A00132,Joseph,Martinez,joseph.martinez@cedarstaffing.com,355-334-2256,VP Sales,,,,,billing,2022-01-15
C00178,A00115,Kevin,Rodriguez,kevin.rodriguez@summitbakery.com,396-918-9890,CFO,5853 Sunset Boulevard,Phoenix,AZ,85067,trade_show,2024-08-27
C00179,A00006,Wei,Smith,wei.smith@mapleleafelectric.com,3412887486,Director of Operations,3409 Sunset Road,Boston,MA,02160,trade_show,2022-04-16
C00180,,Wei,Lewis,weilewis0041@gmail.com,,Owner,,,,,web_form,2023-12-10
C00181,A00071,Jim,White,jim.white@stonebridgeplumbing.com,244.838.4975,Owner,,,,,erp,2023-06-26
C00182,A00135,Linda,Wilson,linda.wilson@mapleleafplumbing.com,9952566368,Owner,,,,,erp,2022-06-23
C00183,A00083,Priya,Taylor,priya.taylor@falcondesign.com,(603) 828-6446,Engineer,,,,,billing,2023-08-05
C00184,A00143,James,Lopez,james.lopez@pioneerlandscaping.com,(922) 350-0483,Engineer,,,,,web_form,2025-01-22
C00185,A00145,Nathan,Clark,nathan.clark@pioneerbakery.com,532-241-4796,Director of Operations,,,,,trade_show,2023-09-21
C00186,A00158,Jennifer,Walker,jennifer.walker@redwoodlandscaping.com,+1 902 345 4445,Director of Operations,6926 Elm Boulevard,Columbus,OH,43289,trade_show,2024-05-16
C00187,A00048,Luis,Smith,luis.smith@oakmontlandscaping.com,+1 448 506 8997,Director of Operations,8886 Washington Road,Chicago,IL,60677,trade_show,2023-06-04
C00188,A00001,Carlos,Lewis,carlos.lewis.jr@oakmontdental.com,300-558-6187,VP Sales,3915 Hill Boulevard,Atlanta,GA,30363,billing,2023-10-03
C00189,A00030,Joseph,Lewis,joseph.lewis@ironwoodlandscaping.com,(393) 237-6747,Director of Operations,,,,,erp,2023-10-03
C00190,A00012,G.,Harris,,,Purchasing Agent,,,,,erp,2023-07-28
C00191,A00128,Deb,Thomas,deb.thomas@silvercreekanalytics.com,282-615-2724,Owner,,,,,crm,2025-06-08
C00192,A00083,Katherine,Hall,katherine.hall@falcondesign.com,997-666-6940,Engineer,,,,,web_form,2023-11-23
C00193,A00032,Luis,Taylor,luis.taylor@oakmontelectric.com,6999628446,CFO,310 Maple Avenue,Austin,TX,78751,web_form,2026-05-30
C00194,A00037,Luis,Johnson,luis.johnson@atlaslandscaping.com,860-690-8667,Owner,,,,,crm,2024-02-07
C00195,A00098,Richard,Martinez,richard.martinez.jr@pioneeranalytics.com,526-792-2667,VP Sales,4752 Sunset Drive,Denver,CO,80220,billing,2025-01-11
C00196,A00150,David,Williams,david.williams@riverbendplumbing.com,(230) 703-8732,Purchasing Agent,,,,,billing,2026-06-30
C00197,A00145,Priya,Moore,priya.moore@pioneerbakery.com,818.896.5111,Engineer,,,,,trade_show,2022-11-14
C00198,A00158,Daniel,Martinez,daniel.martinez@redwoodlandscaping.com,(587) 959-5242,Office Manager,,,,,erp,2024-01-18
C00199,A00012,Grace,Harris,grace.harris@ironwoodbakery.com,2735697595,Purchasing Agent,,,,,crm,2024-08-19
C00200,A00114,Aisha,Miller,aisha.miller@silvercreeklogistics.com,(414) 865-1974,Owner,,,,,erp,2026-06-30
C00201,A00026,Sarah,Anderson,sarah.anderson@pioneerplumbing.com,213.403.3860,Engineer,,,,,billing,2024-01-07
C00202,A00009,Olivia,Davis,olivia.davis@falconelectric.com,232.571.0442,Office Manager,,,,,crm,2024-02-06
C00203,A00108,Sue,Lopez,sue.lopez@atlasstaffing.com,+1 415 436 8710,Office Manager,,,,,web_form,2025-02-26
C00204,A00136,Walker,Aissha,,877-982-5754,Director of Operations,,,,,crm,2022-02-16
C00205,A00137,Robert,Harris,robert.harris@keystonedesign.com,(222) 920-6446,Engineer,,,,,trade_show,2022-03-21
C00206,A00098,Katherine,Miller,katherine.miller@pioneeranalytics.com,6392062188,Purchasing Agent,,,,,trade_show,2022-02-18
C00207,A00133,David,Jackson,david.jackson@stonebridgeconsulting.com,(947) 569-9289,Owner,2659 Oak Avenue,Austin,TX,78788,web_form,2023-12-13
C00208,A00100,Olivia,Davis,,,Office Manager,,,,,erp,2025-06-05
C00209,A00010,Aisha,Garcia,aisha.garcia@graniteroofing.com,+1 896 574 8450,Owner,5100 Cedar Boulevard,Seattle,WA,98132,web_form,2024-11-09
C00210,A00067,Luis,Miller,,,Owner,,,,,trade_show,2022-01-09
C00211,A00053,Nathan,Moore,nathan.moore@graniteautorepair.com,9477243605,Purchasing Agent,4201 Hill Road,Boston,MA,02168,web_form,2024-09-30
C00212,A00099,Anthony,Miller,anthony.miller@harborpointdental.com,(902) 864-0162,Engineer,,,,,web_form,2022-08-07
C00213,A00147,Carlos,Nguyen,carlos.nguyen@mapleleafelectric.com,(792) 741-1213,Office Manager,,,,,erp,2023-02-21
C00214,A00091,Christopher,Jackson,,,Owner,,,,,crm,2025-05-17
C00215,,Hannah,Thompson,hannahthompson0123@gmail.com,986.218.2176,CFO,,,,,billing,2025-04-01
C00216,A00012,Nathan,Jackson,nathan.jackson@ironwoodbakery.com,6826977035,Purchasing Agent,,,,,erp,2024-11-23
C00217,A00150,Priya,Williams,priya.williams@riverbendplumbing.com,(426) 993-7242,Director of Operations,,,,,trade_show,2026-02-21
C00218,A00055,Luis,Lopez,luis.lopez@keystonedesign.com,+1 764 251 9382,Director of Operations,,,,,trade_show,2024-09-24
C00219,A00099,Elizabeth,Patel,elizabeth.patel@harborpointdental.com,785.893.6046,Owner,7953 Lake Street,Atlanta,GA,30389,billing,2026-01-02
C00220,A00159,Linda,Anderson,linda.anderson.jr@graniteinsurance.com,(578) 909-6131,Engineer,6001 Oak Street,Austin,TX,78782,crm,2025-10-20
C00221,A00064,Katherine,White,katherine.white@summitroofing.com,+1 283 889 2031,Office Manager,,,,,crm,2022-07-17
C00222,A00098,Richard,Martinez,richard.martinez@pioneeranalytics.com,+1 519 703 7276,Purchasing Agent,4752 Sunset Drive,Denver,CO,80220,billing,2025-01-11
C00223,A00030,Jennifer,Thompson,jennifer.thompson@ironwoodlandscaping.com,971.646.9222,Director of Operations,,,,,billing,2022-10-23
C00224,A00133,Daniel,Jackson,daniel.jackson@stonebridgeconsulting.com,(633) 626-4670,Owner,2659 Oak Avenue,Austin,TX,78788,web_form,2023-12-13
C00225,A00128,Martinez,Jaems,,961.404.9709,VP Sales,,,,,trade_show,2025-10-31
C00226,A00035,James,Nguyen,james.nguyen@oakmontbakery.com,489.917.5118,Owner,4668 Washington Drive,Boston,MA,02177,crm,2023-07-28
C00227,A00079,Joseph,Kim,joseph.kim@oakmontlandscaping.com,+1 874 918 6875,VP Sales,,,,,trade_show,2024-10-15
C00228,A00079,Luis,Smith,,,Director of Operations,8886 Washington Road,Chicago,IL,60677,crm,2023-10-20
C00229,,Marcus,Clark,,+1 295 647 4861,CFO,,,,,web_form,2024-12-09
C00230,A00132,Wei,Lee,wei.lee@cedarstaffing.com,639.775.5491,Owner,6214 Main Drive,Columbus,OH,43228,erp,2025-04-09
C00231,,Elizabeth,Smith,,,Engineer,,,,,web_form,2026-01-18
C00232,A00126,Marcus,Hall,marcus.hall@riverbendinsurance.com,929-500-1092,Office Manager,,,,,erp,2024-01-23
C00233,A00167,Richard,Nguyen,richard.nguyen@oakmontinsurance.com,(229) 631-7347,Office Manager,,,,,erp,2025-09-04
C00234,A00071,Kate,Martin,kate.martin@stonebridgeplumbing.com,7002859421,CFO,,,,,erp,2025-04-03
C00235,A00109,Thomas,Rodriguez,thomas.rodriguez@beaconconsulting.com,(764) 564-0241,Engineer,,,,,web_form,2024-12-11
C00236,A00099,Susan,Thompson,susan.thompson@harborpointdental.com,203-621-0027,Purchasing Agent,,,,,crm,2022-12-01
C00237,A00012,Susan,Smith,susansmith0028@gmail.com,(221) 697-0189,Engineer,,,,,billing,2025-11-08
C00238,A00035,Lopez,Jams,,+1 356 911 1084,Owner,,,,,erp,2023-01-15
C00239,A00063,Nathan,Moore,nathan.moore@beaconstaffing.com,535-451-7822,Director of Operations,,,,,erp,2025-06-07
C00240,A00149,Michael,Patel,michael.patel@lakesideplumbing.com,394-799-5320,Owner,677 Church Avenue,Phoenix,AZ,85019,billing,2023-11-25
C00241,A00030,J.,Lewis,,3932376747,Director of Operations,,,,,crm,2024-11-17
C00242,A00119,Omar,Lee,omar.lee@redwoodbakery.com,4968127323,CFO,3927 Hill Drive,Denver,CO,80299,erp,2024-12-26
C00243,A00044,Grace,Thompson,grace.thompson@beaconstaffing.com,+1 302 265 7682,Engineer,,,,,crm,2023-04-19
C00244,,David,Martin,davidmartin0044@gmail.com,329-739-3906,Owner,,,,,crm,2025-02-02
