golden_id,value,example_as_entered,is_primary,source_systems,record_ids,latest_update
A00002,+12615556861,(261) 555-6861,True,erp,A00002,2022-02-11
A00004,+13204892170,320.489.2170,True,crm,A00004,2022-03-30
A00007,+13372465417,(337) 246-5417,True,trade_show,A00007,2026-03-17
A00008,+14413779193,+1 441 377 9193,True,web_form,A00008,2026-07-25
A00012,+18092387958,809.238.7958,True,web_form,A00012,2024-01-04
A00014,+14057660606,405.766.0606,True,trade_show,A00014,2025-04-23
A00016,+14073751006,(407) 375-1006,True,trade_show,A00016,2022-08-24
A00018,+17795065497,+1 779 506 5497,True,web_form,A00018,2023-07-11
A00019,+15876147900,+1 587 614 7900,True,web_form,A00019,2022-01-31
A00020,+14895885362,(489) 588-5362,True,trade_show,A00020,2023-09-11
A00023,+19105941989,(910) 594-1989,True,web_form,A00023,2024-03-15
A00024,+14557144373,455-714-4373,True,erp,A00024,2023-07-14
A00026,+12353936404,235.393.6404,True,billing,A00026,2023-06-20
A00027,+16183741240,(618) 374-1240,True,trade_show,A00027,2023-08-26
A00028,+14665111184,466.511.1184,True,trade_show,A00028,2022-09-22
A00030,+12885492342,288.549.2342,True,web_form,A00030,2024-02-06
A00031,+16176602156,617.660.2156,True,web_form,A00031,2023-06-17
A00033,+12498891860,249.889.1860,True,erp,A00033,2023-05-28
A00035,+13192668237,+1 319 266 8237,True,crm,A00035,2023-02-10
A00036,+18689752300,868-975-2300,True,web_form,A00036,2024-09-11
A00025,+16877741246,6877741246,True,web_form,A00025 A00038,2024-07-09
A00040,+16867759609,+1 686 775 9609,True,billing,A00040,2022-11-10
A00041,+13555662024,(355) 566-2024,True,crm,A00041,2024-04-08
A00042,+15354091694,535-409-1694,True,web_form,A00042,2024-10-01
A00043,+12299628018,(229) 962-8018,True,billing,A00043,2022-11-10
A00015,+18039621212,803.962.1212,True,billing;web_form,A00015 A00017 A00045,2026-07-28
A00049,+12889153420,288.915.3420,True,crm,A00049,2024-10-21
A00051,+14947581586,(494) 758-1586,True,trade_show,A00051,2024-03-06
A00052,+13853213430,3853213430,True,crm,A00052,2025-08-16
A00056,+15748947204,574-894-7204,True,crm,A00056,2023-07-02
A00057,+16713727150,671.372.7150,True,crm,A00057,2026-03-04
A00059,+18663446406,(866) 344-6406,True,erp;crm,A00059 A00046,2024-12-21
A00060,+18834874058,8834874058,True,erp,A00060,2022-10-14
A00061,+14913593917,4913593917,True,crm,A00061,2026-08-04
A00062,+17552929143,755-292-9143,True,trade_show,A00062,2022-07-22
A00044,+17703095742,(770) 309-5742,True,erp;trade_show,A00044 A00063,2024-01-19
A00064,+12239496362,223-949-6362,True,erp,A00064,2024-06-29
A00065,+14939167877,+1 493 916 7877,True,erp,A00065,2023-08-21
A00066,+18134690812,+1 813 469 0812,True,crm,A00066,2026-02-05
A00003,+17045227833,+1 704 522 7833,True,erp;crm,A00003 A00067,2024-01-06
A00068,+14646314648,+1 464 631 4648,True,erp,A00068,2022-02-11
A00010,+16253077318,+1 625 307 7318,True,erp;trade_show,A00010 A00069,2025-07-06
A00071,+15886670833,588-667-0833,True,web_form,A00071,2022-09-13
A00072,+17215806629,721.580.6629,True,erp,A00072,2025-05-19
A00073,+19207755422,9207755422,True,billing,A00073,2023-05-01
A00074,+13613219853,361-321-9853,True,erp;crm,A00074 A00021,2023-05-04
A00078,+14605121821,+1 460 512 1821,True,crm,A00078,2022-02-14
A00079,+19708266045,970.826.6045,True,web_form;trade_show,A00079 A00048,2025-03-06
A00080,+14465961915,4465961915,True,billing,A00080,2025-09-06
A00081,+18982031172,+1 898 203 1172,True,billing,A00081,2024-08-08
A00005,+15703121309,570-312-1309,True,erp;billing,A00005 A00047 A00083,2026-02-23
A00084,+18615336741,8615336741,True,crm,A00054,2025-07-05
A00011,+15148880384,514-888-0384,True,web_form,A00011 A00085,2023-11-02
A00086,+14424577501,4424577501,True,trade_show,A00086,2025-04-13
A00087,+15113995751,5113995751,True,erp,A00087,2024-12-18
A00088,+14692650126,(469) 265-0126,True,erp,A00088,2024-08-09
A00089,+15683842770,568.384.2770,True,trade_show,A00089,2022-07-22
A00090,+15143432279,(514) 343-2279,True,billing,A00090,2022-03-20
A00091,+14779186866,(477) 918-6866,True,erp,A00091 A00034,2025-06-21
A00092,+16129291088,6129291088,True,erp,A00092,2025-03-02
A00094,+16667665969,6667665969,True,billing,A00094,2025-01-15
A00095,+16437792320,(643) 779-2320,True,web_form,A00095,2025-09-17
A00096,+12062875838,206-287-5838,True,billing,A00096,2023-04-17
A00097,+16728126639,672-812-6639,True,trade_show,A00097,2024-03-06
A00098,+15265695086,+1 526 569 5086,True,web_form,A00098,2023-01-20
A00099,+14165818885,(416) 581-8885,True,billing,A00099,2025-11-17
A00009,+16283197391,628.319.7391,True,billing;crm,A00009 A00100,2026-01-27
A00102,+13046265223,(304) 626-5223,True,crm,A00102,2026-03-08
A00103,+12842188621,(284) 218-8621,True,billing,A00103,2023-06-23
A00105,+17858596808,7858596808,True,crm,A00105,2026-03-08
A00106,+15045834677,(504) 583-4677,True,erp,A00106,2024-06-17
A00101,+15544681393,554-468-1393,True,erp;billing;crm,A00101 A00107 A00039,2025-05-09
A00076,+16215347714,+1 621 534 7714,True,billing;crm,A00076 A00108,2026-06-14
A00109,+13483727354,348.372.7354,True,trade_show,A00109,2025-04-13
A00110,+12099646732,209.964.6732,True,billing,A00110,2024-08-08
A00111,+17336180703,733.618.0703,True,billing;web_form,A00111 A00070,2025-04-24
A00112,+19289322622,928.932.2622,True,crm,A00112,2024-10-04
A00113,+18014516200,(801) 451-6200,True,billing,A00113,2025-01-15
A00114,+13043924907,3043924907,True,trade_show,A00114,2023-05-23
A00115,+14283417841,428-341-7841,True,billing,A00115,2022-12-17
A00116,+14737182813,(473) 718-2813,True,web_form,A00116,2022-12-17
A00117,+19448783394,944-878-3394,True,crm,A00117,2023-07-17
A00119,+12456391109,245.639.1109,True,erp,A00119,2025-05-04
A00120,+13467809931,(346) 780-9931,True,trade_show,A00120,2024-08-07
A00093,+13607299412,360.729.9412,True,erp;billing,A00093 A00122,2026-08-03
A00032,+18488276816,(848) 827-6816,True,billing,A00032 A00123,2025-10-22
A00029,+17025311762,(702) 531-1762,True,billing;crm;web_form,A00029 A00124 A00118,2025-09-04
A00125,+13818397762,3818397762,True,web_form,A00125,2024-11-18
A00126,+12065438038,2065438038,True,crm;web_form,A00126 A00104,2024-10-22
A00127,+16307550883,(630) 755-0883,True,crm,A00127,2022-07-30
A00128,+16534445897,653-444-5897,True,trade_show,A00128,2022-03-21
A00129,+18717467473,871.746.7473,True,billing,A00129,2023-04-17
A00130,+14157350503,+1 415 735 0503,True,billing,A00130 A00082,2023-03-28
A00131,+12564222922,256-422-2922,True,crm,A00131,2023-07-17
A00132,+14232797490,(423) 279-7490,True,erp,A00132,2024-09-22
A00134,+13618847381,(361) 884-7381,True,erp,A00134,2024-08-09
A00136,+17937513272,793.751.3272,True,trade_show,A00136 A00037,2026-06-03
A00055,+17226659415,7226659415,True,billing,A00055,2022-12-07
A00138,+12207436659,2207436659,True,erp,A00138,2024-12-25
A00139,+17936869945,(793) 686-9945,True,crm,A00139,2026-08-04
A00141,+17105949798,+1 710 594 9798,True,erp,A00141,2023-10-25
A00053,+16448395983,(644) 839-5983,True,crm,A00053,2022-02-11
A00143,+14847939314,(484) 793-9314,True,trade_show,A00143,2025-12-05
A00144,+17974093463,(797) 409-3463,True,web_form,A00144,2024-09-11
A00145,+17937494450,793.749.4450,True,crm,A00145,2022-05-17
A00146,+16195273992,619.527.3992,True,billing;web_form,A00146 A00135,2025-08-09
A00006,+12405515546,(240) 551-5546,True,web_form;trade_show,A00006 A00147,2025-08-25
A00148,+17097293206,(709) 729-3206,True,erp;web_form,A00148 A00022,2026-03-22
A00149,+18102309674,(810) 230-9674,True,erp,A00149,2025-05-19
A00151,+14723243899,4723243899,True,billing,A00151,2022-03-27
A00152,+19793924667,979-392-4667,True,crm;web_form,A00152 A00140,2026-06-19
A00153,+17694422572,769.442.2572,True,erp;crm,A00153 A00075 A00077,2026-04-16
A00154,+12539481118,253.948.1118,True,erp;web_form,A00154 A00001,2026-01-09
A00155,+15003681844,500.368.1844,True,billing,A00155,2025-09-06
A00156,+13454037131,345.403.7131,True,web_form,A00156,2026-08-14
A00157,+12577951338,(257) 795-1338,True,billing;web_form,A00157 A00058,2023-07-25
A00158,+13197804139,319.780.4139,True,billing,A00158,2026-03-24
A00160,+12947362108,2947362108,True,billing,A00160,2023-06-27
A00050,+12494503503,+1 249 450 3503,True,web_form;trade_show,A00050 A00161,2025-04-21
A00013,+16559117020,655.911.7020,True,billing,A00013,2024-08-01
A00163,+16206700250,620.670.0250,True,trade_show,A00163,2022-09-22
A00164,+19549260360,+1 954 926 0360,True,web_form,A00164,2026-02-11
A00165,+12416068153,(241) 606-8153,True,web_form,A00165,2022-11-16
A00166,+14977683175,497.768.3175,True,billing,A00166,2022-10-12
A00167,+12695281662,269-528-1662,True,trade_show,A00167,2022-03-15
A00168,+19985241986,9985241986,True,erp,A00168,2025-01-01
