golden_id,master_id,member_ids,member_count,first_name,last_name,title,address,city,state,zip,golden_account_id,primary_email,primary_phone,filled_from
CG00001,C00001,C00001,1,Grace,Walker,Purchasing Agent,,,,,AG00114,grace.walker@granitelandscaping.com,+13849210267,
CG00002,C00003,C00003,1,Patricia,Patel,Owner,,,,,AG00038,patricia.patel@beacondesign.com,+17344890146,
CG00003,C00004,C00004,1,Jennifer,Thompson,VP Sales,,,,,AG00016,jthompson@ironwoodlandscaping.com,+16883423318,
CG00004,C00005,C00005,1,Katherine,Johnson,Engineer,,,,,AG00107,katherine.johnson@pioneerbakery.com,+12657463413,
CG00005,C00007,C00007,1,Luis,Lee,Office Manager,,,,,AG00119,luis.lee@keystonebakery.com,+13916786383,
CG00006,C00009,C00009,1,Kevin,Rodriguez,Owner,7866 Maple Street,Seattle,WA,98147,AG00058,kevin.rodriguez@atlasroofing.com,+18062844114,
CG00007,C00010,C00010,1,Michael,Jackson,Office Manager,,,,,AG00030,michael.jackson@harborpointbakery.com,+12083263305,
CG00008,C00012,C00012,1,David,Davis,Engineer,3215 Lake Road,Atlanta,GA,30317,AG00058,david.davis@atlasroofing.com,+14778212245,
CG00009,C00015,C00015,1,Patricia,Kim,VP Sales,,,,,AG00123,patricia.kim@blueridgeelectric.com,+12226299381,
CG00010,C00016,C00016 C00008,2,Elizabeth,Lee,Purchasing Agent,,,,,AG00076,elizabeth.lee@keystonedental.com,+16678026357,
CG00011,C00017,C00017,1,Grace,Kim,Office Manager,,,,,AG00006,grace.kim@atlasbakery.com,+18212769073,
CG00012,C00019,C00019,1,Susan,Martin,Owner,,,,,AG00003,susan.martin@lakesidedesign.com,+14763403299,
CG00013,C00021,C00021,1,David,Davis,Engineer,3215 Lake Road,Atlanta,GA,30317,AG00058,david.davis.jr@atlasroofing.com,+19644371638,
CG00014,C00026,C00026,1,Margaret,Hall,Engineer,,,,,AG00113,margaret.hall@meridiandental.com,+17318854480,
CG00015,C00027,C00027,1,Elizabeth,Smith,Engineer,,,,,,,+13129436163,
CG00016,C00030,C00030,1,Marcus,Smith,Office Manager,,,,,,,,
CG00017,C00031,C00031,1,Nathan,Martin,Owner,,,,,AG00042,nathan.martin@graniteroofing.com,+15993372249,
CG00018,C00033,C00033,1,Yuki,Thomas,CFO,,,,,AG00130,yuki.thomas@keystonelandscaping.com,+19103951683,
CG00019,C00034,C00034,1,Grace,Nguyen,Owner,,,,,,gracenguyen0126@gmail.com,+16976535963,
CG00020,C00035,C00035,1,Joseph,Kim,Owner,6788 Elm Boulevard,Columbus,OH,43246,AG00059,joseph.kim@meridianlogistics.com,+14473096538,
CG00021,C00036,C00036 C00022,2,Grace,Lewis,Purchasing Agent,,,,,AG00114,grace.lewis@granitelandscaping.com,+19597967674,
CG00022,C00038,C00038,1,Hannah,Johnson,CFO,,,,,AG00029,sales@beaconsoftware.com,+19076041734,
CG00023,C00039,C00039,1,Olivia,Walker,Purchasing Agent,,,,,AG00100,olivia.walker@keystonedesign.com,+17075473693,
CG00024,C00041,C00041 C00028,2,Luis,Thomas,Director of Operations,,,,,AG00114,luis.thomas@granitelandscaping.com,+15944258941,
CG00025,C00043,C00043,1,Grace,Lopez,CFO,8687 Maple Street,Atlanta,GA,30309,AG00115,sales@summitlogistics.com,+19193189488,
CG00026,C00045,C00045,1,Deborah,White,Owner,1369 Oak Drive,Columbus,OH,43205,AG00010,deborah.white@harborpointsoftware.com,+15025756241,
CG00027,C00046,C00046,1,Sarah,Hall,Purchasing Agent,8220 Lake Road,Phoenix,AZ,85046,AG00128,sarah.hall.jr@lakesidelandscaping.com,+17907103288,
CG00028,C00047,C00047,1,Sarah,Hall,Owner,8220 Lake Road,Phoenix,AZ,85046,AG00128,sarah.hall@lakesidelandscaping.com,+14425593502,
CG00029,C00048,C00048,1,Robert,Harris,Owner,3246 Sunset Street,Atlanta,GA,30317,AG00100,rharris@keystonedesign.com,+16032578390,
CG00030,C00049,C00049 C00014,2,Patricia,White,Engineer,,,,,AG00116,patricia.white@oakmontdental.com,+12817872370,email<-C00014; phone<-C00014
CG00031,C00050,C00050,1,Olivia,Walker,Purchasing Agent,,,,,AG00044,olivia.walker@lakesideplumbing.com,+15754336035,
CG00032,C00051,C00051,1,Daniel,Lee,Director of Operations,3496 Elm Street,Portland,OR,97217,AG00007,daniel.lee@sterlingconsulting.com,+17976847237,
CG00033,C00052,C00052,1,Anthony,Allen,Engineer,,,,,AG00054,support@beaconconsulting.com,,
CG00034,C00053,C00053,1,Omar,Lewis,CFO,,,,,AG00016,omar.lewis@ironwoodlandscaping.com,+14524954043,
CG00035,C00054,C00054,1,Susan,Brown,Owner,,,,,AG00116,susan.brown@oakmontdental.com,+18639067756,
CG00036,C00006,C00006 C00056,2,Yuki,Moore,CFO,,,,,AG00081,yuki.moore@beaconlegalservices.com,+16437064443,
CG00037,C00057,C00057,1,Deborah,Clark,Office Manager,,,,,AG00116,deborah.clark@oakmontdental.com,+15728288675,
CG00038,C00058,C00058,1,Christopher,Allen,VP Sales,,,,,AG00047,christopher.allen@pioneerroofing.com,+13114557828,
CG00039,C00059,C00059,1,Christopher,Patel,Engineer,,,,,AG00091,christopher.patel@beaconautorepair.com,+17703323416,
CG00040,C00060,C00060,1,Daniel,Jackson,Engineer,4998 Sunset Street,Austin,TX,78757,AG00096,daniel.jackson@cedarstaffing.com,+14733418467,
CG00041,C00061,C00061,1,Omar,Moore,Director of Operations,160 Hill Road,Seattle,WA,98124,AG00072,omar.moore@stonebridgeelectric.com,+15506561320,
CG00042,C00063,C00063,1,Deborah,Johnson,Purchasing Agent,,,,,AG00101,deborah.johnson@oakmontroofing.com,+17656511879,
CG00043,C00064,C00064 C00032,2,Hannah,Wilson,Owner,1981 SUNSET ST,Nashville,TN,37221,AG00119,hannahwilson0026@gmail.com,+15634931673,
CG00044,C00065,C00065,1,Daniel,Lewis,Owner,,,,,AG00119,daniel.lewis@keystonebakery.com,+15479931543,
CG00045,C00067,C00067,1,Luis,Hall,Engineer,,,,,AG00047,luis.hall@pioneerroofing.com,+13502498787,
CG00046,C00069,C00069,1,Hannah,Clark,Engineer,,,,,AG00008,hannah.clark@stonebridgeconsulting.com,+14246321828,
CG00047,C00070,C00070,1,Linda,Anderson,Purchasing Agent,6001 Oak Street,Austin,TX,78782,AG00027,linda.anderson@graniteinsurance.com,+19944230938,
CG00048,C00072,C00072,1,Carlos,Lewis,Owner,3915 Hill Boulevard,Atlanta,GA,30363,AG00116,carlos.lewis@oakmontdental.com,+15057691861,
CG00049,C00073,C00073,1,Yuki,Anderson,Office Manager,,,,,AG00099,support@atlaslandscaping.com,+19024818829,
CG00050,C00074,C00074,1,Kevin,Rodriguez,Office Manager,,,,,AG00024,kevin.rodriguez@oakmontstaffing.com,+14866060692,
CG00051,C00075,C00075,1,Luis,Rodriguez,Purchasing Agent,,,,,AG00072,luis.rodriguez@stonebridgeelectric.com,+13612143438,
CG00052,C00076,C00076 C00020,2,S.,Williams,Office Manager,,,,,AG00092,sarah.williams@silvercreekanalytics.com,+13253143263,email<-C00020
CG00053,C00078,C00078,1,Robert,Johnson,Director of Operations,,,,,AG00010,robert.johnson@harborpointsoftware.com,+17322228336,
CG00054,C00080,C00080,1,David,Patel,Owner,,,,,AG00054,support@beaconconsulting.com,+17074623335,
CG00055,C00081,C00081,1,Robert,Brown,Engineer,,,,,AG00061,robert.brown@harborpointsoftware.com,+16593644812,
CG00056,C00082,C00082,1,David,White,Owner,1369 Oak Drive,Columbus,OH,43205,AG00010,david.white@harborpointsoftware.com,+17184245680,
CG00057,C00083,C00083,1,Maria,Garcia,Engineer,,,,,AG00090,maria.garcia@riverbendinsurance.com,+19347195403,
CG00058,C00084,C00084,1,Linda,Allen,CFO,,,,,AG00011,linda.allen@oakmontconsulting.com,+14203400345,
CG00059,C00085,C00085,1,Grace,Thompson,Director of Operations,1883 Cedar Avenue,Boston,MA,02101,AG00087,grace.thompson@oakmontelectric.com,+17937480616,
CG00060,C00086,C00086 C00011,2,Patricia,Allen,Engineer,,,,,AG00052,patricia.allen@ironwoodautorepair.com,+17538867543,email<-C00011; phone<-C00011
CG00061,C00089,C00089,1,Susan,Garcia,CFO,5229 Hill Street,Austin,TX,78757,AG00115,susan.garcia@summitlogistics.com,+15855397392,
CG00062,C00090,C00090,1,Michael,Young,Engineer,,,,,AG00063,admin@graniteplumbing.com,+17217404958,
CG00063,C00093,C00093,1,Kevin,White,Office Manager,,,,,AG00036,kevin.white@beaconstaffing.com,+14452342104,
CG00064,C00094,C00094,1,Anthony,Anderson,Director of Operations,,,,,AG00019,anthony.anderson@oakmontbakery.com,+17827834131,
CG00065,C00095,C00095,1,Nathan,Williams,VP Sales,,,,,AG00099,nathan.williams@atlaslandscaping.com,+18875536609,
CG00066,C00096,C00096,1,Robert,Smith,CFO,5953 Main Street,Portland,OR,97280,AG00131,robert.smith@oakmontstaffing.com,+13297880903,
CG00067,C00097,C00097,1,Richard,Wilson,Engineer,,,,,AG00007,richard.wilson@sterlingconsulting.com,+17703702084,
CG00068,C00099,C00099,1,Kevin,Hall,Owner,,,,,AG00069,kevin.hall@redwoodconsulting.com,+14027682922,
CG00069,C00100,C00100,1,Joseph,Johnson,Office Manager,,,,,AG00047,joseph.johnson@pioneerroofing.com,+14313321719,
CG00070,C00088,C00088 C00101,2,Christopher,Brown,CFO,,,,,AG00096,christopher.brown@cedarstaffing.com,+13908604989,
CG00071,C00102,C00102,1,Katherine,Rodriguez,Owner,7866 Maple Street,Seattle,WA,98147,AG00058,katherine.rodriguez@atlasroofing.com,+12863729656,
CG00072,C00103,C00103,1,Deborah,Jackson,Engineer,4998 Sunset Street,Austin,TX,78757,AG00096,deborah.jackson@cedarstaffing.com,+15537293979,
CG00073,C00104,C00104 C00066,2,D.,Garcia,VP Sales,4976 ELM BLVD,Chicago,IL,60675,AG00004,deborah.garcia@cedarelectric.com,+13204591055,email<-C00066
CG00074,C00105,C00105,1,William,Thomas,VP Sales,,,,,AG00046,william.thomas@cedardental.com,+13277561743,
CG00075,C00106,C00106,1,Robert,Brown,Director of Operations,8199 Park Avenue,Phoenix,AZ,85000,AG00061,rbrown@harborpointsoftware.com,+14016088696,
CG00076,C00107,C00107,1,Marcus,Clark,CFO,,,,,,,,
CG00077,C00109,C00109,1,Katherine,Kim,Engineer,,,,,AG00129,katherine.kim@oakmontinsurance.com,+16187380790,
CG00078,C00110,C00110,1,Omar,Moore,VP Sales,,,,,AG00103,omar.moore@summitlandscaping.com,+19084703935,
CG00079,C00111,C00111,1,Omar,Wilson,Engineer,8328 Main Avenue,Atlanta,GA,30355,AG00059,omar.wilson@meridianlogistics.com,+15324650628,
CG00080,C00112,C00112,1,Richard,Wilson,Owner,,,,,AG00092,richard.wilson@silvercreekanalytics.com,+16988756551,
CG00081,C00113,C00113,1,Joseph,Johnson,Office Manager,,,,,AG00118,joseph.johnson@mapleleafdental.com,+14333622251,
CG00082,C00114,C00114,1,Elizabeth,Williams,Engineer,4306 Cedar Avenue,Atlanta,GA,30330,AG00037,elizabeth.williams@summitroofing.com,+17795136923,
CG00083,C00115,C00115,1,Kevin,Harris,CFO,,,,,AG00018,kevin.harris@brightpathdental.com,+15577608894,
CG00084,C00116,C00116 C00018,2,Robert,Brown,Director of Operations,,,,,AG00107,robert.brown@pioneerbakery.com,+13619475960,
CG00085,C00117,C00117 C00079,2,Margaret,Hall,Office Manager,9632 Sunset Road,Atlanta,GA,30320,AG00016,margaret.hall@ironwoodlandscaping.com,+14417898355,
CG00086,C00119,C00119,1,David,White,Purchasing Agent,,,,,,,+16772061876,
CG00087,C00120,C00120,1,Sarah,Clark,Office Manager,,,,,AG00079,sarah.clark@silvercreeklogistics.com,+12547306742,
CG00088,C00108,C00108 C00122,2,Rodriguez,Mrgaret,CFO,,,,,AG00076,margaret.rodriguez@keystonedental.com,+13036112177,email<-C00122
CG00089,C00123,C00123,1,Wei,Smith,Purchasing Agent,3409 Sunset Road,Boston,MA,02160,AG00109,wei.smith.jr@mapleleafelectric.com,+13456819621,
CG00090,C00125,C00125,1,Thomas,Lewis,Engineer,,,,,AG00109,thomas.lewis@mapleleafelectric.com,+15356046726,
CG00091,C00126,C00126,1,Nathan,Moore,CFO,,,,,AG00107,nathan.moore@pioneerbakery.com,+12159543194,
CG00092,C00127,C00127,1,William,Walker,Director of Operations,,,,,AG00090,william.walker@riverbendinsurance.com,+14082581407,
CG00093,C00129,C00129,1,James,Young,Office Manager,,,,,AG00085,james.young@keystonesoftware.com,+16977619483,
CG00094,C00130,C00130,1,Thomas,Thomas,Director of Operations,,,,,AG00115,sales@summitlogistics.com,+16944521839,
CG00095,C00040,C00040 C00132,2,L.,Thomas,Office Manager,263 HILL ST,Boston,MA,02169,AG00063,linda.thomas@graniteplumbing.com,+17247837729,email<-C00132
CG00096,C00133,C00133,1,Kevin,Smith,VP Sales,,,,,AG00017,kevin.smith@cedarplumbing.com,+16978049775,
CG00097,C00134,C00134,1,Linda,Taylor,CFO,310 Maple Avenue,Austin,TX,78751,AG00087,linda.taylor@oakmontelectric.com,+18676466530,
CG00098,C00135,C00135,1,David,Patel,Purchasing Agent,,,,,AG00123,david.patel@blueridgeelectric.com,+13153332492,
CG00099,C00136,C00136,1,Katherine,Young,Office Manager,7177 Lake Drive,Nashville,TN,37296,AG00069,katherine.young@redwoodconsulting.com,+15058588850,
CG00100,C00138,C00138,1,Joseph,Patel,VP Sales,6157 Park Street,Boston,MA,02194,AG00116,joseph.patel@oakmontdental.com,+17989302683,
CG00101,C00139,C00139 C00055,2,Jimmy,Lopez,CFO,,,,,AG00126,jimmy.lopez@brightpathanalytics.com,+19447205540,
CG00102,C00140,C00140,1,Thomas,Young,Office Manager,7177 Lake Drive,Nashville,TN,37296,AG00069,thomas.young@redwoodconsulting.com,+19773110454,
CG00103,C00141,C00141,1,Jennifer,Johnson,Owner,,,,,AG00044,jennifer.johnson@lakesideplumbing.com,+17834441727,
CG00104,C00142,C00142,1,Sarah,Anderson,Engineer,,,,,AG00097,sarah.anderson@stonebridgeconsulting.com,+12177788789,
CG00105,C00143,C00143,1,Elizabeth,Lopez,Engineer,8510 Hill Boulevard,Chicago,IL,60662,AG00019,elizabeth.lopez@oakmontbakery.com,+18292681642,
CG00106,C00144,C00144,1,Elizabeth,Martin,Purchasing Agent,,,,,AG00128,elizabeth.martin@lakesidelandscaping.com,+14179057760,
CG00107,C00147,C00147,1,Sarah,Lewis,CFO,,,,,AG00085,sarah.lewis@keystonesoftware.com,+12872113306,
CG00108,C00148,C00148,1,Joseph,Lopez,Office Manager,6811 Park Boulevard,Columbus,OH,43241,AG00031,joseph.lopez@keystonesoftware.com,+13089295932,
CG00109,C00149,C00149,1,Luis,Lopez,VP Sales,,,,,AG00004,luis.lopez@cedarelectric.com,+15407542432,
CG00110,C00150,C00150,1,Katherine,Kim,VP Sales,,,,,AG00002,katherine.kim@copperhilllogistics.com,+14996731167,
CG00111,C00151,C00151,1,Marcus,White,Engineer,,,,,AG00105,marcus.white@pioneerlandscaping.com,+12667887802,
CG00112,C00152,C00152,1,Jennifer,Jackson,Owner,,,,,AG00063,admin@graniteplumbing.com,+12036239117,
CG00113,C00153,C00153,1,Maria,Garcia,Office Manager,,,,,AG00090,mgarcia@riverbendinsurance.com,+16539851455,
CG00114,C00154,C00154,1,Thomas,Kim,Director of Operations,,,,,AG00073,thomas.kim@atlasstaffing.com,+16108858849,
CG00115,C00155,C00155,1,Margaret,Hall,Owner,,,,,AG00079,margaret.hall@silvercreeklogistics.com,+13573801103,
CG00116,C00156,C00156,1,Marcus,Clark,VP Sales,,,,,AG00019,marcus.clark@oakmontbakery.com,+13184167744,
CG00117,C00157,C00157,1,Patricia,Thompson,Engineer,,,,,AG00006,patricia.thompson@atlasbakery.com,+13678724900,
CG00118,C00158,C00158,1,Patricia,Wilson,Engineer,5053 Cedar Street,Atlanta,GA,30340,AG00111,patricia.wilson@lakesideplumbing.com,+16544758113,
CG00119,C00159,C00159,1,Susan,Anderson,Office Manager,8125 Park Avenue,Boston,MA,02162,AG00081,info@beaconlegalservices.com,+12402195545,
CG00120,C00160,C00160,1,Carlos,Garcia,Director of Operations,,,,,AG00059,carlos.garcia@meridianlogistics.com,+14703878878,
CG00121,C00161,C00161 C00098,2,Linda,Lewis,Purchasing Agent,,,,,,lindalewis0042@gmail.com,+12764291012,phone<-C00098
CG00122,C00162,C00162,1,Susan,Brown,Owner,,,,,AG00081,info@beaconlegalservices.com,+14844984127,
CG00123,C00163,C00163,1,Daniel,Lee,VP Sales,3496 Elm Street,Portland,OR,97217,AG00007,daniel.lee.jr@sterlingconsulting.com,+13807740220,
CG00124,C00164,C00164,1,Elizabeth,Lopez,Engineer,8510 Hill Boulevard,Chicago,IL,60662,AG00019,elizabeth.lopez.jr@oakmontbakery.com,+19744181039,
CG00125,C00165,C00165,1,Aisha,Martin,Engineer,,,,,AG00029,sales@beaconsoftware.com,+18689838858,
CG00126,C00166,C00166,1,Katherine,Johnson,Director of Operations,,,,,AG00013,katherine.johnson@pioneerplumbing.com,+12644096260,
CG00127,C00118,C00118 C00167,2,Robert,White,CFO,,,,,AG00119,robert.white@keystonebakery.com,+18987531362,
CG00128,C00168,C00168 C00023,2,Luis,Nguyen,Owner,,,,,,luisnguyen0043@gmail.com,+18133955730,
CG00129,C00169,C00169,1,Aisha,Miller,Office Manager,7215 Oak Avenue,Phoenix,AZ,85021,AG00030,aisha.miller@harborpointbakery.com,+16217250505,
CG00130,C00170,C00170,1,David,White,Purchasing Agent,,,,,,,,
CG00131,C00171,C00171 C00092,2,Jennifer,Brown,Owner,,,,,AG00096,jennifer.brown@cedarstaffing.com,+13826105746,
CG00132,C00121,C00121 C00172,2,Kevin,Young,Owner,,,,,AG00072,kevin.young@stonebridgeelectric.com,+14452906335,email<-C00172; phone<-C00172
CG00133,C00173,C00173,1,Thomas,Young,VP Sales,,,,,AG00099,support@atlaslandscaping.com,+17636441125,
CG00134,C00174,C00174,1,Linda,Thomas,Purchasing Agent,,,,,AG00118,linda.thomas@mapleleafdental.com,+15983947903,
CG00135,C00175,C00175,1,Grace,Walker,Engineer,,,,,AG00105,grace.walker@pioneerlandscaping.com,+15803534336,
CG00136,C00176,C00176,1,Marcus,Smith,Office Manager,,,,,,,+13743429602,
CG00137,C00077,C00077 C00177,2,Joseph,Martinez,VP Sales,,,,,AG00096,josephmartinez0027@gmail.com,+13553342256,
CG00138,C00178,C00178,1,Kevin,Rodriguez,CFO,5853 Sunset Boulevard,Phoenix,AZ,85067,AG00080,kevin.rodriguez@summitbakery.com,+13969189890,
CG00139,C00179,C00179,1,Wei,Smith,Director of Operations,3409 Sunset Road,Boston,MA,02160,AG00109,wei.smith@mapleleafelectric.com,+13412887486,
CG00140,C00029,C00029 C00180,2,Wei,Lewis,Owner,,,,,,weilewis0041@gmail.com,+18292182360,
CG00141,C00181,C00181 C00146,2,Jim,White,Owner,,,,,AG00043,jim.white@stonebridgeplumbing.com,+12448384975,
CG00142,C00182,C00182,1,Linda,Wilson,Owner,,,,,AG00108,linda.wilson@mapleleafplumbing.com,+19952566368,
CG00143,C00183,C00183,1,Priya,Taylor,Engineer,,,,,AG00051,priya.taylor@falcondesign.com,+16038286446,
CG00144,C00184,C00184,1,James,Lopez,Engineer,,,,,AG00105,james.lopez@pioneerlandscaping.com,+19223500483,
CG00145,C00124,C00124 C00185,2,Clark,Nthan,Director of Operations,,,,,AG00107,nathan.clark@pioneerbakery.com,+15322414796,email<-C00185
CG00146,C00037,C00037 C00186,2,Jenny,Walker,Director of Operations,6926 Elm Boulevard,Columbus,OH,43289,AG00120,jenny.walker@redwoodlandscaping.com,+19023454445,
CG00147,C00188,C00188,1,Carlos,Lewis,VP Sales,3915 Hill Boulevard,Atlanta,GA,30363,AG00116,carlos.lewis.jr@oakmontdental.com,+13005586187,
CG00148,C00191,C00191 C00002,2,Deb,Thomas,Owner,,,,,AG00092,deb.thomas@silvercreekanalytics.com,+12826152724,
CG00149,C00192,C00192,1,Katherine,Hall,Engineer,,,,,AG00051,katherine.hall@falcondesign.com,+19976666940,
CG00150,C00193,C00193,1,Luis,Taylor,CFO,310 Maple Avenue,Austin,TX,78751,AG00087,luis.taylor@oakmontelectric.com,+16999628446,
CG00151,C00194,C00194,1,Luis,Johnson,Owner,,,,,AG00099,luis.johnson@atlaslandscaping.com,+18606908667,
CG00152,C00195,C00195,1,Richard,Martinez,VP Sales,4752 Sunset Drive,Denver,CO,80220,AG00065,richard.martinez.jr@pioneeranalytics.com,+15267922667,
CG00153,C00196,C00196,1,David,Williams,Purchasing Agent,,,,,AG00112,david.williams@riverbendplumbing.com,+12307038732,
CG00154,C00197,C00197,1,Priya,Moore,Engineer,,,,,AG00107,priya.moore@pioneerbakery.com,+18188965111,
CG00155,C00024,C00024 C00198,2,Martinez,Dniel,Office Manager,,,,,AG00120,daniel.martinez@redwoodlandscaping.com,+15879595242,email<-C00198
CG00156,C00190,C00190 C00199,2,G.,Harris,Purchasing Agent,,,,,AG00005,grace.harris@ironwoodbakery.com,+12735697595,email<-C00199; phone<-C00199
CG00157,C00200,C00200,1,Aisha,Miller,Owner,,,,,AG00079,aisha.miller@silvercreeklogistics.com,+14148651974,
CG00158,C00201,C00201,1,Sarah,Anderson,Engineer,,,,,AG00013,sarah.anderson@pioneerplumbing.com,+12134033860,
CG00159,C00013,C00013 C00203,2,Susan,Lopez,Office Manager,,,,,AG00073,susan.lopez@atlasstaffing.com,+14154368710,
CG00160,C00204,C00204 C00137,2,Walker,Aissha,Director of Operations,,,,,AG00099,aisha.walker@atlaslandscaping.com,+18779825754,email<-C00137
CG00161,C00205,C00205,1,Robert,Harris,Engineer,,,,,AG00100,robert.harris@keystonedesign.com,+12229206446,
CG00162,C00206,C00206,1,Katherine,Miller,Purchasing Agent,,,,,AG00065,katherine.miller@pioneeranalytics.com,+16392062188,
CG00163,C00207,C00207,1,David,Jackson,Owner,2659 Oak Avenue,Austin,TX,78788,AG00097,david.jackson@stonebridgeconsulting.com,+19475699289,
CG00164,C00208,C00208 C00202,2,Olivia,Davis,Office Manager,,,,,AG00067,olivia.davis@falconelectric.com,+12325710442,email<-C00202; phone<-C00202
CG00165,C00209,C00209,1,Aisha,Garcia,Owner,5100 Cedar Boulevard,Seattle,WA,98132,AG00042,aisha.garcia@graniteroofing.com,+18965748450,
CG00166,C00131,C00131 C00210,2,Luis,Miller,Owner,,,,,AG00040,luis.miller@sterlingdental.com,+17557655528,
CG00167,C00211,C00211,1,Nathan,Moore,Purchasing Agent,4201 Hill Road,Boston,MA,02168,AG00104,nathan.moore@graniteautorepair.com,+19477243605,
CG00168,C00212,C00212,1,Anthony,Miller,Engineer,,,,,AG00066,anthony.miller@harborpointdental.com,+19028640162,
CG00169,C00213,C00213 C00091,2,Carlos,Nguyen,Office Manager,,,,,AG00109,carlos.nguyen@mapleleafelectric.com,+17927411213,
CG00170,C00214,C00214 C00042,2,Christopher,Jackson,Owner,,,,,AG00059,christopher.jackson@meridianlogistics.com,+18057942977,email<-C00042; phone<-C00042
CG00171,C00215,C00215,1,Hannah,Thompson,CFO,,,,,,hannahthompson0123@gmail.com,+19862182176,
CG00172,C00216,C00216,1,Nathan,Jackson,Purchasing Agent,,,,,AG00005,nathan.jackson@ironwoodbakery.com,+16826977035,
CG00173,C00217,C00217,1,Priya,Williams,Director of Operations,,,,,AG00112,priya.williams@riverbendplumbing.com,+14269937242,
CG00174,C00218,C00218,1,Luis,Lopez,Director of Operations,,,,,AG00100,luis.lopez@keystonedesign.com,+17642519382,
CG00175,C00219,C00219 C00145,2,Elizabeth,Patel,Owner,7953 Lake Street,Atlanta,GA,30389,AG00066,elizabeth.patel@harborpointdental.com,+17858936046,
CG00176,C00220,C00220,1,Linda,Anderson,Engineer,6001 Oak Street,Austin,TX,78782,AG00121,linda.anderson.jr@graniteinsurance.com,+15789096131,
CG00177,C00221,C00221,1,Katherine,White,Office Manager,,,,,AG00037,katherine.white@summitroofing.com,+12838892031,
CG00178,C00222,C00222,1,Richard,Martinez,Purchasing Agent,4752 Sunset Drive,Denver,CO,80220,AG00065,richard.martinez@pioneeranalytics.com,+15197037276,
CG00179,C00223,C00223,1,Jennifer,Thompson,Director of Operations,,,,,AG00016,jennifer.thompson@ironwoodlandscaping.com,+19716469222,
CG00180,C00224,C00224,1,Daniel,Jackson,Owner,2659 Oak Avenue,Austin,TX,78788,AG00097,daniel.jackson@stonebridgeconsulting.com,+16336264670,
CG00181,C00225,C00225 C00025,2,Martinez,Jaems,VP Sales,,,,,AG00092,james.martinez@silvercreekanalytics.com,+19614049709,email<-C00025
CG00182,C00226,C00226 C00128,2,James,Nguyen,Owner,4668 Washington Drive,Boston,MA,02177,AG00019,james.nguyen@oakmontbakery.com,+14899175118,
CG00183,C00227,C00227,1,Joseph,Kim,VP Sales,,,,,AG00048,joseph.kim@oakmontlandscaping.com,+18749186875,
CG00184,C00228,C00228 C00187,2,Luis,Smith,Director of Operations,8886 Washington Road,Chicago,IL,60677,AG00048,luis.smith@oakmontlandscaping.com,+14485068997,email<-C00187; phone<-C00187
CG00185,C00229,C00229,1,Marcus,Clark,CFO,,,,,,,+12956474861,
CG00186,C00230,C00230,1,Wei,Lee,Owner,6214 Main Drive,Columbus,OH,43228,AG00096,wei.lee@cedarstaffing.com,+16397755491,
CG00187,C00231,C00231,1,Elizabeth,Smith,Engineer,,,,,,,,
CG00188,C00232,C00232,1,Marcus,Hall,Office Manager,,,,,AG00090,marcus.hall@riverbendinsurance.com,+19295001092,
CG00189,C00233,C00233,1,Richard,Nguyen,Office Manager,,,,,AG00129,richard.nguyen@oakmontinsurance.com,+12296317347,
CG00190,C00234,C00234 C00087,2,Kate,Martin,CFO,,,,,AG00043,kate.martin@stonebridgeplumbing.com,+17002859421,
CG00191,C00235,C00235,1,Thomas,Rodriguez,Engineer,,,,,AG00074,thomas.rodriguez@beaconconsulting.com,+17645640241,
CG00192,C00236,C00236,1,Susan,Thompson,Purchasing Agent,,,,,AG00066,susan.thompson@harborpointdental.com,+12036210027,
CG00193,C00237,C00237 C00062,2,Susan,Smith,Engineer,,,,,AG00005,susansmith0028@gmail.com,+12216970189,
CG00194,C00238,C00238 C00071,2,Lopez,Jams,Owner,,,,,AG00019,james.lopez@oakmontbakery.com,+13569111084,email<-C00071
CG00195,C00239,C00239,1,Nathan,Moore,Director of Operations,,,,,AG00036,nathan.moore@beaconstaffing.com,+15354517822,
CG00196,C00240,C00240 C00044,2,Michael,Patel,Owner,677 Church Avenue,Phoenix,AZ,85019,AG00111,michael.patel@lakesideplumbing.com,+13947995320,
CG00197,C00189,C00189 C00241,2,Joseph,Lewis,Director of Operations,,,,,AG00016,joseph.lewis@ironwoodlandscaping.com,+13932376747,
CG00198,C00242,C00242,1,Omar,Lee,CFO,3927 Hill Drive,Denver,CO,80299,AG00083,omar.lee@redwoodbakery.com,+14968127323,
CG00199,C00243,C00243,1,Grace,Thompson,Engineer,,,,,AG00036,grace.thompson@beaconstaffing.com,+13022657682,
CG00200,C00244,C00244 C00068,2,David,Martin,Owner,,,,,,davidmartin0044@gmail.com,+13297393906,
