record_id,group_id,group_size,rules,status
A00001,AG00116,2,same_phone_and_domain,auto
A00154,AG00116,2,same_phone_and_domain,auto
A00002,AG00001,1,,auto
A00003,AG00040,2,same_phone_and_domain,auto
A00067,AG00040,2,same_phone_and_domain,auto
A00004,AG00002,1,,auto
A00005,AG00051,3,same_phone_and_domain,auto
A00047,AG00051,3,same_phone_and_domain,auto
A00083,AG00051,3,same_phone_and_domain,auto
A00006,AG00109,2,same_phone_and_domain,auto
A00147,AG00109,2,same_phone_and_domain,auto
A00007,AG00003,1,,auto
A00008,AG00004,1,,auto
A00009,AG00067,2,same_phone_and_domain,auto
A00100,AG00067,2,same_phone_and_domain,auto
A00010,AG00042,2,same_phone_and_domain,auto
A00069,AG00042,2,same_phone_and_domain,auto
A00011,AG00053,2,same_phone_and_domain,auto
A00085,AG00053,2,same_phone_and_domain,auto
A00012,AG00005,1,,auto
A00013,AG00124,2,signals_high,auto
A00162,AG00124,2,signals_high,auto
A00014,AG00006,1,,auto
A00015,AG00026,3,same_phone_and_domain,auto
A00017,AG00026,3,same_phone_and_domain,auto
A00045,AG00026,3,same_phone_and_domain,auto
A00016,AG00007,1,,auto
A00018,AG00008,1,,auto
A00019,AG00009,1,,auto
A00020,AG00010,1,,auto
A00021,AG00046,2,same_phone_and_domain,auto
A00074,AG00046,2,same_phone_and_domain,auto
A00022,AG00110,2,signals_high,auto
A00148,AG00110,2,signals_high,auto
A00023,AG00011,1,,auto
A00024,AG00012,1,,auto
A00025,AG00021,2,same_phone_and_domain,auto
A00038,AG00021,2,same_phone_and_domain,auto
A00026,AG00013,1,,auto
A00027,AG00014,1,,auto
A00028,AG00015,1,,auto
A00029,AG00088,3,same_phone_and_domain,auto
A00118,AG00088,3,same_phone_and_domain,auto
A00124,AG00088,3,same_phone_and_domain,auto
A00030,AG00016,1,,auto
A00031,AG00017,1,,auto
A00032,AG00087,2,same_phone_and_domain,auto
A00123,AG00087,2,same_phone_and_domain,auto
A00033,AG00018,1,,auto
A00034,AG00059,2,signals_high,auto
A00091,AG00059,2,signals_high,auto
A00035,AG00019,1,,auto
A00036,AG00020,1,,auto
A00037,AG00099,2,signals_high,auto
A00136,AG00099,2,signals_high,auto
A00039,AG00072,3,same_phone_and_domain,auto
A00101,AG00072,3,same_phone_and_domain,auto
A00107,AG00072,3,same_phone_and_domain,auto
A00040,AG00022,1,,auto
A00041,AG00023,1,,auto
A00042,AG00024,1,,auto
A00043,AG00025,1,,auto
A00044,AG00036,2,same_phone_and_domain,auto
A00063,AG00036,2,same_phone_and_domain,auto
A00046,AG00032,2,same_phone_and_domain,auto
A00059,AG00032,2,same_phone_and_domain,auto
A00048,AG00048,2,same_phone_and_domain,auto
A00079,AG00048,2,same_phone_and_domain,auto
A00049,AG00027,1,,auto
A00050,AG00123,2,same_phone_and_domain,auto
A00161,AG00123,2,same_phone_and_domain,auto
A00051,AG00028,1,,auto
A00052,AG00029,1,,auto
A00053,AG00104,2,signals_high,auto
A00142,AG00104,2,signals_high,auto
A00054,AG00052,2,signals_high,auto
A00084,AG00052,2,signals_high,auto
A00055,AG00100,2,signals_high,auto
A00137,AG00100,2,signals_high,auto
A00056,AG00030,1,,auto
A00057,AG00031,1,,auto
A00058,AG00119,2,signals_high,auto
A00157,AG00119,2,signals_high,auto
A00060,AG00033,1,,auto
A00061,AG00034,1,,auto
A00062,AG00035,1,,auto
A00064,AG00037,1,,auto
A00065,AG00038,1,,auto
A00066,AG00039,1,,auto
A00068,AG00041,1,,auto
A00070,AG00076,2,same_phone_and_domain,auto
A00111,AG00076,2,same_phone_and_domain,auto
A00071,AG00043,1,,auto
A00072,AG00044,1,,auto
A00073,AG00045,1,,auto
A00075,AG00115,3,same_phone_and_domain,auto
A00077,AG00115,3,same_phone_and_domain,auto
A00153,AG00115,3,same_phone_and_domain,auto
A00076,AG00073,2,same_phone_and_domain,auto
A00108,AG00073,2,same_phone_and_domain,auto
A00078,AG00047,1,,auto
A00080,AG00049,1,,auto
A00081,AG00050,1,,auto
A00082,AG00094,2,same_phone_and_domain,auto
A00130,AG00094,2,same_phone_and_domain,auto
A00086,AG00054,1,,auto
A00087,AG00055,1,,auto
A00088,AG00056,1,,auto
A00089,AG00057,1,,auto
A00090,AG00058,1,,auto
A00092,AG00060,1,,auto
A00093,AG00086,2,same_phone_and_domain,auto
A00122,AG00086,2,same_phone_and_domain,auto
A00094,AG00061,1,,auto
A00095,AG00062,1,,auto
A00096,AG00063,1,,auto
A00097,AG00064,1,,auto
A00098,AG00065,1,,auto
A00099,AG00066,1,,auto
A00102,AG00068,1,,auto
A00103,AG00069,1,,auto
A00104,AG00090,2,signals_high,auto
A00126,AG00090,2,signals_high,auto
A00105,AG00070,1,,auto
A00106,AG00071,1,,auto
A00109,AG00074,1,,auto
A00110,AG00075,1,,auto
A00112,AG00077,1,,auto
A00113,AG00078,1,,auto
A00114,AG00079,1,,auto
A00115,AG00080,1,,auto
A00116,AG00081,1,,auto
A00117,AG00082,1,,auto
A00119,AG00083,1,,auto
A00120,AG00084,1,,auto
A00121,AG00085,1,,auto
A00125,AG00089,1,,auto
A00127,AG00091,1,,auto
A00128,AG00092,1,,auto
A00129,AG00093,1,,auto
A00131,AG00095,1,,auto
A00132,AG00096,1,,auto
A00133,AG00097,1,,auto
A00134,AG00098,1,,auto
A00135,AG00108,2,signals_high,auto
A00146,AG00108,2,signals_high,auto
A00138,AG00101,1,,auto
A00139,AG00102,1,,auto
A00140,AG00114,2,same_phone_and_domain,auto
A00152,AG00114,2,same_phone_and_domain,auto
A00141,AG00103,1,,auto
A00143,AG00105,1,,auto
A00144,AG00106,1,,auto
A00145,AG00107,1,,auto
A00149,AG00111,1,,auto
A00150,AG00112,1,,auto
A00151,AG00113,1,,auto
A00155,AG00117,1,,auto
A00156,AG00118,1,,auto
A00158,AG00120,1,,auto
A00159,AG00121,1,,auto
A00160,AG00122,1,,auto
A00163,AG00125,1,,auto
A00164,AG00126,1,,auto
A00165,AG00127,1,,auto
A00166,AG00128,1,,auto
A00167,AG00129,1,,auto
A00168,AG00130,1,,auto
A00169,AG00131,1,,auto
