group_id,master_id,members
AG00116,A00001,A00001 A00154
AG00040,A00067,A00003 A00067
AG00051,A00047,A00005 A00047 A00083
AG00109,A00006,A00006 A00147
AG00067,A00009,A00009 A00100
AG00042,A00010,A00010 A00069
AG00053,A00011,A00011 A00085
AG00124,A00013,A00013 A00162
AG00026,A00045,A00015 A00017 A00045
AG00046,A00021,A00021 A00074
AG00110,A00148,A00022 A00148
AG00021,A00025,A00025 A00038
AG00088,A00124,A00029 A00118 A00124
AG00087,A00032,A00032 A00123
AG00059,A00091,A00034 A00091
AG00099,A00136,A00037 A00136
AG00072,A00101,A00039 A00101 A00107
AG00036,A00044,A00044 A00063
AG00032,A00059,A00046 A00059
AG00048,A00079,A00048 A00079
AG00123,A00161,A00050 A00161
AG00104,A00053,A00053 A00142
AG00052,A00084,A00054 A00084
AG00100,A00055,A00055 A00137
AG00119,A00058,A00058 A00157
AG00076,A00070,A00070 A00111
AG00115,A00153,A00075 A00077 A00153
AG00073,A00076,A00076 A00108
AG00094,A00130,A00082 A00130
AG00086,A00093,A00093 A00122
AG00090,A00104,A00104 A00126
AG00108,A00146,A00135 A00146
AG00114,A00140,A00140 A00152
