group_id,record_id,completeness,clean_format,recency,final
CG00148,C00002,0.85,0.94,0.0,0.622
CG00148,C00191,0.803,0.16,1.0,0.669
CG00036,C00006,0.953,0.86,1.0,0.939
CG00036,C00056,0.867,0.47,0.0,0.488
CG00010,C00008,0.547,0.92,1.0,0.795
CG00010,C00016,0.817,0.94,0.0,0.609
CG00060,C00011,0.85,0.75,1.0,0.865
CG00060,C00086,0.627,0.66,0.0,0.449
CG00159,C00013,0.867,0.93,0.0,0.626
CG00159,C00203,0.893,0.89,1.0,0.924
CG00030,C00014,0.933,0.94,1.0,0.955
CG00030,C00049,0.603,0.93,0.0,0.52
CG00084,C00018,0.92,0.84,1.0,0.92
CG00084,C00116,0.9,0.94,0.0,0.642
CG00052,C00020,0.817,0.93,1.0,0.906
CG00052,C00076,0.737,0.04,0.0,0.307
CG00021,C00022,0.583,0.93,1.0,0.812
CG00021,C00036,0.947,0.93,0.0,0.658
CG00128,C00023,0.357,0.85,0.0,0.398
CG00128,C00168,0.597,0.87,1.0,0.8
CG00155,C00024,0.877,0.1,1.0,0.681
CG00155,C00198,0.897,0.94,0.0,0.641
CG00181,C00025,0.81,0.93,0.0,0.603
CG00181,C00225,0.757,0.12,1.0,0.639
CG00024,C00028,0.947,0.9,1.0,0.949
CG00024,C00041,0.903,0.91,0.0,0.634
CG00140,C00029,0.587,0.79,0.0,0.472
CG00140,C00180,0.36,0.8,1.0,0.684
CG00043,C00032,0.973,0.92,0.0,0.665
CG00043,C00064,0.977,0.91,1.0,0.964
CG00146,C00037,0.963,0.92,1.0,0.961
CG00146,C00186,0.957,0.94,0.0,0.665
CG00095,C00040,0.833,0.04,1.0,0.645
CG00095,C00132,0.967,0.92,0.0,0.663
CG00170,C00042,0.803,0.75,0.0,0.546
CG00170,C00214,0.377,0.93,1.0,0.73
CG00196,C00044,0.583,0.05,1.0,0.548
CG00196,C00240,0.963,0.91,0.0,0.658
CG00101,C00055,0.787,0.9,0.0,0.585
CG00101,C00139,0.867,0.75,1.0,0.872
CG00193,C00062,0.83,0.94,0.0,0.614
CG00193,C00237,0.94,0.92,1.0,0.952
CG00073,C00066,0.97,0.94,0.0,0.67
CG00073,C00104,0.77,0.04,1.0,0.62
CG00200,C00068,0.357,0.94,0.0,0.425
CG00200,C00244,0.61,0.93,1.0,0.823
CG00194,C00071,0.85,0.93,1.0,0.919
CG00194,C00238,0.86,0.26,0.0,0.422
CG00137,C00077,0.967,0.94,1.0,0.969
CG00137,C00177,0.987,0.93,0.0,0.674
CG00085,C00079,0.98,0.92,1.0,0.968
CG00085,C00117,0.937,0.95,0.0,0.66
CG00190,C00087,0.897,0.91,0.0,0.632
CG00190,C00234,0.947,0.89,1.0,0.946
CG00070,C00088,0.967,0.92,1.0,0.963
CG00070,C00101,0.9,0.14,0.0,0.402
CG00169,C00091,0.907,0.84,1.0,0.915
CG00169,C00213,0.897,0.87,0.0,0.62
CG00131,C00092,0.95,0.13,0.0,0.419
CG00131,C00171,0.967,0.93,1.0,0.966
CG00121,C00098,0.603,0.94,0.0,0.523
CG00121,C00161,0.353,0.94,1.0,0.723
CG00088,C00108,0.843,0.05,1.0,0.652
CG00088,C00122,0.85,0.93,0.0,0.619
CG00127,C00118,0.897,0.89,1.0,0.926
CG00127,C00167,0.407,0.87,0.0,0.424
CG00132,C00121,0.58,0.89,1.0,0.799
CG00132,C00172,0.837,0.59,0.0,0.512
CG00145,C00124,0.833,0.48,0.0,0.477
CG00145,C00185,0.873,0.93,1.0,0.928
CG00182,C00128,0.94,0.82,0.0,0.622
CG00182,C00226,0.97,0.91,1.0,0.961
CG00166,C00131,0.86,0.9,1.0,0.914
CG00166,C00210,0.587,0.89,0.0,0.502
CG00160,C00137,0.713,0.62,1.0,0.771
CG00160,C00204,0.59,0.5,0.0,0.386
CG00175,C00145,0.97,0.45,0.0,0.523
CG00175,C00219,0.983,0.94,1.0,0.975
CG00141,C00146,0.84,0.94,0.0,0.618
CG00141,C00181,0.877,0.88,1.0,0.915
CG00184,C00187,0.97,0.9,0.0,0.658
CG00184,C00228,0.59,0.88,1.0,0.8
CG00197,C00189,0.923,0.93,0.0,0.648
CG00197,C00241,0.813,0.03,1.0,0.634
CG00156,C00190,0.533,0.03,0.0,0.222
CG00156,C00199,0.837,0.94,1.0,0.917
CG00164,C00202,0.823,0.95,0.0,0.614
CG00164,C00208,0.63,0.94,1.0,0.834
