table,record_id,true_id,kind,scenario
accounts,A00001,TA0021,clean,moved_keeps_ids
accounts,A00002,TA0086,clean,same_name_other_trade
accounts,A00003,TA0031,clean,moved_lost_ids
accounts,A00004,TA0125,clean,unrelated
accounts,A00005,TA0020,clean,typo_suffix
accounts,A00006,TA0007,clean,exact_formatting
accounts,A00007,TA0036,variant,three_way
accounts,A00008,TA0077,clean,same_name_other_trade
accounts,A00009,TA0058,clean,sibling_locations
accounts,A00010,TA0008,variant,exact_formatting
accounts,A00011,TA0026,variant,moved_keeps_ids
accounts,A00012,TA0119,clean,unrelated
accounts,A00013,TA0009,variant,exact_formatting
accounts,A00014,TA0055,clean,sibling_locations
accounts,A00015,TA0109,clean,unrelated
accounts,A00016,TA0023,variant,moved_keeps_ids
accounts,A00017,TA0034,variant,three_way
accounts,A00018,TA0013,variant,typo_suffix
accounts,A00019,TA0006,variant,exact_formatting
accounts,A00020,TA0041,clean,sibling_locations
accounts,A00021,TA0073,clean,same_name_other_trade
accounts,A00022,TA0007,variant,exact_formatting
accounts,A00023,TA0042,clean,sibling_locations
accounts,A00024,TA0105,clean,unrelated
accounts,A00025,TA0091,clean,unrelated
accounts,A00026,TA0098,clean,unrelated
accounts,A00027,TA0097,clean,unrelated
accounts,A00028,TA0010,clean,exact_formatting
accounts,A00029,TA0029,clean,moved_lost_ids
accounts,A00030,TA0033,variant,moved_lost_ids
accounts,A00031,TA0049,clean,sibling_locations
accounts,A00032,TA0005,variant,exact_formatting
accounts,A00033,TA0001,variant,exact_formatting
accounts,A00034,TA0025,clean,moved_keeps_ids
accounts,A00035,TA0116,clean,unrelated
accounts,A00036,TA0012,variant,typo_suffix
accounts,A00037,TA0014,clean,typo_suffix
accounts,A00038,TA0102,clean,unrelated
accounts,A00039,TA0120,clean,unrelated
accounts,A00040,TA0001,clean,exact_formatting
accounts,A00041,TA0008,clean,exact_formatting
accounts,A00042,TA0002,variant,exact_formatting
accounts,A00043,TA0010,variant,exact_formatting
accounts,A00044,TA0028,variant,moved_keeps_ids
accounts,A00045,TA0071,clean,same_name_other_trade
accounts,A00046,TA0081,clean,same_name_other_trade
accounts,A00047,TA0030,variant,moved_lost_ids
accounts,A00048,TA0022,variant,moved_keeps_ids
accounts,A00049,TA0108,clean,unrelated
accounts,A00050,TA0028,clean,moved_keeps_ids
accounts,A00051,TA0039,clean,sibling_locations
accounts,A00052,TA0103,clean,unrelated
accounts,A00053,TA0085,clean,same_name_other_trade
accounts,A00054,TA0037,variant,three_way
accounts,A00055,TA0038,variant,three_way
accounts,A00056,TA0034,clean,three_way
accounts,A00057,TA0032,variant,moved_lost_ids
accounts,A00058,TA0035,variant,three_way
accounts,A00059,TA0114,clean,unrelated
accounts,A00060,TA0024,clean,moved_keeps_ids
accounts,A00061,TA0094,clean,unrelated
accounts,A00062,TA0060,clean,shared_brand_website
accounts,A00063,TA0012,clean,typo_suffix
accounts,A00064,TA0029,variant,moved_lost_ids
accounts,A00065,TA0013,clean,typo_suffix
accounts,A00066,TA0092,clean,unrelated
accounts,A00067,TA0022,clean,moved_keeps_ids
accounts,A00068,TA0093,clean,unrelated
accounts,A00069,TA0019,variant,typo_suffix
accounts,A00070,TA0038,variant,three_way
accounts,A00071,TA0069,clean,shared_brand_website
accounts,A00072,TA0016,variant,typo_suffix
accounts,A00073,TA0026,clean,moved_keeps_ids
accounts,A00074,TA0027,clean,moved_keeps_ids
accounts,A00075,TA0053,clean,sibling_locations
accounts,A00076,TA0099,clean,unrelated
accounts,A00077,TA0075,clean,same_name_other_trade
accounts,A00078,TA0070,clean,shared_brand_website
accounts,A00079,TA0068,clean,shared_brand_website
accounts,A00080,TA0101,clean,unrelated
accounts,A00081,TA0111,clean,unrelated
accounts,A00082,TA0082,clean,same_name_other_trade
accounts,A00083,TA0036,variant,three_way
accounts,A00084,TA0074,clean,same_name_other_trade
accounts,A00085,TA0011,clean,typo_suffix
accounts,A00086,TA0024,variant,moved_keeps_ids
accounts,A00087,TA0037,clean,three_way
accounts,A00088,TA0019,clean,typo_suffix
accounts,A00089,TA0118,clean,unrelated
accounts,A00090,TA0095,clean,unrelated
accounts,A00091,TA0021,variant,moved_keeps_ids
accounts,A00092,TA0080,clean,same_name_other_trade
accounts,A00093,TA0034,variant,three_way
accounts,A00094,TA0113,clean,unrelated
accounts,A00095,TA0011,variant,typo_suffix
accounts,A00096,TA0106,clean,unrelated
accounts,A00097,TA0079,clean,same_name_other_trade
accounts,A00098,TA0064,clean,shared_brand_website
accounts,A00099,TA0115,clean,unrelated
accounts,A00100,TA0004,variant,exact_formatting
accounts,A00101,TA0038,clean,three_way
accounts,A00102,TA0056,clean,sibling_locations
accounts,A00103,TA0014,variant,typo_suffix
accounts,A00104,TA0033,clean,moved_lost_ids
accounts,A00105,TA0117,clean,unrelated
accounts,A00106,TA0057,clean,sibling_locations
accounts,A00107,TA0017,clean,typo_suffix
accounts,A00108,TA0020,variant,typo_suffix
accounts,A00109,TA0006,clean,exact_formatting
accounts,A00110,TA0009,clean,exact_formatting
accounts,A00111,TA0123,clean,unrelated
accounts,A00112,TA0002,clean,exact_formatting
accounts,A00113,TA0078,clean,same_name_other_trade
accounts,A00114,TA0090,clean,unrelated
accounts,A00115,TA0037,variant,three_way
accounts,A00116,TA0067,clean,shared_brand_website
accounts,A00117,TA0061,clean,shared_brand_website
accounts,A00118,TA0035,variant,three_way
accounts,A00119,TA0087,clean,unrelated
accounts,A00120,TA0110,clean,unrelated
accounts,A00121,TA0100,clean,unrelated
accounts,A00122,TA0072,clean,same_name_other_trade
accounts,A00123,TA0088,clean,unrelated
accounts,A00124,TA0018,variant,typo_suffix
accounts,A00125,TA0063,clean,shared_brand_website
accounts,A00126,TA0096,clean,unrelated
accounts,A00127,TA0003,variant,exact_formatting
accounts,A00128,TA0015,clean,typo_suffix
accounts,A00129,TA0048,clean,sibling_locations
accounts,A00130,TA0126,clean,unrelated
accounts,A00131,TA0044,clean,sibling_locations
accounts,A00132,TA0032,clean,moved_lost_ids
accounts,A00133,TA0062,clean,shared_brand_website
accounts,A00134,TA0052,clean,sibling_locations
accounts,A00135,TA0122,clean,unrelated
accounts,A00136,TA0083,clean,same_name_other_trade
accounts,A00137,TA0027,variant,moved_keeps_ids
accounts,A00138,TA0054,clean,sibling_locations
accounts,A00139,TA0030,clean,moved_lost_ids
accounts,A00140,TA0047,clean,sibling_locations
accounts,A00141,TA0076,clean,same_name_other_trade
accounts,A00142,TA0004,clean,exact_formatting
accounts,A00143,TA0089,clean,unrelated
accounts,A00144,TA0016,clean,typo_suffix
accounts,A00145,TA0065,clean,shared_brand_website
accounts,A00146,TA0015,variant,typo_suffix
accounts,A00147,TA0084,clean,same_name_other_trade
accounts,A00148,TA0018,clean,typo_suffix
accounts,A00149,TA0124,clean,unrelated
accounts,A00150,TA0045,clean,sibling_locations
accounts,A00151,TA0035,clean,three_way
accounts,A00152,TA0017,variant,typo_suffix
accounts,A00153,TA0046,clean,sibling_locations
accounts,A00154,TA0031,variant,moved_lost_ids
accounts,A00155,TA0050,clean,sibling_locations
accounts,A00156,TA0104,clean,unrelated
accounts,A00157,TA0043,clean,sibling_locations
accounts,A00158,TA0003,clean,exact_formatting
accounts,A00159,TA0112,clean,unrelated
accounts,A00160,TA0059,clean,shared_brand_website
accounts,A00161,TA0107,clean,unrelated
accounts,A00162,TA0025,variant,moved_keeps_ids
accounts,A00163,TA0066,clean,shared_brand_website
accounts,A00164,TA0051,clean,sibling_locations
accounts,A00165,TA0121,clean,unrelated
accounts,A00166,TA0023,clean,moved_keeps_ids
accounts,A00167,TA0040,clean,sibling_locations
accounts,A00168,TA0005,clean,exact_formatting
accounts,A00169,TA0036,clean,three_way
contacts,C00001,TC0039,variant,dup_account
contacts,C00002,TC0047,clean,no_account_name_only
contacts,C00003,TC0186,clean,unrelated
contacts,C00004,TC0122,clean,unrelated
contacts,C00005,TC0079,clean,namesakes_other_company
contacts,C00006,TC0129,clean,unrelated
contacts,C00007,TC0023,variant,initial_only
contacts,C00008,TC0056,clean,junior_senior
contacts,C00009,TC0030,clean,email_changed
contacts,C00010,TC0042,variant,no_account_email
contacts,C00011,TC0128,clean,unrelated
contacts,C00012,TC0134,clean,unrelated
contacts,C00013,TC0054,clean,junior_senior
contacts,C00014,TC0155,clean,unrelated
contacts,C00015,TC0045,variant,no_account_name_only
contacts,C00016,TC0066,clean,twins
contacts,C00017,TC0180,clean,unrelated
contacts,C00018,TC0108,clean,shared_mailbox
contacts,C00019,TC0020,variant,initial_only
contacts,C00020,TC0182,clean,unrelated
contacts,C00021,TC0165,clean,unrelated
contacts,C00022,TC0070,clean,twins
contacts,C00023,TC0120,clean,unrelated
contacts,C00024,TC0029,variant,email_changed
contacts,C00025,TC0062,clean,junior_senior
contacts,C00026,TC0016,variant,swapped_typo
contacts,C00027,TC0039,clean,dup_account
contacts,C00028,TC0175,clean,unrelated
contacts,C00029,TC0164,clean,unrelated
contacts,C00030,TC0246,clean,jr_sr_marked
contacts,C00031,TC0208,clean,shared_personal_email
contacts,C00032,TC0085,clean,namesakes_other_company
contacts,C00033,TC0030,variant,email_changed
contacts,C00034,TC0159,clean,unrelated
contacts,C00035,TC0012,variant,swapped_typo
contacts,C00036,TC0088,clean,namesakes_other_company
contacts,C00037,TC0194,clean,unrelated
contacts,C00038,TC0256,clean,jr_marker_one_side
contacts,C00039,TC0103,clean,same_name_same_company
contacts,C00040,TC0236,clean,jr_sr_marked
contacts,C00041,TC0011,clean,swapped_typo
contacts,C00042,TC0221,clean,phone_only_shared
contacts,C00043,TC0115,clean,shared_mailbox
contacts,C00044,TC0210,variant,same_email_details_changed
contacts,C00045,TC0190,clean,unrelated
contacts,C00046,TC0022,variant,initial_only
contacts,C00047,TC0251,clean,jr_marker_one_side
contacts,C00048,TC0138,clean,unrelated
contacts,C00049,TC0235,clean,jr_sr_marked
contacts,C00050,TC0026,variant,email_changed
contacts,C00051,TC0185,clean,unrelated
contacts,C00052,TC0037,variant,dup_account
contacts,C00053,TC0133,clean,unrelated
contacts,C00054,TC0061,clean,junior_senior
contacts,C00055,TC0098,clean,same_name_same_company
contacts,C00056,TC0063,clean,junior_senior
contacts,C00057,TC0212,variant,same_email_details_changed
contacts,C00058,TC0232,variant,account_vs_no_account
contacts,C00059,TC0105,clean,shared_mailbox
contacts,C00060,TC0196,clean,unrelated
contacts,C00061,TC0162,clean,unrelated
contacts,C00062,TC0076,clean,twins
contacts,C00063,TC0046,variant,no_account_name_only
contacts,C00064,TC0166,clean,unrelated
contacts,C00065,TC0080,clean,namesakes_other_company
contacts,C00066,TC0099,clean,same_name_same_company
contacts,C00067,TC0139,clean,unrelated
contacts,C00068,TC0012,clean,swapped_typo
contacts,C00069,TC0174,clean,unrelated
contacts,C00070,TC0074,clean,twins
contacts,C00071,TC0163,clean,unrelated
contacts,C00072,TC0262,clean,jr_both_same
contacts,C00073,TC0032,clean,dup_account
contacts,C00074,TC0112,clean,shared_mailbox
contacts,C00075,TC0249,clean,jr_marker_one_side
contacts,C00076,TC0117,clean,unrelated
contacts,C00077,TC0206,clean,shared_personal_email
contacts,C00078,TC0009,clean,nickname
contacts,C00079,TC0158,clean,unrelated
contacts,C00080,TC0109,clean,shared_mailbox
contacts,C00081,TC0096,clean,namesakes_other_company
contacts,C00082,TC0149,clean,unrelated
contacts,C00083,TC0234,clean,account_vs_no_account
contacts,C00084,TC0020,clean,initial_only
contacts,C00085,TC0213,clean,same_email_details_changed
contacts,C00086,TC0168,clean,unrelated
contacts,C00087,TC0021,variant,initial_only
contacts,C00088,TC0036,variant,dup_account
contacts,C00089,TC0011,variant,swapped_typo
contacts,C00090,TC0019,clean,initial_only
contacts,C00091,TC0157,clean,unrelated
contacts,C00092,TC0058,clean,junior_senior
contacts,C00093,TC0156,clean,unrelated
contacts,C00094,TC0055,clean,junior_senior
contacts,C00095,TC0242,clean,jr_sr_marked
contacts,C00096,TC0093,clean,namesakes_other_company
contacts,C00097,TC0008,variant,nickname
contacts,C00098,TC0048,variant,no_account_name_only
contacts,C00099,TC0005,variant,nickname
contacts,C00100,TC0229,variant,account_vs_no_account
contacts,C00101,TC0216,clean,phone_only_shared
contacts,C00102,TC0047,variant,no_account_name_only
contacts,C00103,TC0215,clean,phone_only_shared
contacts,C00104,TC0091,clean,namesakes_other_company
contacts,C00105,TC0049,clean,junior_senior
contacts,C00106,TC0247,clean,jr_marker_one_side
contacts,C00107,TC0040,clean,dup_account
contacts,C00108,TC0044,variant,no_account_email
contacts,C00109,TC0017,clean,swapped_typo
contacts,C00110,TC0184,clean,unrelated
contacts,C00111,TC0260,variant,jr_both_same
contacts,C00112,TC0217,clean,phone_only_shared
contacts,C00113,TC0002,variant,nickname
contacts,C00114,TC0028,variant,email_changed
contacts,C00115,TC0263,clean,jr_both_same
contacts,C00116,TC0151,clean,unrelated
contacts,C00117,TC0081,clean,namesakes_other_company
contacts,C00118,TC0077,clean,namesakes_other_company
contacts,C00119,TC0146,clean,unrelated
contacts,C00120,TC0137,clean,unrelated
contacts,C00121,TC0035,clean,dup_account
contacts,C00122,TC0173,clean,unrelated
contacts,C00123,TC0214,clean,same_email_details_changed
contacts,C00124,TC0179,clean,unrelated
contacts,C00125,TC0007,clean,nickname
contacts,C00126,TC0261,variant,jr_both_same
contacts,C00127,TC0007,variant,nickname
contacts,C00128,TC0181,clean,unrelated
contacts,C00129,TC0240,clean,jr_sr_marked
contacts,C00130,TC0127,clean,unrelated
contacts,C00131,TC0121,clean,unrelated
contacts,C00132,TC0252,clean,jr_marker_one_side
contacts,C00133,TC0147,clean,unrelated
contacts,C00134,TC0153,clean,unrelated
contacts,C00135,TC0022,clean,initial_only
contacts,C00136,TC0211,clean,same_email_details_changed
contacts,C00137,TC0254,clean,jr_marker_one_side
contacts,C00138,TC0045,clean,no_account_name_only
contacts,C00139,TC0258,clean,jr_marker_one_side
contacts,C00140,TC0082,clean,namesakes_other_company
contacts,C00141,TC0053,clean,junior_senior
contacts,C00142,TC0116,clean,shared_mailbox
contacts,C00143,TC0031,clean,dup_account
contacts,C00144,TC0125,clean,unrelated
contacts,C00145,TC0170,clean,unrelated
contacts,C00146,TC0219,clean,phone_only_shared
contacts,C00147,TC0065,clean,twins
contacts,C00148,TC0227,variant,account_vs_no_account
contacts,C00149,TC0086,clean,namesakes_other_company
contacts,C00150,TC0006,clean,nickname
contacts,C00151,TC0154,clean,unrelated
contacts,C00152,TC0102,clean,same_name_same_company
contacts,C00153,TC0075,clean,twins
contacts,C00154,TC0004,clean,nickname
contacts,C00155,TC0232,clean,account_vs_no_account
contacts,C00156,TC0025,variant,email_changed
contacts,C00157,TC0233,variant,account_vs_no_account
contacts,C00158,TC0259,clean,jr_both_same
contacts,C00159,TC0094,clean,namesakes_other_company
contacts,C00160,TC0262,variant,jr_both_same
contacts,C00161,TC0002,clean,nickname
contacts,C00162,TC0237,clean,jr_sr_marked
contacts,C00163,TC0089,clean,namesakes_other_company
contacts,C00164,TC0228,clean,account_vs_no_account
contacts,C00165,TC0100,clean,same_name_same_company
contacts,C00166,TC0230,variant,account_vs_no_account
contacts,C00167,TC0126,clean,unrelated
contacts,C00168,TC0253,clean,jr_marker_one_side
contacts,C00169,TC0144,clean,unrelated
contacts,C00170,TC0009,variant,nickname
contacts,C00171,TC0187,clean,unrelated
contacts,C00172,TC0113,clean,shared_mailbox
contacts,C00173,TC0025,clean,email_changed
contacts,C00174,TC0013,clean,swapped_typo
contacts,C00175,TC0130,clean,unrelated
contacts,C00176,TC0005,clean,nickname
contacts,C00177,TC0026,clean,email_changed
contacts,C00178,TC0118,clean,unrelated
contacts,C00179,TC0019,variant,initial_only
contacts,C00180,TC0114,clean,shared_mailbox
contacts,C00181,TC0243,clean,jr_sr_marked
contacts,C00182,TC0161,clean,unrelated
contacts,C00183,TC0110,clean,shared_mailbox
contacts,C00184,TC0255,clean,jr_marker_one_side
contacts,C00185,TC0044,clean,no_account_email
contacts,C00186,TC0224,clean,phone_only_shared
contacts,C00187,TC0038,variant,dup_account
contacts,C00188,TC0250,clean,jr_marker_one_side
contacts,C00189,TC0006,variant,nickname
contacts,C00190,TC0257,clean,jr_marker_one_side
contacts,C00191,TC0245,clean,jr_sr_marked
contacts,C00192,TC0260,clean,jr_both_same
contacts,C00193,TC0040,variant,dup_account
contacts,C00194,TC0233,clean,account_vs_no_account
contacts,C00195,TC0050,clean,junior_senior
contacts,C00196,TC0101,clean,same_name_same_company
contacts,C00197,TC0202,clean,shared_personal_email
contacts,C00198,TC0218,clean,phone_only_shared
contacts,C00199,TC0229,clean,account_vs_no_account
contacts,C00200,TC0064,clean,junior_senior
contacts,C00201,TC0192,clean,unrelated
contacts,C00202,TC0172,clean,unrelated
contacts,C00203,TC0008,clean,nickname
contacts,C00204,TC0003,clean,nickname
contacts,C00205,TC0071,clean,twins
contacts,C00206,TC0041,variant,no_account_email
contacts,C00207,TC0031,variant,dup_account
contacts,C00208,TC0107,clean,shared_mailbox
contacts,C00209,TC0195,clean,unrelated
contacts,C00210,TC0226,clean,phone_only_shared
contacts,C00211,TC0068,clean,twins
contacts,C00212,TC0017,variant,swapped_typo
contacts,C00213,TC0211,variant,same_email_details_changed
contacts,C00214,TC0171,clean,unrelated
contacts,C00215,TC0200,clean,shared_personal_email
contacts,C00216,TC0042,clean,no_account_email
contacts,C00217,TC0027,clean,email_changed
contacts,C00218,TC0021,clean,initial_only
contacts,C00219,TC0193,clean,unrelated
contacts,C00220,TC0018,clean,swapped_typo
contacts,C00221,TC0092,clean,namesakes_other_company
contacts,C00222,TC0084,clean,namesakes_other_company
contacts,C00223,TC0150,clean,unrelated
contacts,C00224,TC0033,variant,dup_account
contacts,C00225,TC0124,clean,unrelated
contacts,C00226,TC0152,clean,unrelated
contacts,C00227,TC0024,clean,initial_only
contacts,C00228,TC0106,clean,shared_mailbox
contacts,C00229,TC0213,variant,same_email_details_changed
contacts,C00230,TC0059,clean,junior_senior
contacts,C00231,TC0207,clean,shared_personal_email
contacts,C00232,TC0023,clean,initial_only
contacts,C00233,TC0204,clean,shared_personal_email
contacts,C00234,TC0228,variant,account_vs_no_account
contacts,C00235,TC0013,variant,swapped_typo
contacts,C00236,TC0241,clean,jr_sr_marked
contacts,C00237,TC0148,clean,unrelated
contacts,C00238,TC0032,variant,dup_account
contacts,C00239,TC0029,clean,email_changed
contacts,C00240,TC0140,clean,unrelated
contacts,C00241,TC0001,clean,nickname
contacts,C00242,TC0143,clean,unrelated
contacts,C00243,TC0222,clean,phone_only_shared
contacts,C00244,TC0264,variant,jr_both_same
contacts,C00245,TC0119,clean,unrelated
contacts,C00246,TC0073,clean,twins
contacts,C00247,TC0136,clean,unrelated
contacts,C00248,TC0220,clean,phone_only_shared
contacts,C00249,TC0167,clean,unrelated
contacts,C00250,TC0027,variant,email_changed
contacts,C00251,TC0057,clean,junior_senior
contacts,C00252,TC0014,clean,swapped_typo
contacts,C00253,TC0010,variant,nickname
contacts,C00254,TC0067,clean,twins
contacts,C00255,TC0123,clean,unrelated
contacts,C00256,TC0214,variant,same_email_details_changed
contacts,C00257,TC0231,clean,account_vs_no_account
contacts,C00258,TC0015,clean,swapped_typo
contacts,C00259,TC0209,variant,same_email_details_changed
contacts,C00260,TC0036,clean,dup_account
contacts,C00261,TC0160,clean,unrelated
contacts,C00262,TC0060,clean,junior_senior
contacts,C00263,TC0145,clean,unrelated
contacts,C00264,TC0037,clean,dup_account
contacts,C00265,TC0209,clean,same_email_details_changed
contacts,C00266,TC0043,clean,no_account_email
contacts,C00267,TC0072,clean,twins
contacts,C00268,TC0048,clean,no_account_name_only
contacts,C00269,TC0197,clean,shared_personal_email
contacts,C00270,TC0015,variant,swapped_typo
contacts,C00271,TC0169,clean,unrelated
contacts,C00272,TC0212,clean,same_email_details_changed
contacts,C00273,TC0069,clean,twins
contacts,C00274,TC0183,clean,unrelated
contacts,C00275,TC0176,clean,unrelated
contacts,C00276,TC0178,clean,unrelated
contacts,C00277,TC0263,variant,jr_both_same
contacts,C00278,TC0177,clean,unrelated
contacts,C00279,TC0189,clean,unrelated
contacts,C00280,TC0234,variant,account_vs_no_account
contacts,C00281,TC0052,clean,junior_senior
contacts,C00282,TC0038,clean,dup_account
contacts,C00283,TC0227,clean,account_vs_no_account
contacts,C00284,TC0230,clean,account_vs_no_account
contacts,C00285,TC0198,clean,shared_personal_email
contacts,C00286,TC0034,variant,dup_account
contacts,C00287,TC0259,variant,jr_both_same
contacts,C00288,TC0043,variant,no_account_email
contacts,C00289,TC0223,clean,phone_only_shared
contacts,C00290,TC0014,variant,swapped_typo
contacts,C00291,TC0248,clean,jr_marker_one_side
contacts,C00292,TC0051,clean,junior_senior
contacts,C00293,TC0205,clean,shared_personal_email
contacts,C00294,TC0018,variant,swapped_typo
contacts,C00295,TC0097,clean,same_name_same_company
contacts,C00296,TC0188,clean,unrelated
contacts,C00297,TC0111,clean,shared_mailbox
contacts,C00298,TC0041,clean,no_account_email
contacts,C00299,TC0141,clean,unrelated
contacts,C00300,TC0003,variant,nickname
contacts,C00301,TC0004,variant,nickname
contacts,C00302,TC0016,clean,swapped_typo
contacts,C00303,TC0083,clean,namesakes_other_company
contacts,C00304,TC0131,clean,unrelated
contacts,C00305,TC0199,clean,shared_personal_email
contacts,C00306,TC0191,clean,unrelated
contacts,C00307,TC0033,clean,dup_account
contacts,C00308,TC0078,clean,namesakes_other_company
contacts,C00309,TC0034,clean,dup_account
contacts,C00310,TC0210,clean,same_email_details_changed
contacts,C00311,TC0090,clean,namesakes_other_company
contacts,C00312,TC0132,clean,unrelated
contacts,C00313,TC0201,clean,shared_personal_email
contacts,C00314,TC0095,clean,namesakes_other_company
contacts,C00315,TC0010,clean,nickname
contacts,C00316,TC0238,clean,jr_sr_marked
contacts,C00317,TC0135,clean,unrelated
contacts,C00318,TC0028,clean,email_changed
contacts,C00319,TC0035,variant,dup_account
contacts,C00320,TC0001,variant,nickname
contacts,C00321,TC0239,clean,jr_sr_marked
contacts,C00322,TC0087,clean,namesakes_other_company
contacts,C00323,TC0104,clean,same_name_same_company
contacts,C00324,TC0142,clean,unrelated
contacts,C00325,TC0225,clean,phone_only_shared
contacts,C00326,TC0024,variant,initial_only
contacts,C00327,TC0261,clean,jr_both_same
contacts,C00328,TC0046,clean,no_account_name_only
contacts,C00329,TC0203,clean,shared_personal_email
contacts,C00330,TC0264,clean,jr_both_same
contacts,C00331,TC0231,variant,account_vs_no_account
contacts,C00332,TC0244,clean,jr_sr_marked
