account_id,name,website,phone,address,city,state,zip,industry,source_system,updated_at,name_norm,phone_norm,address_norm,k_domain,k_phone,k_name,k_name_sound,k_street
A00001,Stonebridge Dental LLC,www.stonebridgedental.com,404-686-4194,7746 Park Street,Austin,TX,78722,Dental,billing,2026-01-02,stonebridgedental,+14046864194,7746 park st,stonebridgedental.com,+14046864194,stonebridgedental,S351D534,7746|park|787
A00002,Sterling Roofing,www.sterlingroofing.com,(526) 275-3665,4121 Cedar Street,Phoenix,AZ,85066,Roofing,trade_show,2026-01-12,sterlingroofing,+15262753665,4121 cedar st,sterlingroofing.com,+15262753665,sterlingroofing,S364R152,4121|cedar|850
A00003,Riverbend Logistics LLC,,+1 352 331 1350,8659 Oak Boulevard,Nashville,TN,37288,Logistics,web_form,2023-07-07,riverbendlogistics,+13523311350,8659 oak blvd,,+13523311350,riverbendlogistics,R161L223,8659|oak|372
A00004,Oakmont Legal Services,www.oakmontlegalservices.com,498.436.3025,2201 Elm Road,Nashville,TN,37253,Legal Services,crm,2024-08-24,oakmontlegalservices,+14984363025,2201 elm rd,oakmontlegalservices.com,+14984363025,oakmontlegalservices,O255L240S612,2201|elm|372
A00005,Falcon Plumbing Inc,,4322332573,1200 Washington Boulevard,Portland,OR,97265,Plumbing,crm,2024-06-07,falconplumbing,+14322332573,1200 washington blvd,,+14322332573,falconplumbing,F425P451,1200|washington|972
A00006,Northgate Bakery Inc,www.northgatebakery.com,+1 366 836 6761,4169 Lake Drive,Chicago,IL,60694,Bakery,trade_show,2022-04-20,northgatebakery,+13668366761,4169 lake dr,northgatebakery.com,+13668366761,northgatebakery,N632B260,4169|lake|606
A00007,Oakmont Staffing Corp,www.oakmontstaffing.com,(865) 983-8980,5474 Elm Road,Columbus,OH,43213,Staffing,crm,2025-07-02,oakmontstaffing,+18659838980,5474 elm rd,oakmontstaffing.com,+18659838980,oakmontstaffing,O255S315,5474|elm|432
A00008,Redwood Landscaping LLC,www.redwoodlandscaping.com,246-513-0510,5324 Hill Avenue,Atlanta,GA,30399,Landscaping,trade_show,2023-10-05,redwoodlandscaping,+12465130510,5324 hill ave,redwoodlandscaping.com,+12465130510,redwoodlandscaping,R330L532,5324|hill|303
A00009,Meridian Staffing LLC,,+1 567 422 9639,9754 Park Avenue,Phoenix,AZ,85056,Staffing,billing,2025-05-13,meridianstaffing,+15674229639,9754 park ave,,+15674229639,meridianstaffing,M635S315,9754|park|850
A00010,Maple Leaf Staffing Corp,www.mapleleafstaffing.com,+1 321 783 6647,2164 Elm Avenue,Columbus,OH,43272,Staffing,billing,2023-11-20,mapleleafstaffing,+13217836647,2164 elm ave,mapleleafstaffing.com,+13217836647,mapleleafstaffing,M140L100S315,2164|elm|432
A00011,Bright Path Analytics,www.brightpathanalytics.com,4859713922,4449 Elm Boulevard,Austin,TX,78703,Analytics,crm,2022-07-29,brightpathanalytics,+14859713922,4449 elm blvd,brightpathanalytics.com,+14859713922,brightpathanalytics,B623P300A543,4449|elm|787
A00012,Northgate Roofing,www.northgateroofing.com,590-824-3411,8598 Elm Drive,Columbus,OH,43263,Roofing,web_form,2022-10-17,northgateroofing,+15908243411,8598 elm dr,northgateroofing.com,+15908243411,northgateroofing,N632R152,8598|elm|432
A00013,Blue Ridge Logistics,www.blueridgelogistics.com,(511) 706-5373,5872 Church Road,Boston,MA,02146,Logistics,web_form,2022-10-20,blueridgelogistics,+15117065373,5872 church rd,blueridgelogistics.com,+15117065373,blueridgelogistics,B400R320L223,5872|church|021
A00014,Beacon Staffing Co,www.beaconstaffing.com,+1 933 412 6491,2622 Washington Drive,Seattle,WA,98188,Staffing,billing,2023-01-29,beaconstaffing,+19334126491,2622 washington dr,beaconstaffing.com,+19334126491,beaconstaffing,B250S315,2622|washington|981
A00015,Blue Ridge Staffing Corp,www.blueridgestaffing.com,(320) 779-1878,5422 Park Drive,Nashville,TN,37255,Staffing,trade_show,2026-03-20,blueridgestaffing,+13207791878,5422 park dr,blueridgestaffing.com,+13207791878,blueridgestaffing,B400R320S315,5422|park|372
A00016,Northgate Plumbing,www.northgateplumbing.com,+1 382 726 2064,5091 Oak Boulevard,Denver,CO,80265,Plumbing,crm,2022-05-21,northgateplumbing,+13827262064,5091 oak blvd,northgateplumbing.com,+13827262064,northgateplumbing,N632P451,5091|oak|802
A00017,Copper Hill Plumbing,www.copperhillplumbing.com,895.385.7980,6877 Oak Street,Portland,OR,97288,Plumbing,billing,2025-01-11,copperhillplumbing,+18953857980,6877 oak st,copperhillplumbing.com,+18953857980,copperhillplumbing,C160H400P451,6877|oak|972
A00018,Meridian Plumbing Corp,,452-930-6904,2580 Washington Avenue,Portland,OR,97233,Plumbing,erp,2022-11-19,meridianplumbing,+14529306904,2580 washington ave,,+14529306904,meridianplumbing,M635P451,2580|washington|972
A00019,Riverbendd Insurance Corp,www.riverbendinsurance.com,291-675-8869,176 Oak Boulevard,Chicago,IL,60653,Insurance,trade_show,2025-11-01,riverbenddinsurance,+12916758869,176 oak blvd,riverbendinsurance.com,+12916758869,riverbenddinsurance,R161I526,176|oak|606
A00020,Falcon Legal Services Inc,,(903) 343-1732,2007 Church Boulevard,Phoenix,AZ,85001,Legal Services,trade_show,2025-10-16,falconlegalservices,+19033431732,2007 church blvd,,+19033431732,falconlegalservices,F425L240S612,2007|church|850
A00021,Riverbend Plumbing Inc,www.riverbendplumbing.com,6392352832,7719 Maple Drive,Seattle,WA,98192,Plumbing,erp,2023-11-18,riverbendplumbing,+16392352832,7719 maple dr,riverbendplumbing.com,+16392352832,riverbendplumbing,R161P451,7719|maple|981
A00022,Beacon Staffing Ltd,www.beaconstaffing.com,406.745.3870,5024 Washington Road,Denver,CO,80253,Staffing,billing,2022-04-13,beaconstaffing,+14067453870,5024 washington rd,beaconstaffing.com,+14067453870,beaconstaffing,B250S315,5024|washington|802
A00023,Northgaet Analytics,,742-421-8895,3821 Church Road,Seattle,WA,98123,Analytics,crm,2022-10-02,northgaetanalytics,+17424218895,3821 church rd,,+17424218895,northgaetanalytics,N632A543,3821|church|981
A00024,Riverbend Insurance Corp,www.riverbendinsurance.com,291-675-8869,176 Oak Boulevard,Chicago,IL,60653,Insurance,crm,2024-12-08,riverbendinsurance,+12916758869,176 oak blvd,riverbendinsurance.com,+12916758869,riverbendinsurance,R161I526,176|oak|606
A00025,Lakeside Logistics Corp,,+1 612 550 8967,6554 Main Avenue,Boston,MA,02117,Logistics,crm,2024-09-15,lakesidelogistics,+16125508967,6554 main ave,,+16125508967,lakesidelogistics,L223L223,6554|main|021
A00026,Silver Creek Consulting Corp,www.silvercreekconsulting.com,546.983.7521,5465 Church Ave,Chicago,IL,60663,Consulting,crm,2026-07-09,silvercreekconsulting,+15469837521,5465 church ave,silvercreekconsulting.com,+15469837521,silvercreekconsulting,S416C620C524,5465|church|606
A00027,Redwood Staffing Co,www.redwoodstaffing.com,+1 376 264 7221,6518 Maple Road,Columbus,OH,43288,Staffing,trade_show,2026-07-29,redwoodstaffing,+13762647221,6518 maple rd,redwoodstaffing.com,+13762647221,redwoodstaffing,R330S315,6518|maple|432
A00028,Meridian Bakery Corp,www.meridianbakery.com,(665) 394-0405,779 Church Street,Seattle,WA,98157,Bakery,web_form,2023-05-02,meridianbakery,+16653940405,779 church st,meridianbakery.com,+16653940405,meridianbakery,M635B260,779|church|981
A00029,Evergreen Auto Repair Ltd,www.evergreenautorepair.com,8068550267,3279 Lake Boulevard,Boston,MA,02104,Auto Repair,trade_show,2023-01-04,evergreenautorepair,+18068550267,3279 lake blvd,evergreenautorepair.com,+18068550267,evergreenautorepair,E162A300R160,3279|lake|021
A00030,MERIDIAN AUTO REPAIR Ltd,www.meridianautorepair.com,(712) 829-2608,1438 Lake Blvd,Boston,MA,02116,Auto Repair,trade_show,2025-01-31,meridianautorepair,+17128292608,1438 lake blvd,meridianautorepair.com,+17128292608,meridianautorepair,M635A300R160,1438|lake|021
A00031,Sterling Plumbing,www.sterlingplumbing.com,(550) 632-2470,9073 Elm Street,Atlanta,GA,30350,Plumbing,trade_show,2025-04-08,sterlingplumbing,+15506322470,9073 elm st,sterlingplumbing.com,+15506322470,sterlingplumbing,S364P451,9073|elm|303
A00032,Atlas Consulting LLC,www.atlasconsulting.com,(409) 487-8765,6342 Park Road,Seattle,WA,98128,Consulting,trade_show,2024-04-10,atlasconsulting,+14094878765,6342 park rd,atlasconsulting.com,+14094878765,atlasconsulting,A342C524,6342|park|981
A00033,Summit Plumbing Inc,www.summitplumbing.com,741.499.4489,1891 Elm Ave,Atlanta,GA,30399,Plumbing,crm,2023-02-09,summitplumbing,+17414994489,1891 elm ave,summitplumbing.com,+17414994489,summitplumbing,S530P451,1891|elm|303
A00034,Pioneer Plumbing Corp,,9418555433,1521 Oak Avenue,Portland,OR,97279,Plumbing,trade_show,2026-08-21,pioneerplumbing,+19418555433,1521 oak ave,,+19418555433,pioneerplumbing,P560P451,1521|oak|972
A00035,Pioneer Software Inc,www.pioneersoftware.com,948.881.6041,2699 Cedar Boulevard,Nashville,TN,37272,Software,erp,2024-05-13,pioneersoftware,+19488816041,2699 cedar blvd,pioneersoftware.com,+19488816041,pioneersoftware,P560S136,2699|cedar|372
A00036,Bright Path Analytics,www.brightpathanalytics.com,(485) 971-3922,3220 Church Street,Columbus,OH,43280,Analytics,billing,2023-05-25,brightpathanalytics,+14859713922,3220 church st,brightpathanalytics.com,+14859713922,brightpathanalytics,B623P300A543,3220|church|432
A00037,Riverbend Roofing Inc,www.riverbendroofing.com,(464) 456-4516,1258 Park Drive,Phoenix,AZ,85085,Roofing,trade_show,2022-11-24,riverbendroofing,+14644564516,1258 park dr,riverbendroofing.com,+14644564516,riverbendroofing,R161R152,1258|park|850
A00038,Stonebridge Consulting Ltd,www.stonebridgeconsulting.com,+1 849 900 8528,2716 Oak Drive,Nashville,TN,37255,Consulting,erp,2022-12-23,stonebridgeconsulting,+18499008528,2716 oak dr,stonebridgeconsulting.com,+18499008528,stonebridgeconsulting,S351C524,2716|oak|372
A00039,Copper Hill Landscaping Ltd,www.copperhilllandscaping.com,500.578.6796,8175 Cedar Avenue,Columbus,OH,43246,Landscaping,web_form,2024-01-22,copperhilllandscaping,+15005786796,8175 cedar ave,copperhilllandscaping.com,+15005786796,copperhilllandscaping,C160H400L532,8175|cedar|432
A00040,Redwood Design Ltd,,2894623090,6179 Oak Road,Boston,MA,02139,Design,erp,2026-03-16,redwooddesign,+12894623090,6179 oak rd,,+12894623090,redwooddesign,R330D225,6179|oak|021
A00041,Silver Creek Dental Corp,www.silvercreekdental.com,448-714-6499,8631 Cedar Drive,Denver,CO,80239,Dental,crm,2024-09-01,silvercreekdental,+14487146499,8631 cedar dr,silvercreekdental.com,+14487146499,silvercreekdental,S416C620D534,8631|cedar|802
A00042,Ironwood Electric,www.ironwoodelectric.com,6805935594,3557 Oak Street,Nashville,TN,37279,Electric,web_form,2022-03-05,ironwoodelectric,+16805935594,3557 oak st,ironwoodelectric.com,+16805935594,ironwoodelectric,I653E423,3557|oak|372
A00043,Evergreen Legal Services Corp,www.evergreenlegalservices.com,6457157236,1198 Oak Avenue,Austin,TX,78772,Legal Services,web_form,2026-06-24,evergreenlegalservices,+16457157236,1198 oak ave,evergreenlegalservices.com,+16457157236,evergreenlegalservices,E162L240S612,1198|oak|787
A00044,Riverbend Plumbing Inc,www.riverbendplumbing.com,+1 639 235 2832,7719 Maple Dr,Seattle,WA,98192,Plumbing,trade_show,2025-03-31,riverbendplumbing,+16392352832,7719 maple dr,riverbendplumbing.com,+16392352832,riverbendplumbing,R161P451,7719|maple|981
A00045,Evergreen Dental Corp,www.evergreendental.com,865-490-3664,6697 Maple Drive,Nashville,TN,37249,Dental,trade_show,2026-01-18,evergreendental,+18654903664,6697 maple dr,evergreendental.com,+18654903664,evergreendental,E162D534,6697|maple|372
A00046,Harbor Point Logistics,,6108275205,8691 Main Road,Nashville,TN,37242,Logistics,billing,2025-09-14,harborpointlogistics,+16108275205,8691 main rd,,+16108275205,harborpointlogistics,H616P530L223,8691|main|372
A00047,Redwood Roofing Co,www.redwoodroofing.com,8254230650,968 Washington Drive,Nashville,TN,37288,Roofing,billing,2024-04-05,redwoodroofing,+18254230650,968 washington dr,redwoodroofing.com,+18254230650,redwoodroofing,R330R152,968|washington|372
A00048,Pioneer Landscaping Inc,www.pioneerlandscaping.com,637.322.6429,6290 Washington Road,Phoenix,AZ,85063,Landscaping,trade_show,2022-05-04,pioneerlandscaping,+16373226429,6290 washington rd,pioneerlandscaping.com,+16373226429,pioneerlandscaping,P560L532,6290|washington|850
A00049,Redwood Logistics LLC,www.redwoodlogistics.com,673-602-3495,3538 Lake Road,Austin,TX,78731,Logistics,trade_show,2024-02-15,redwoodlogistics,+16736023495,3538 lake rd,redwoodlogistics.com,+16736023495,redwoodlogistics,R330L223,3538|lake|787
A00050,Blue Ridge Roofing,www.blueridgeroofing.com,243-331-8020,7469 Park Street,Seattle,WA,98100,Roofing,erp,2022-10-03,blueridgeroofing,+12433318020,7469 park st,blueridgeroofing.com,+12433318020,blueridgeroofing,B400R320R152,7469|park|981
A00051,Riverbend Logistics LLC,,679-284-9611,8299 Elm Street,Columbus,OH,43224,Logistics,web_form,2023-07-07,riverbendlogistics,+16792849611,8299 elm st,,+16792849611,riverbendlogistics,R161L223,8299|elm|432
A00052,Blue Ridge Analytics LLC,www.blueridgeanalytics.com,4859518980,560 Sunset Boulevard,Seattle,WA,98196,Analytics,crm,2023-01-17,blueridgeanalytics,+14859518980,560 sunset blvd,blueridgeanalytics.com,+14859518980,blueridgeanalytics,B400R320A543,560|sunset|981
A00053,Maple Leaf Plumbing Inc,www.mapleleafplumbing.com,+1 673 531 1286,9254 Sunset Boulevard,Portland,OR,97287,Plumbing,erp,2022-06-20,mapleleafplumbing,+16735311286,9254 sunset blvd,mapleleafplumbing.com,+16735311286,mapleleafplumbing,M140L100P451,9254|sunset|972
A00054,COPPER HILL CONSULTING Corp,www.copperhillconsulting.com,+1 613 475 4035,5575 Lake Blvd,Seattle,WA,98167,Consulting,erp,2022-03-02,copperhillconsulting,+16134754035,5575 lake blvd,copperhillconsulting.com,+16134754035,copperhillconsulting,C160H400C524,5575|lake|981
A00055,Blue Ridge Auto Repair Co,www.blueridgeautorepair.com,305-826-2594,4900 Park Avenue,Columbus,OH,43245,Auto Repair,web_form,2026-04-19,blueridgeautorepair,+13058262594,4900 park ave,blueridgeautorepair.com,+13058262594,blueridgeautorepair,B400R320A300R160,4900|park|432
A00056,Meridian Consulting Ltd,www.meridianconsulting.com,+1 898 566 5919,5637 Park Avenue,Columbus,OH,43209,Consulting,crm,2025-12-14,meridianconsulting,+18985665919,5637 park ave,meridianconsulting.com,+18985665919,meridianconsulting,M635C524,5637|park|432
A00057,OAKMONT ROOFING LLC,,,3461 Washington Road,Portland,OR,97263,Roofing,billing,2022-06-02,oakmontroofing,,3461 washington rd,,,oakmontroofing,O255R152,3461|washington|972
A00058,Summit Bakery,www.summitbakery.com,418-918-1959,1890 Sunset Street,Austin,TX,78794,Bakery,trade_show,2025-03-23,summitbakery,+14189181959,1890 sunset st,summitbakery.com,+14189181959,summitbakery,S530B260,1890|sunset|787
A00059,Riverbend Desiggn LLC,www.riverbenddesign.com,,6166 Church Boulevard,Austin,TX,78767,Design,erp,2025-07-31,riverbenddesiggn,,6166 church blvd,riverbenddesign.com,,riverbenddesiggn,R161D225,6166|church|787
A00060,Maple Leaf Auto Repair,www.mapleleafautorepair.com,751.323.6628,7924 Maple Road,Columbus,OH,43208,Auto Repair,web_form,2022-02-24,mapleleafautorepair,+17513236628,7924 maple rd,mapleleafautorepair.com,+17513236628,mapleleafautorepair,M140L100A300R160,7924|maple|432
A00061,Falcon Insurance Ltd,www.falconinsurance.com,(586) 228-8819,8922 Sunset St,Portland,OR,97262,Insurance,erp,2024-07-28,falconinsurance,+15862288819,8922 sunset st,falconinsurance.com,+15862288819,falconinsurance,F425I526,8922|sunset|972
A00062,Riverbend Roofing Inc,www.riverbendroofing.com,(464) 456-4516,8330 Lake Drive,Columbus,OH,43272,Roofing,web_form,2025-01-31,riverbendroofing,+14644564516,8330 lake dr,riverbendroofing.com,+14644564516,riverbendroofing,R161R152,8330|lake|432
A00063,Pioneer Dental Inc,www.pioneerdental.com,(300) 732-2129,7434 Main Road,Nashville,TN,37231,Dental,crm,2025-01-05,pioneerdental,+13007322129,7434 main rd,pioneerdental.com,+13007322129,pioneerdental,P560D534,7434|main|372
A00064,Beacon Software,www.beaconsoftware.com,+1 476 774 4645,6399 Main Road,Phoenix,AZ,85095,Software,crm,2025-04-06,beaconsoftware,+14767744645,6399 main rd,beaconsoftware.com,+14767744645,beaconsoftware,B250S136,6399|main|850
A00065,Sterling Roofing,www.sterlingroofing.com,(526) 275-3665,2375 Cedar Drive,Columbus,OH,43290,Roofing,crm,2025-07-02,sterlingroofing,+15262753665,2375 cedar dr,sterlingroofing.com,+15262753665,sterlingroofing,S364R152,2375|cedar|432
A00066,Summit Bakery,www.summitbakery.com,418-918-1959,7278 Lake Drive,Chicago,IL,60606,Bakery,trade_show,2022-01-23,summitbakery,+14189181959,7278 lake dr,summitbakery.com,+14189181959,summitbakery,S530B260,7278|lake|606
A00067,Merridian Consulting Inc,www.meridianconsulting.com,,5637 Park Avenue,Columbus,OH,43209,Consulting,erp,2024-11-20,merridianconsulting,,5637 park ave,meridianconsulting.com,,merridianconsulting,M635C524,5637|park|432
A00068,Copper Hill Consulting Corp,www.copperhillconsulting.com,613.475.4035,5575 Lake Boulevard,Seattle,WA,98167,Consulting,trade_show,2024-10-06,copperhillconsulting,+16134754035,5575 lake blvd,copperhillconsulting.com,+16134754035,copperhillconsulting,C160H400C524,5575|lake|981
A00069,Lakeside Insurance Co,www.lakesideinsurance.com,579.553.3534,7920 Sunset Street,Austin,TX,78797,Insurance,billing,2022-03-25,lakesideinsurance,+15795533534,7920 sunset st,lakesideinsurance.com,+15795533534,lakesideinsurance,L223I526,7920|sunset|787
A00070,Atlas Insurance Ltd,www.atlasinsurance.com,3252034728,3956 Sunset Road,Portland,OR,97221,Insurance,crm,2025-02-21,atlasinsurance,+13252034728,3956 sunset rd,atlasinsurance.com,+13252034728,atlasinsurance,A342I526,3956|sunset|972
A00071,Blue Ridge Staffing Corp,www.blueridgestaffing.com,+1 838 905 9253,7969 Hill Boulevard,Atlanta,GA,30355,Staffing,trade_show,2026-03-20,blueridgestaffing,+18389059253,7969 hill blvd,blueridgestaffing.com,+18389059253,blueridgestaffing,B400R320S315,7969|hill|303
A00072,Sterling Logistics,www.sterlinglogistics.com,7433404753,1875 Park Road,Phoenix,AZ,85064,Logistics,billing,2023-05-04,sterlinglogistics,+17433404753,1875 park rd,sterlinglogistics.com,+17433404753,sterlinglogistics,S364L223,1875|park|850
A00073,Riverbend Insurance LLC,www.riverbendinsurance.com,291.675.8869,176 Oak Blvd,Chicago,IL,60653,Insurance,billing,2024-03-08,riverbendinsurance,+12916758869,176 oak blvd,riverbendinsurance.com,+12916758869,riverbendinsurance,R161I526,176|oak|606
A00074,Blue Ridge Legal Services Corp,www.blueridgelegalservices.com,202.711.0986,5902 Washington Boulevard,Columbus,OH,43204,Legal Services,billing,2022-05-12,blueridgelegalservices,+12027110986,5902 washington blvd,blueridgelegalservices.com,+12027110986,blueridgelegalservices,B400R320L240S612,5902|washington|432
A00075,Northgate Insurance,www.northgateinsurance.com,2889763627,4764 Park Avenue,Columbus,OH,43266,Insurance,trade_show,2024-12-14,northgateinsurance,+12889763627,4764 park ave,northgateinsurance.com,+12889763627,northgateinsurance,N632I526,4764|park|432
A00076,Falcon Plumbing Inc,,(342) 862-3366,6333 Hill Road,Seattle,WA,98152,Plumbing,crm,2024-06-07,falconplumbing,+13428623366,6333 hill rd,,+13428623366,falconplumbing,F425P451,6333|hill|981
A00077,Northgate Legal Services,,523.518.6643,9125 Elm Boulevard,Denver,CO,80285,Legal Services,crm,2025-01-17,northgatelegalservices,+15235186643,9125 elm blvd,,+15235186643,northgatelegalservices,N632L240S612,9125|elm|802
A00078,Stonebridge Roofing,www.stonebridgeroofing.com,651.760.4197,8925 Cedar Drive,Phoenix,AZ,85077,Roofing,billing,2023-06-16,stonebridgeroofing,+16517604197,8925 cedar dr,stonebridgeroofing.com,+16517604197,stonebridgeroofing,S351R152,8925|cedar|850
A00079,BLUE RIDGE LOGISTICS,,,7235 Sunset Drive,Portland,OR,97287,Logistics,web_form,2024-06-16,blueridgelogistics,,7235 sunset dr,,,blueridgelogistics,B400R320L223,7235|sunset|972
A00080,Evergreen Auto Repair Ltd,www.evergreenautorepair.com,278-665-0524,5050 Church Boulevard,Seattle,WA,98178,Auto Repair,trade_show,2023-01-04,evergreenautorepair,+12786650524,5050 church blvd,evergreenautorepair.com,+12786650524,evergreenautorepair,E162A300R160,5050|church|981
A00081,Irowood Staffing LLC,www.ironwoodstaffing.com,,7056 Cedar Drive,Chicago,IL,60647,Staffing,trade_show,2024-01-07,irowoodstaffing,,7056 cedar dr,ironwoodstaffing.com,,irowoodstaffing,I630S315,7056|cedar|606
A00082,Summit Cosnulting Corp,www.summitconsulting.com,7533589685,1480 Hill Road,Seattle,WA,98102,Consulting,billing,2025-03-08,summitcosnulting,+17533589685,1480 hill rd,summitconsulting.com,+17533589685,summitcosnulting,S530C254,1480|hill|981
A00083,Pioneer Plumbing Corp,,(296) 334-2936,3174 Lake Street,Seattle,WA,98159,Plumbing,trade_show,2026-08-21,pioneerplumbing,+12963342936,3174 lake st,,+12963342936,pioneerplumbing,P560P451,3174|lake|981
A00084,Atlas Auto Repair Co,www.atlasautorepair.com,983-802-8164,2821 Lake Road,Columbus,OH,43231,Auto Repair,crm,2025-08-24,atlasautorepair,+19838028164,2821 lake rd,atlasautorepair.com,+19838028164,atlasautorepair,A342A300R160,2821|lake|432
A00085,Northgate Legal Services,,(293) 650-3414,8622 Hill Avenue,Portland,OR,97239,Legal Services,crm,2025-01-17,northgatelegalservices,+12936503414,8622 hill ave,,+12936503414,northgatelegalservices,N632L240S612,8622|hill|972
A00086,Cedar Consulting LLC,www.cedarconsulting.com,335-944-1444,7133 Lake Drive,Denver,CO,80290,Consulting,web_form,2024-03-05,cedarconsulting,+13359441444,7133 lake dr,cedarconsulting.com,+13359441444,cedarconsulting,C360C524,7133|lake|802
A00087,Evergreen Logistics Corp,www.evergreenlogistics.com,907-874-9762,6737 Hill Road,Chicago,IL,60689,Logistics,trade_show,2022-05-06,evergreenlogistics,+19078749762,6737 hill rd,evergreenlogistics.com,+19078749762,evergreenlogistics,E162L223,6737|hill|606
A00088,HARBOR POINT INSURANCE Inc,,,4775 Park Avenue,Portland,OR,97254,Insurance,web_form,2025-04-04,harborpointinsurance,,4775 park ave,,,harborpointinsurance,H616P530I526,4775|park|972
A00089,BLUE RIDGE PLUMBING Ltd,,,6491 Sunset Boulevard,Chicago,IL,60624,Plumbing,erp,2024-01-25,blueridgeplumbing,,6491 sunset blvd,,,blueridgeplumbing,B400R320P451,6491|sunset|606
A00090,Falcon Analytics Co,www.falconanalytics.com,+1 468 935 0256,618 Hill Road,Denver,CO,80270,Analytics,web_form,2024-10-30,falconanalytics,+14689350256,618 hill rd,falconanalytics.com,+14689350256,falconanalytics,F425A543,618|hill|802
A00091,Oakont Landscaping Ltd,www.oakmontlandscaping.com,,4482 Church Road,Boston,MA,02143,Landscaping,erp,2024-10-16,oakontlandscaping,,4482 church rd,oakmontlandscaping.com,,oakontlandscaping,O253L532,4482|church|021
A00092,Beacon Bakery LLC,www.beaconbakery.com,502-909-0966,7751 Main Avenue,Chicago,IL,60681,Bakery,billing,2023-10-09,beaconbakery,+15029090966,7751 main ave,beaconbakery.com,+15029090966,beaconbakery,B250B260,7751|main|606
A00093,Harbor Point Logistics,,393.550.5026,1751 Park Boulevard,Phoenix,AZ,85026,Logistics,billing,2025-09-14,harborpointlogistics,+13935505026,1751 park blvd,,+13935505026,harborpointlogistics,H616P530L223,1751|park|850
A00094,Evergreen Insurance Corp,www.evergreeninsurance.com,6833738118,6540 Sunset Road,Columbus,OH,43246,Insurance,web_form,2024-09-16,evergreeninsurance,+16833738118,6540 sunset rd,evergreeninsurance.com,+16833738118,evergreeninsurance,E162I526,6540|sunset|432
A00095,Cedar Dental,www.cedardental.com,+1 579 615 3196,8407 Main Road,Denver,CO,80210,Dental,erp,2022-12-05,cedardental,+15796153196,8407 main rd,cedardental.com,+15796153196,cedardental,C360D534,8407|main|802
A00096,Falcon Analytics Co,www.falconanalytics.com,+1 468 935 0256,618 Hill Rd,Denver,CO,80270,Analytics,crm,2023-03-24,falconanalytics,+14689350256,618 hill rd,falconanalytics.com,+14689350256,falconanalytics,F425A543,618|hill|802
A00097,Stonebridge Staffing Ltd,www.stonebridgestaffing.com,9394432395,703 Washington Drive,Portland,OR,97294,Staffing,crm,2023-09-29,stonebridgestaffing,+19394432395,703 washington dr,stonebridgestaffing.com,+19394432395,stonebridgestaffing,S351S315,703|washington|972
A00098,NORTHGATE ROOFING,www.northgateroofing.com,(590) 824-3411,8598 Elm Dr,Columbus,OH,43263,Roofing,erp,2022-01-11,northgateroofing,+15908243411,8598 elm dr,northgateroofing.com,+15908243411,northgateroofing,N632R152,8598|elm|432
A00099,Summit Consulting Co,www.summitconsulting.com,(753) 358-9685,1480 Hill Rd,Seattle,WA,98102,Consulting,trade_show,2022-05-12,summitconsulting,+17533589685,1480 hill rd,summitconsulting.com,+17533589685,summitconsulting,S530C524,1480|hill|981
A00100,Oamont Insurance LLC,,3329180373,3733 Main Road,Seattle,WA,98141,Insurance,crm,2024-11-11,oamontinsurance,+13329180373,3733 main rd,,+13329180373,oamontinsurance,O553I526,3733|main|981
A00101,STONEBRIDGE DENTAL LLC,www.stonebridgedental.com,404.686.4194,7746 Park St,Austin,TX,78722,Dental,erp,2025-11-29,stonebridgedental,+14046864194,7746 park st,stonebridgedental.com,+14046864194,stonebridgedental,S351D534,7746|park|787
A00102,Riverbend Design Ltd,www.riverbenddesign.com,4569343239,6166 Church Boulevard,Austin,TX,78767,Design,erp,2024-06-13,riverbenddesign,+14569343239,6166 church blvd,riverbenddesign.com,+14569343239,riverbenddesign,R161D225,6166|church|787
A00103,Beacon Design Ltd,www.beacondesign.com,868-714-5621,1631 Church Street,Boston,MA,02127,Design,trade_show,2023-10-31,beacondesign,+18687145621,1631 church st,beacondesign.com,+18687145621,beacondesign,B250D225,1631|church|021
A00104,Falcon Legal Services Inc,,586-928-7786,4818 Sunset Street,Boston,MA,02158,Legal Services,trade_show,2025-10-16,falconlegalservices,+15869287786,4818 sunset st,,+15869287786,falconlegalservices,F425L240S612,4818|sunset|021
A00105,Silver Creek Consullting Ltd,www.silvercreekconsulting.com,(546) 983-7521,5465 Church Avenue,Chicago,IL,60663,Consulting,erp,2022-04-05,silvercreekconsullting,+15469837521,5465 church ave,silvercreekconsulting.com,+15469837521,silvercreekconsullting,S416C620C524,5465|church|606
A00106,Oakmont Roofing LLC,www.oakmontroofing.com,+1 754 484 1187,9031 Cedar Road,Seattle,WA,98161,Roofing,crm,2025-10-17,oakmontroofing,+17544841187,9031 cedar rd,oakmontroofing.com,+17544841187,oakmontroofing,O255R152,9031|cedar|981
A00107,Atlas Logistics,www.atlaslogistics.com,441-713-4840,1906 Sunset Drive,Columbus,OH,43229,Logistics,web_form,2024-02-02,atlaslogistics,+14417134840,1906 sunset dr,atlaslogistics.com,+14417134840,atlaslogistics,A342L223,1906|sunset|432
A00108,Pionneer Analytics,www.pioneeranalytics.com,,2836 Maple Road,Boston,MA,02186,Analytics,trade_show,2022-06-08,pionneeranalytics,,2836 maple rd,pioneeranalytics.com,,pionneeranalytics,P560A543,2836|maple|021
A00109,Ironwood Insurance,www.ironwoodinsurance.com,881.606.6335,1949 Main Avenue,Seattle,WA,98136,Insurance,billing,2022-04-10,ironwoodinsurance,+18816066335,1949 main ave,ironwoodinsurance.com,+18816066335,ironwoodinsurance,I653I526,1949|main|981
A00110,Northgate Analytics LLC,www.northgateanalytics.com,742.421.8895,3821 Church Road,Seattle,WA,98123,Analytics,erp,2025-04-16,northgateanalytics,+17424218895,3821 church rd,northgateanalytics.com,+17424218895,northgateanalytics,N632A543,3821|church|981
A00111,Cedar Legal Services Inc,www.cedarlegalservices.com,4078110860,5335 Maple Drive,Seattle,WA,98102,Legal Services,erp,2024-07-07,cedarlegalservices,+14078110860,5335 maple dr,cedarlegalservices.com,+14078110860,cedarlegalservices,C360L240S612,5335|maple|981
A00112,Ironwood Staffing Inc,www.ironwoodstaffing.com,(534) 600-7650,7056 Cedar Drive,Chicago,IL,60647,Staffing,trade_show,2024-11-21,ironwoodstaffing,+15346007650,7056 cedar dr,ironwoodstaffing.com,+15346007650,ironwoodstaffing,I653S315,7056|cedar|606
A00113,Harbor Point Electric Corp,www.harborpointelectric.com,7383441497,7741 Lake Street,Atlanta,GA,30304,Electric,trade_show,2025-02-12,harborpointelectric,+17383441497,7741 lake st,harborpointelectric.com,+17383441497,harborpointelectric,H616P530E423,7741|lake|303
A00114,Atlas Insurance Ltd,www.atlasinsurance.com,756-759-9186,2771 Washington Drive,Atlanta,GA,30318,Insurance,crm,2025-02-21,atlasinsurance,+17567599186,2771 washington dr,atlasinsurance.com,+17567599186,atlasinsurance,A342I526,2771|washington|303
A00115,Lakeside Logistics Corp,,594.740.8451,959 Church Avenue,Chicago,IL,60601,Logistics,crm,2024-09-15,lakesidelogistics,+15947408451,959 church ave,,+15947408451,lakesidelogistics,L223L223,959|church|606
A00116,Summit Plumbing Corp,www.summitplumbing.com,741-499-4489,1891 Elm Avenue,Atlanta,GA,30399,Plumbing,crm,2024-08-23,summitplumbing,+17414994489,1891 elm ave,summitplumbing.com,+17414994489,summitplumbing,S530P451,1891|elm|303
A00117,Blue Ridge Design,www.blueridgedesign.com,886.268.3542,2010 Washington Avenue,Chicago,IL,60680,Design,erp,2025-11-12,blueridgedesign,+18862683542,2010 washington ave,blueridgedesign.com,+18862683542,blueridgedesign,B400R320D225,2010|washington|606
A00118,Meridian Roofing Co,www.meridianroofing.com,933-850-4125,3017 Washington Avenue,Chicago,IL,60672,Roofing,web_form,2026-01-05,meridianroofing,+19338504125,3017 washington ave,meridianroofing.com,+19338504125,meridianroofing,M635R152,3017|washington|606
A00119,Beacon Design Ltd,www.beacondesign.com,(868) 714-5621,1631 Church St,Boston,MA,02127,Design,web_form,2025-01-04,beacondesign,+18687145621,1631 church st,beacondesign.com,+18687145621,beacondesign,B250D225,1631|church|021
A00120,Atlas Staffing,www.atlasstaffing.com,997.655.6802,5042 Oak Avenue,Boston,MA,02134,Staffing,crm,2022-12-13,atlasstaffing,+19976556802,5042 oak ave,atlasstaffing.com,+19976556802,atlasstaffing,A342S315,5042|oak|021
A00121,Oakmont Plumbing Corp,www.oakmontplumbing.com,666-320-3336,2545 Oak Road,Columbus,OH,43256,Plumbing,crm,2024-01-01,oakmontplumbing,+16663203336,2545 oak rd,oakmontplumbing.com,+16663203336,oakmontplumbing,O255P451,2545|oak|432
A00122,Beacon Electric Corp,www.beaconelectric.com,759-512-8936,4493 Oak Rd,Denver,CO,80210,Electric,billing,2024-09-28,beaconelectric,+17595128936,4493 oak rd,beaconelectric.com,+17595128936,beaconelectric,B250E423,4493|oak|802
A00123,Meridian Landscaping Inc,www.meridianlandscaping.com,842-875-3242,7839 Sunset Boulevard,Boston,MA,02189,Landscaping,crm,2022-10-07,meridianlandscaping,+18428753242,7839 sunset blvd,meridianlandscaping.com,+18428753242,meridianlandscaping,M635L532,7839|sunset|021
A00124,Beacon Legal Services Ltd,www.beaconlegalservices.com,6308562057,2644 Maple Avenue,Atlanta,GA,30348,Legal Services,erp,2026-02-25,beaconlegalservices,+16308562057,2644 maple ave,beaconlegalservices.com,+16308562057,beaconlegalservices,B250L240S612,2644|maple|303
A00125,Sterling Logistics,www.sterlinglogistics.com,7433404753,4511 Elm Drive,Chicago,IL,60687,Logistics,erp,2023-01-25,sterlinglogistics,+17433404753,4511 elm dr,sterlinglogistics.com,+17433404753,sterlinglogistics,S364L223,4511|elm|606
A00126,Silver Creek Bakery Corp,www.silvercreekbakery.com,827-625-1042,7375 Lake Boulevard,Phoenix,AZ,85004,Bakery,web_form,2022-05-20,silvercreekbakery,+18276251042,7375 lake blvd,silvercreekbakery.com,+18276251042,silvercreekbakery,S416C620B260,7375|lake|850
A00127,MAPLE LEAF PLUMBING Inc,,,162 Oak Road,Atlanta,GA,30327,Plumbing,erp,2022-06-17,mapleleafplumbing,,162 oak rd,,,mapleleafplumbing,M140L100P451,162|oak|303
A00128,Meridian Landscaping Inc,www.meridianlandscaping.com,541-537-1503,4370 Hill Street,Portland,OR,97257,Landscaping,crm,2022-10-07,meridianlandscaping,+15415371503,4370 hill st,meridianlandscaping.com,+15415371503,meridianlandscaping,M635L532,4370|hill|972
A00129,Keystone Roofing Corp,www.keystoneroofing.com,660-285-6248,909 Elm Boulevard,Columbus,OH,43277,Roofing,web_form,2023-06-09,keystoneroofing,+16602856248,909 elm blvd,keystoneroofing.com,+16602856248,keystoneroofing,K235R152,909|elm|432
A00130,Cedar Denttal Ltd,www.cedardental.com,,8407 Main Road,Denver,CO,80210,Dental,web_form,2026-07-07,cedardenttal,,8407 main rd,cedardental.com,,cedardenttal,C360D534,8407|main|802
A00131,Ironwood Plumbing Co,www.ironwoodplumbing.com,274-224-0579,9278 Elm Road,Chicago,IL,60685,Plumbing,web_form,2023-10-25,ironwoodplumbing,+12742240579,9278 elm rd,ironwoodplumbing.com,+12742240579,ironwoodplumbing,I653P451,9278|elm|606
A00132,Meridian Plumbing Corp,,(728) 334-4366,8768 Main Avenue,Nashville,TN,37273,Plumbing,erp,2022-11-19,meridianplumbing,+17283344366,8768 main ave,,+17283344366,meridianplumbing,M635P451,8768|main|372
A00133,Beacon Software,www.beaconsoftware.com,476-774-4645,4024 Sunset Street,Austin,TX,78781,Software,web_form,2022-02-25,beaconsoftware,+14767744645,4024 sunset st,beaconsoftware.com,+14767744645,beaconsoftware,B250S136,4024|sunset|787
A00134,Harbor Point Plumbing LLC,www.harborpointplumbing.com,502.459.1947,7572 Oak Avenue,Portland,OR,97246,Plumbing,erp,2023-05-10,harborpointplumbing,+15024591947,7572 oak ave,harborpointplumbing.com,+15024591947,harborpointplumbing,H616P530P451,7572|oak|972
A00135,Evergreen Design Co,www.evergreendesign.com,264.614.4456,9609 Elm Boulevard,Phoenix,AZ,85092,Design,crm,2024-02-12,evergreendesign,+12646144456,9609 elm blvd,evergreendesign.com,+12646144456,evergreendesign,E162D225,9609|elm|850
A00136,Smmit Plumbing Corp,www.summitplumbing.com,(741) 499-4489,1891 Elm Avenue,Atlanta,GA,30399,Plumbing,erp,2024-09-12,smmitplumbing,+17414994489,1891 elm ave,summitplumbing.com,+17414994489,smmitplumbing,S530P451,1891|elm|303
A00137,Meridian Bakery Corp,www.meridianbakery.com,665.394.0405,779 Church St,Seattle,WA,98157,Bakery,crm,2025-11-02,meridianbakery,+16653940405,779 church st,meridianbakery.com,+16653940405,meridianbakery,M635B260,779|church|981
A00138,Falcon Insurance Ltd,www.falconinsurance.com,(586) 228-8819,8922 Sunset Street,Portland,OR,97262,Insurance,crm,2024-11-22,falconinsurance,+15862288819,8922 sunset st,falconinsurance.com,+15862288819,falconinsurance,F425I526,8922|sunset|972
A00139,Harbor Point Analytics LLC,www.harborpointanalytics.com,4648963605,8919 Lake Street,Austin,TX,78730,Analytics,billing,2024-12-02,harborpointanalytics,+14648963605,8919 lake st,harborpointanalytics.com,+14648963605,harborpointanalytics,H616P530A543,8919|lake|787
A00140,Northgate Insurance,www.northgateinsurance.com,2889763627,4764 Park Ave,Columbus,OH,43266,Insurance,web_form,2023-10-01,northgateinsurance,+12889763627,4764 park ave,northgateinsurance.com,+12889763627,northgateinsurance,N632I526,4764|park|432
A00141,Summit Consulting Corp,www.summitconsulting.com,753-358-9685,1480 Hill Road,Seattle,WA,98102,Consulting,erp,2022-12-30,summitconsulting,+17533589685,1480 hill rd,summitconsulting.com,+17533589685,summitconsulting,S530C524,1480|hill|981
A00142,Granite Staffing Co,www.granitestaffing.com,481-835-0304,8400 Lake Drive,Atlanta,GA,30383,Staffing,erp,2023-01-08,granitestaffing,+14818350304,8400 lake dr,granitestaffing.com,+14818350304,granitestaffing,G653S315,8400|lake|303
A00143,Redwood Design Ltd,,355.497.6160,5537 Lake Drive,Atlanta,GA,30385,Design,erp,2026-03-16,redwooddesign,+13554976160,5537 lake dr,,+13554976160,redwooddesign,R330D225,5537|lake|303
A00144,Oakmont Plumbing Corp,www.oakmontplumbing.com,6663203336,7473 Sunset Road,Portland,OR,97281,Plumbing,trade_show,2024-01-16,oakmontplumbing,+16663203336,7473 sunset rd,oakmontplumbing.com,+16663203336,oakmontplumbing,O255P451,7473|sunset|972
A00145,Beacon Roofing,www.beaconroofing.com,431-483-2171,7224 Park Street,Denver,CO,80267,Roofing,crm,2024-08-05,beaconroofing,+14314832171,7224 park st,beaconroofing.com,+14314832171,beaconroofing,B250R152,7224|park|802
A00146,Oakmont Insurance Co,www.oakmontinsurance.com,332.918.0373,3733 Main Road,Seattle,WA,98141,Insurance,crm,2023-02-02,oakmontinsurance,+13329180373,3733 main rd,oakmontinsurance.com,+13329180373,oakmontinsurance,O255I526,3733|main|981
A00147,Harbor Point Insurance Inc,www.harborpointinsurance.com,6588383492,6401 Maple Road,Atlanta,GA,30319,Insurance,trade_show,2024-05-19,harborpointinsurance,+16588383492,6401 maple rd,harborpointinsurance.com,+16588383492,harborpointinsurance,H616P530I526,6401|maple|303
A00148,Cedar Bakery,www.cedarbakery.com,719.479.5056,355 Maple Drive,Phoenix,AZ,85024,Bakery,trade_show,2024-01-09,cedarbakery,+17194795056,355 maple dr,cedarbakery.com,+17194795056,cedarbakery,C360B260,355|maple|850
A00149,Lakeside Analytics LLC,www.lakesideanalytics.com,(362) 612-3308,5756 Church Avenue,Seattle,WA,98166,Analytics,trade_show,2026-04-23,lakesideanalytics,+13626123308,5756 church ave,lakesideanalytics.com,+13626123308,lakesideanalytics,L223A543,5756|church|981
A00150,Blue Ridge Auto Repair Co,www.blueridgeautorepair.com,8267128412,9416 Cedar Drive,Seattle,WA,98191,Auto Repair,web_form,2026-04-19,blueridgeautorepair,+18267128412,9416 cedar dr,blueridgeautorepair.com,+18267128412,blueridgeautorepair,B400R320A300R160,9416|cedar|981
A00151,Beacon Electtric Ltd,www.beaconelectric.com,759-512-8936,4493 Oak Road,Denver,CO,80210,Electric,crm,2026-03-08,beaconelecttric,+17595128936,4493 oak rd,beaconelectric.com,+17595128936,beaconelecttric,B250E423,4493|oak|802
A00152,Maple Leaf Analytics Co,www.mapleleafanalytics.com,486-319-2622,8838 Washington Boulevard,Chicago,IL,60697,Analytics,trade_show,2022-09-30,mapleleafanalytics,+14863192622,8838 washington blvd,mapleleafanalytics.com,+14863192622,mapleleafanalytics,M140L100A543,8838|washington|606
A00153,Northgate Software Corp,www.northgatesoftware.com,+1 757 910 2228,4276 Washington Boulevard,Columbus,OH,43285,Software,erp,2025-12-18,northgatesoftware,+17579102228,4276 washington blvd,northgatesoftware.com,+17579102228,northgatesoftware,N632S136,4276|washington|432
A00154,Blue Ridge Insurance Corp,www.blueridgeinsurance.com,+1 241 392 2471,530 Cedar Road,Seattle,WA,98152,Insurance,erp,2025-05-04,blueridgeinsurance,+12413922471,530 cedar rd,blueridgeinsurance.com,+12413922471,blueridgeinsurance,B400R320I526,530|cedar|981
A00155,Beacon Electric Ltd,www.beaconelectric.com,(759) 512-8936,4493 Oak Road,Denver,CO,80210,Electric,crm,2023-11-17,beaconelectric,+17595128936,4493 oak rd,beaconelectric.com,+17595128936,beaconelectric,B250E423,4493|oak|802
A00156,Meridian Auto Repair Ltd,www.meridianautorepair.com,+1 712 829 2608,1438 Lake Boulevard,Boston,MA,02116,Auto Repair,trade_show,2026-06-10,meridianautorepair,+17128292608,1438 lake blvd,meridianautorepair.com,+17128292608,meridianautorepair,M635A300R160,1438|lake|021
A00157,Meridian Staffing LLC,,389.487.6594,5117 Church Drive,Seattle,WA,98170,Staffing,billing,2025-05-13,meridianstaffing,+13894876594,5117 church dr,,+13894876594,meridianstaffing,M635S315,5117|church|981
A00158,Oakmont Landscaping Corp,www.oakmontlandscaping.com,303-210-5826,4482 Church Road,Boston,MA,02143,Landscaping,erp,2022-04-12,oakmontlandscaping,+13032105826,4482 church rd,oakmontlandscaping.com,+13032105826,oakmontlandscaping,O255L532,4482|church|021
A00159,Pioneer Analytics Ltd,www.pioneeranalytics.com,(692) 350-3105,2836 Maple Road,Boston,MA,02186,Analytics,billing,2022-08-24,pioneeranalytics,+16923503105,2836 maple rd,pioneeranalytics.com,+16923503105,pioneeranalytics,P560A543,2836|maple|021
A00160,Maple Leaf Staffing Corp,www.mapleleafstaffing.com,540.254.0620,6615 Hill Drive,Seattle,WA,98113,Staffing,billing,2023-11-20,mapleleafstaffing,+15402540620,6615 hill dr,mapleleafstaffing.com,+15402540620,mapleleafstaffing,M140L100S315,6615|hill|981
A00161,Beacon Plumbing Inc,www.beaconplumbing.com,814-800-4661,9325 Oak Avenue,Portland,OR,97236,Plumbing,erp,2023-05-29,beaconplumbing,+18148004661,9325 oak ave,beaconplumbing.com,+18148004661,beaconplumbing,B250P451,9325|oak|972
A00162,Blue Ridge Plumbing Ltd,www.blueridgeplumbing.com,(512) 669-5203,4078 Oak Road,Columbus,OH,43246,Plumbing,billing,2024-03-29,blueridgeplumbing,+15126695203,4078 oak rd,blueridgeplumbing.com,+15126695203,blueridgeplumbing,B400R320P451,4078|oak|432
A00163,Evergreen Electric Co,www.evergreenelectric.com,305.569.0937,2256 Cedar Street,Chicago,IL,60602,Electric,billing,2026-01-31,evergreenelectric,+13055690937,2256 cedar st,evergreenelectric.com,+13055690937,evergreenelectric,E162E423,2256|cedar|606
A00164,Cedar Consullting Co,,(335) 944-1444,7133 Lake Drive,Denver,CO,80290,Consulting,crm,2023-02-16,cedarconsullting,+13359441444,7133 lake dr,,+13359441444,cedarconsullting,C360C524,7133|lake|802
A00165,Evergreen Insurance Corp,www.evergreeninsurance.com,683.373.8118,969 Lake Boulevard,Nashville,TN,37253,Insurance,erp,2025-06-05,evergreeninsurance,+16833738118,969 lake blvd,evergreeninsurance.com,+16833738118,evergreeninsurance,E162I526,969|lake|372
A00166,Silver Creek Legal Services Co,www.silvercreeklegalservices.com,+1 255 503 7097,5003 Sunset Street,Chicago,IL,60631,Legal Services,trade_show,2025-05-08,silvercreeklegalservices,+12555037097,5003 sunset st,silvercreeklegalservices.com,+12555037097,silvercreeklegalservices,S416C620L240S612,5003|sunset|606
A00167,Maple eLaf Analytics Ltd,www.mapleleafanalytics.com,,8838 Washington Boulevard,Chicago,IL,60697,Analytics,web_form,2023-09-10,mapleelafanalytics,,8838 washington blvd,mapleleafanalytics.com,,mapleelafanalytics,M140E410A543,8838|washington|606
A00168,Silver Creek Consulting Ltd,www.silvercreekconsulting.com,+1 546 983 7521,5465 Church Avenue,Chicago,IL,60663,Consulting,trade_show,2023-12-19,silvercreekconsulting,+15469837521,5465 church ave,silvercreekconsulting.com,+15469837521,silvercreekconsulting,S416C620C524,5465|church|606
A00169,Summit Software Ltd,www.summitsoftware.com,+1 367 691 3336,7672 Elm Boulevard,Nashville,TN,37257,Software,trade_show,2023-03-16,summitsoftware,+13676913336,7672 elm blvd,summitsoftware.com,+13676913336,summitsoftware,S530S136,7672|elm|372
