contact_id,account_id,first_name,last_name,email,phone,title,address,city,state,zip,source_system,updated_at,first_norm,last_norm,email_norm,phone_norm,address_norm,k_email,k_phone,k_name_domain,k_name_street,k_name_swap,master_account_id,k_name_acct,k_initial_acct
C00001,,Daniel,Miller,danielmiller0177@gmail.com,(285) 404-3095,VP Sales,,,,,trade_show,2026-04-24,daniel,miller,danielmiller0177@gmail.com,+12854043095,,danielmiller0177@gmail.com,+12854043095,,,,,,
C00002,A00084,Nathan,Nguyen,nathan.nguyen@atlasautorepair.com,980-994-0754,VP Sales,,,,,web_form,2022-06-10,nathan,nguyen,nathan.nguyen@atlasautorepair.com,+19809940754,,nathan.nguyen@atlasautorepair.com,+19809940754,nN250|atlasautorepair.com,,nN250nN350|atlasautorepair.com,A00084,nN250nN350|A00084,nN250|A00084
C00003,A00108,Susan,Lee,susan.lee@pioneeranalytics.com,+1 368 637 3788,Office Manager,,,,,crm,2022-01-11,susan,lee,susan.lee@pioneeranalytics.com,+13686373788,,susan.lee@pioneeranalytics.com,+13686373788,sL000|pioneeranalytics.com,,lS250sL000|pioneeranalytics.com,A00159,lS250sL000|A00159,sL000|A00159
C00004,A00125,Patricia,Anderson,patricia.anderson@sterlinglogistics.com,2146373211,Purchasing Agent,,,,,billing,2022-05-31,patricia,anderson,patricia.anderson@sterlinglogistics.com,+12146373211,,patricia.anderson@sterlinglogistics.com,+12146373211,pA536|sterlinglogistics.com,,aP362pA536|sterlinglogistics.com,A00072,aP362pA536|A00072,pA536|A00072
C00005,A00096,Daniel,Walker,daniel.walker@falconanalytics.com,294-925-4387,Engineer,,,,,web_form,2025-09-19,daniel,walker,daniel.walker@falconanalytics.com,+12949254387,,daniel.walker@falconanalytics.com,+12949254387,dW426|falconanalytics.com,,dW426wD540|falconanalytics.com,A00090,dW426wD540|A00090,dW426|A00090
C00006,A00110,Aisha,Nguyen,,,VP Sales,,,,,web_form,2025-01-03,aisha,nguyen,,,,,,,,,A00110,aN250nA200|A00110,aN250|A00110
C00007,A00126,Daniel,Walker,daniel.walker@silvercreekbakery.com,+1 790 620 6534,Purchasing Agent,,,,,billing,2023-06-12,daniel,walker,daniel.walker@silvercreekbakery.com,+17906206534,,daniel.walker@silvercreekbakery.com,+17906206534,dW426|silvercreekbakery.com,,dW426wD540|silvercreekbakery.com,A00126,dW426wD540|A00126,dW426|A00126
C00008,A00147,Joseph,Taylor,joseph.taylor@harborpointinsurance.com,8157549384,Director of Operations,8664 Church Boulevard,Austin,TX,78757,web_form,2025-04-30,joseph,taylor,joseph.taylor@harborpointinsurance.com,+18157549384,8664 church blvd,joseph.taylor@harborpointinsurance.com,+18157549384,jT460|harborpointinsurance.com,jT460|8664|church|787,jT460tJ210|harborpointinsurance.com,A00147,jT460tJ210|A00147,jT460|A00147
C00009,A00107,Carlos,Allen,carlos.allen@atlaslogistics.com,656-328-4479,Owner,,,,,erp,2022-08-13,carlos,allen,carlos.allen@atlaslogistics.com,+16563284479,,carlos.allen@atlaslogistics.com,+16563284479,cA450|atlaslogistics.com,,aC642cA450|atlaslogistics.com,A00107,aC642cA450|A00107,cA450|A00107
C00010,A00127,Hannah,Wilson,hannah.wilson@mapleleafplumbing.com,583-620-5998,VP Sales,5785 Hill Road,Atlanta,GA,30371,web_form,2026-06-26,hannah,wilson,hannah.wilson@mapleleafplumbing.com,+15836205998,5785 hill rd,hannah.wilson@mapleleafplumbing.com,+15836205998,hW425|mapleleafplumbing.com,hW425|5785|hill|303,hW425wH500|mapleleafplumbing.com,A00127,hW425wH500|A00127,hW425|A00127
C00011,A00107,Wei,Miller,wei.miller@atlaslogistics.com,(523) 691-9921,Purchasing Agent,353 Lake Boulevard,Boston,MA,02129,erp,2025-12-06,wei,miller,wei.miller@atlaslogistics.com,+15236919921,353 lake blvd,wei.miller@atlaslogistics.com,+15236919921,wM460|atlaslogistics.com,wM460|353|lake|021,mW000wM460|atlaslogistics.com,A00107,mW000wM460|A00107,wM460|A00107
C00012,A00043,Marcus,Harris,marcusharris0026@gmail.com,950.209.6118,Director of Operations,,,,,billing,2024-01-19,marcus,harris,marcusharris0026@gmail.com,+19502096118,,marcusharris0026@gmail.com,+19502096118,,,,A00043,hM622mH620|A00043,mH620|A00043
C00013,A00072,Rick,White,rick.white@sterlinglogistics.com,(984) 331-2810,CFO,,,,,web_form,2023-12-06,richard,white,rick.white@sterlinglogistics.com,+19843312810,,rick.white@sterlinglogistics.com,+19843312810,rW300|sterlinglogistics.com,,rW300wR263|sterlinglogistics.com,A00072,rW300wR263|A00072,rW300|A00072
C00014,A00117,Christopher,Kim,christopher.kim.jr@blueridgedesign.com,+1 886 438 5540,Engineer,7245 Cedar Street,Boston,MA,02153,trade_show,2026-06-06,christopher,kim,christopher.kim.jr@blueridgedesign.com,+18864385540,7245 cedar st,christopher.kim.jr@blueridgedesign.com,+18864385540,cK500|blueridgedesign.com,cK500|7245|cedar|021,cK500kC623|blueridgedesign.com,A00117,cK500kC623|A00117,cK500|A00117
C00015,A00068,Patricia,Clark,,,Purchasing Agent,,,,,erp,2022-11-23,patricia,clark,,,,,,,,,A00068,cP362pC462|A00068,pC462|A00068
C00016,A00100,D.,Kim,,,Director of Operations,,,,,erp,2022-05-07,d,kim,,,,,,,,,A00100,dK500kD000|A00100,dK500|A00100
C00017,A00047,Omar,Smith,info@redwoodroofing.com,(829) 380-9072,VP Sales,,,,,billing,2025-11-25,omar,smith,info@redwoodroofing.com,+18293809072,,,+18293809072,oS530|redwoodroofing.com,,oS530sO560|redwoodroofing.com,A00047,oS530sO560|A00047,oS530|A00047
C00018,A00073,Brown,Saah,,2808927453,Engineer,6360 CEDAR BLVD,Phoenix,AZ,85076,trade_show,2025-09-10,brown,saah,,+12808927453,6360 cedar blvd,,+12808927453,,bS000|6360|cedar|850,,A00024,bS000sB650|A00024,bS000|A00024
C00019,A00047,Richard,Patel,info@redwoodroofing.com,(807) 561-8058,Owner,,,,,trade_show,2022-05-09,richard,patel,info@redwoodroofing.com,+18075618058,,,+18075618058,rP340|redwoodroofing.com,,pR263rP340|redwoodroofing.com,A00047,pR263rP340|A00047,rP340|A00047
C00020,A00048,Kevin,Taylor,kevin.taylor@pioneerlandscaping.com,+1 665 867 3840,Office Manager,9605 Washington Drive,Austin,TX,78792,trade_show,2022-12-26,kevin,taylor,kevin.taylor@pioneerlandscaping.com,+16658673840,9605 washington dr,kevin.taylor@pioneerlandscaping.com,+16658673840,kT460|pioneerlandscaping.com,kT460|9605|washington|787,kT460tK150|pioneerlandscaping.com,A00048,kT460tK150|A00048,kT460|A00048
C00021,,Katherine,Moore,katherinemoore0043@gmail.com,,Engineer,,,,,web_form,2022-04-22,katherine,moore,katherinemoore0043@gmail.com,,,katherinemoore0043@gmail.com,,,,,,,
C00022,A00089,Daniel,Patel,daniel.patel@blueridgeplumbing.com,837-520-3085,VP Sales,,,,,erp,2024-04-03,daniel,patel,daniel.patel@blueridgeplumbing.com,+18375203085,,daniel.patel@blueridgeplumbing.com,+18375203085,dP340|blueridgeplumbing.com,,dP340pD540|blueridgeplumbing.com,A00089,dP340pD540|A00089,dP340|A00089
C00023,A00119,Carlos,Anderson,,,Purchasing Agent,,,,,web_form,2022-07-05,carlos,anderson,,,,,,,,,A00119,aC642cA536|A00119,cA536|A00119
C00024,A00026,Jennifer,Garcia,jennifer.garcia@silvercreekconsulting.com,+1 480 683 6678,Engineer,6195 Cedar Boulevard,Portland,OR,97263,trade_show,2025-11-13,jennifer,garcia,jennifer.garcia@silvercreekconsulting.com,+14806836678,6195 cedar blvd,jennifer.garcia@silvercreekconsulting.com,+14806836678,jG620|silvercreekconsulting.com,jG620|6195|cedar|972,gJ516jG620|silvercreekconsulting.com,A00026,gJ516jG620|A00026,jG620|A00026
C00025,A00117,Aisha,Young,ayoung@blueridgedesign.com,(431) 815-1394,Office Manager,,,,,web_form,2025-02-27,aisha,young,ayoung@blueridgedesign.com,+14318151394,,ayoung@blueridgedesign.com,+14318151394,aY520|blueridgedesign.com,,aY520yA200|blueridgedesign.com,A00117,aY520yA200|A00117,aY520|A00117
C00026,A00052,James,Wilson,james.wilson@blueridgeanalytics.com,593.324.8699,Purchasing Agent,,,,,crm,2022-02-27,james,wilson,james.wilson@blueridgeanalytics.com,+15933248699,,james.wilson@blueridgeanalytics.com,+15933248699,jW425|blueridgeanalytics.com,,jW425wJ520|blueridgeanalytics.com,A00052,jW425wJ520|A00052,jW425|A00052
C00027,A00075,Michael,Clark,michael.clark@northgateinsurance.com,622.476.8950,Office Manager,,,,,erp,2025-01-07,michael,clark,michael.clark@northgateinsurance.com,+16224768950,,michael.clark@northgateinsurance.com,+16224768950,mC462|northgateinsurance.com,,cM240mC462|northgateinsurance.com,A00075,cM240mC462|A00075,mC462|A00075
C00028,A00074,Robert,Johnson,robert.johnson.jr@blueridgelegalservices.com,410.363.8074,CFO,9221 Sunset Street,Atlanta,GA,30360,billing,2022-05-19,robert,johnson,robert.johnson.jr@blueridgelegalservices.com,+14103638074,9221 sunset st,robert.johnson.jr@blueridgelegalservices.com,+14103638074,rJ525|blueridgelegalservices.com,rJ525|9221|sunset|303,jR163rJ525|blueridgelegalservices.com,A00074,jR163rJ525|A00074,rJ525|A00074
C00029,A00142,Wei,Walker,wei.walker@granitestaffing.com,4856672191,Director of Operations,,,,,crm,2023-12-11,wei,walker,wei.walker@granitestaffing.com,+14856672191,,wei.walker@granitestaffing.com,+14856672191,wW426|granitestaffing.com,,wW000wW426|granitestaffing.com,A00142,wW000wW426|A00142,wW426|A00142
C00030,A00121,Thomas,Clark,thomas.clark@oakmontplumbing.com,531.406.0241,Purchasing Agent,,,,,billing,2025-08-27,thomas,clark,thomas.clark@oakmontplumbing.com,+15314060241,,thomas.clark@oakmontplumbing.com,+15314060241,tC462|oakmontplumbing.com,,cT520tC462|oakmontplumbing.com,A00144,cT520tC462|A00144,tC462|A00144
C00031,A00107,Patricia,Harris,patricia.harris@atlaslogistics.com,685-888-6896,Engineer,,,,,erp,2024-03-25,patricia,harris,patricia.harris@atlaslogistics.com,+16858886896,,patricia.harris@atlaslogistics.com,+16858886896,pH620|atlaslogistics.com,,hP362pH620|atlaslogistics.com,A00107,hP362pH620|A00107,pH620|A00107
C00032,A00148,Christopher,Harris,christopher.harris@cedarbakery.com,(259) 646-6677,VP Sales,,,,,crm,2025-03-11,christopher,harris,christopher.harris@cedarbakery.com,+12596466677,,christopher.harris@cedarbakery.com,+12596466677,cH620|cedarbakery.com,,cH620hC623|cedarbakery.com,A00148,cH620hC623|A00148,cH620|A00148
C00033,,Carlos,Williams,carloswilliams0169@gmail.com,271-556-4378,CFO,,,,,erp,2026-04-03,carlos,williams,carloswilliams0169@gmail.com,+12715564378,,carloswilliams0169@gmail.com,+12715564378,,,,,,
C00034,A00127,Hannah,Allen,,,Purchasing Agent,,,,,trade_show,2022-08-29,hannah,allen,,,,,,,,,A00127,aH500hA450|A00127,hA450|A00127
C00035,A00082,Christopher,Harris,christopher.harris@summitconsulting.com,854-703-3685,Director of Operations,,,,,web_form,2022-03-22,christopher,harris,christopher.harris@summitconsulting.com,+18547033685,,christopher.harris@summitconsulting.com,+18547033685,cH620|summitconsulting.com,,cH620hC623|summitconsulting.com,A00141,cH620hC623|A00141,cH620|A00141
C00036,A00016,Omar,Kim,okim@northgateplumbing.com,+1 420 867 6410,Owner,5985 Sunset Boulevard,Chicago,IL,60632,web_form,2025-12-15,omar,kim,okim@northgateplumbing.com,+14208676410,5985 sunset blvd,okim@northgateplumbing.com,+14208676410,oK500|northgateplumbing.com,oK500|5985|sunset|606,kO560oK500|northgateplumbing.com,A00016,kO560oK500|A00016,oK500|A00016
C00037,A00035,Anthony,Lewis,anthony.lewis@pioneersoftware.com,2668832617,VP Sales,6398 Elm Road,Atlanta,GA,30323,erp,2025-11-22,anthony,lewis,anthony.lewis@pioneersoftware.com,+12668832617,6398 elm rd,anthony.lewis@pioneersoftware.com,+12668832617,aL200|pioneersoftware.com,aL200|6398|elm|303,aL200lA535|pioneersoftware.com,A00035,aL200lA535|A00035,aL200|A00035
C00038,A00094,Anthony,Lewis,anthony.lewis@evergreeninsurance.com,687.510.3999,Owner,8395 Church Road,Austin,TX,78760,erp,2025-10-15,anthony,lewis,anthony.lewis@evergreeninsurance.com,+16875103999,8395 church rd,anthony.lewis@evergreeninsurance.com,+16875103999,aL200|evergreeninsurance.com,aL200|8395|church|787,aL200lA535|evergreeninsurance.com,A00165,aL200lA535|A00165,aL200|A00165
C00039,,Katherine,Moore,katherinemoore0043@gmail.com,951.366.8758,Engineer,,,,,erp,2026-05-07,katherine,moore,katherinemoore0043@gmail.com,+19513668758,,katherinemoore0043@gmail.com,+19513668758,,,,,,
C00040,A00010,Lewis,Katheriine,,583-230-9670,Owner,,,,,trade_show,2022-05-29,lewis,katheriine,,+15832309670,,,+15832309670,,,,A00010,kL200lK365|A00010,lK365|A00010
C00041,A00061,Linda,Lopez,linda.lopez@falconinsurance.com,2535634843,Office Manager,,,,,erp,2024-04-28,linda,lopez,linda.lopez@falconinsurance.com,+12535634843,,linda.lopez@falconinsurance.com,+12535634843,lL120|falconinsurance.com,,lL120lL530|falconinsurance.com,A00138,lL120lL530|A00138,lL120|A00138
C00042,A00032,Margaret,Anderson,margaret.anderson@atlasconsulting.com,(518) 576-6288,Office Manager,,,,,billing,2026-01-31,margaret,anderson,margaret.anderson@atlasconsulting.com,+15185766288,,margaret.anderson@atlasconsulting.com,+15185766288,mA536|atlasconsulting.com,,aM626mA536|atlasconsulting.com,A00032,aM626mA536|A00032,mA536|A00032
C00043,A00045,J.,Wilson,,(434) 357-1794,Owner,,,,,trade_show,2022-08-14,j,wilson,,+14343571794,,,+14343571794,,,,A00045,jW425wJ000|A00045,jW425|A00045
C00044,A00130,Thomas,Smith,thomas.smith@cedardental.com,+1 798 532 8339,Engineer,,,,,web_form,2026-03-31,thomas,smith,thomas.smith@cedardental.com,+17985328339,,thomas.smith@cedardental.com,+17985328339,tS530|cedardental.com,,sT520tS530|cedardental.com,A00095,sT520tS530|A00095,tS530|A00095
C00045,A00043,Jennifer,Martinez,jennifer.martinez@evergreenlegalservices.com,(753) 781-7249,Purchasing Agent,5039 Washington Avenue,Denver,CO,80274,erp,2023-06-21,jennifer,martinez,jennifer.martinez@evergreenlegalservices.com,+17537817249,5039 washington ave,jennifer.martinez@evergreenlegalservices.com,+17537817249,jM635|evergreenlegalservices.com,jM635|5039|washington|802,jM635mJ516|evergreenlegalservices.com,A00043,jM635mJ516|A00043,jM635|A00043
C00046,A00055,Margaret,Thompson,margaret.thompson@blueridgeautorepair.com,7467928605,Director of Operations,,,,,crm,2026-03-21,margaret,thompson,margaret.thompson@blueridgeautorepair.com,+17467928605,,margaret.thompson@blueridgeautorepair.com,+17467928605,mT512|blueridgeautorepair.com,,mT512tM626|blueridgeautorepair.com,A00055,mT512tM626|A00055,mT512|A00055
C00047,A00145,Anthony,Anderson,anthony.anderson@beaconroofing.com,+1 962 738 4092,Engineer,,,,,erp,2024-01-16,anthony,anderson,anthony.anderson@beaconroofing.com,+19627384092,,anthony.anderson@beaconroofing.com,+19627384092,aA536|beaconroofing.com,,aA535aA536|beaconroofing.com,A00145,aA535aA536|A00145,aA536|A00145
C00048,A00006,Omar,Davis,omar.davis@northgatebakery.com,275.629.2576,VP Sales,,,,,erp,2023-01-05,omar,davis,omar.davis@northgatebakery.com,+12756292576,,omar.davis@northgatebakery.com,+12756292576,oD120|northgatebakery.com,,dO560oD120|northgatebakery.com,A00006,dO560oD120|A00006,oD120|A00006
C00049,A00160,Hannah,Lee,hannahlee0028@gmail.com,291.492.9375,Director of Operations,,,,,web_form,2022-03-08,hannah,lee,hannahlee0028@gmail.com,+12914929375,,hannahlee0028@gmail.com,+12914929375,,,,A00160,hL000lH500|A00160,hL000|A00160
C00050,A00010,Katherine,Lewis,katherine.lewis@mapleleafstaffing.com,(583) 230-9670,Owner,,,,,web_form,2026-07-29,katherine,lewis,katherine.lewis@mapleleafstaffing.com,+15832309670,,katherine.lewis@mapleleafstaffing.com,+15832309670,kL200|mapleleafstaffing.com,,kL200lK365|mapleleafstaffing.com,A00010,kL200lK365|A00010,kL200|A00010
C00051,A00109,Margaret,Brown,admin@ironwoodinsurance.com,(249) 671-7583,Purchasing Agent,,,,,trade_show,2025-03-12,margaret,brown,admin@ironwoodinsurance.com,+12496717583,,,+12496717583,mB650|ironwoodinsurance.com,,bM626mB650|ironwoodinsurance.com,A00109,bM626mB650|A00109,mB650|A00109
C00052,A00090,Hannah,Lewis,hannah.lewis@falconanalytics.com,6555271170,Owner,,,,,web_form,2025-09-26,hannah,lewis,hannah.lewis@falconanalytics.com,+16555271170,,hannah.lewis@falconanalytics.com,+16555271170,hL200|falconanalytics.com,,hL200lH500|falconanalytics.com,A00090,hL200lH500|A00090,hL200|A00090
C00053,A00067,Michael,Moore,michael.moore@meridianconsulting.com,3515981812,Owner,,,,,trade_show,2025-04-26,michael,moore,michael.moore@meridianconsulting.com,+13515981812,,michael.moore@meridianconsulting.com,+13515981812,mM600|meridianconsulting.com,,mM240mM600|meridianconsulting.com,A00056,mM240mM600|A00056,mM600|A00056
C00054,A00006,Anthony,Anderson,anthony.anderson@northgatebakery.com,541-311-4576,Owner,1089 Main Street,Phoenix,AZ,85090,erp,2022-04-13,anthony,anderson,anthony.anderson@northgatebakery.com,+15413114576,1089 main st,anthony.anderson@northgatebakery.com,+15413114576,aA536|northgatebakery.com,aA536|1089|main|850,aA535aA536|northgatebakery.com,A00006,aA535aA536|A00006,aA536|A00006
C00055,,Patricia,Moore,patriciamoore0041@gmail.com,,Office Manager,,,,,crm,2023-07-13,patricia,moore,patriciamoore0041@gmail.com,,,patriciamoore0041@gmail.com,,,,,,,
C00056,A00155,Omar,Smith,omar.smith@beaconelectric.com,+1 936 798 5231,Engineer,,,,,crm,2025-12-16,omar,smith,omar.smith@beaconelectric.com,+19367985231,,omar.smith@beaconelectric.com,+19367985231,oS530|beaconelectric.com,,oS530sO560|beaconelectric.com,A00151,oS530sO560|A00151,oS530|A00151
C00057,A00047,Daniel,Young,daniel.young@redwoodroofing.com,399.276.1794,VP Sales,8914 Lake Drive,Chicago,IL,60671,web_form,2022-03-21,daniel,young,daniel.young@redwoodroofing.com,+13992761794,8914 lake dr,daniel.young@redwoodroofing.com,+13992761794,dY520|redwoodroofing.com,dY520|8914|lake|606,dY520yD540|redwoodroofing.com,A00047,dY520yD540|A00047,dY520|A00047
C00058,A00120,Wei,Lewis,wei.lewis@atlasstaffing.com,(901) 928-5347,Purchasing Agent,,,,,billing,2022-11-12,wei,lewis,wei.lewis@atlasstaffing.com,+19019285347,,wei.lewis@atlasstaffing.com,+19019285347,wL200|atlasstaffing.com,,lW000wL200|atlasstaffing.com,A00120,lW000wL200|A00120,wL200|A00120
C00059,A00102,C.,Thompson,,,Purchasing Agent,,,,,crm,2023-03-22,c,thompson,,,,,,,,,A00102,cT512tC000|A00102,cT512|A00102
C00060,A00154,Patricia,Patel,patricia.patel@blueridgeinsurance.com,829.206.0716,Owner,,,,,web_form,2024-02-24,patricia,patel,patricia.patel@blueridgeinsurance.com,+18292060716,,patricia.patel@blueridgeinsurance.com,+18292060716,pP340|blueridgeinsurance.com,,pP340pP362|blueridgeinsurance.com,A00154,pP340pP362|A00154,pP340|A00154
C00061,A00100,Daniel,Kim,daniel.kim@oakmontinsurance.com,(688) 593-5873,Director of Operations,,,,,web_form,2024-07-12,daniel,kim,daniel.kim@oakmontinsurance.com,+16885935873,,daniel.kim@oakmontinsurance.com,+16885935873,dK500|oakmontinsurance.com,,dK500kD540|oakmontinsurance.com,A00100,dK500kD540|A00100,dK500|A00100
C00062,A00161,Richard,Nguyen,richard.nguyen@beaconplumbing.com,(812) 670-5739,Engineer,3056 Maple Road,Columbus,OH,43281,trade_show,2024-08-10,richard,nguyen,richard.nguyen@beaconplumbing.com,+18126705739,3056 maple rd,richard.nguyen@beaconplumbing.com,+18126705739,rN250|beaconplumbing.com,rN250|3056|maple|432,nR263rN250|beaconplumbing.com,A00161,nR263rN250|A00161,rN250|A00161
C00063,A00080,William,Allen,william.allen@evergreenautorepair.com,4244951923,Engineer,,,,,erp,2024-03-06,william,allen,william.allen@evergreenautorepair.com,+14244951923,,william.allen@evergreenautorepair.com,+14244951923,wA450|evergreenautorepair.com,,aW450wA450|evergreenautorepair.com,A00080,aW450wA450|A00080,wA450|A00080
C00064,A00043,Jennifer,Martinez,jennifer.martinez.jr@evergreenlegalservices.com,294.283.3652,Owner,5039 Washington Avenue,Denver,CO,80274,erp,2023-06-21,jennifer,martinez,jennifer.martinez.jr@evergreenlegalservices.com,+12942833652,5039 washington ave,jennifer.martinez.jr@evergreenlegalservices.com,+12942833652,jM635|evergreenlegalservices.com,jM635|5039|washington|802,jM635mJ516|evergreenlegalservices.com,A00043,jM635mJ516|A00043,jM635|A00043
C00065,A00062,Linda,Allen,linda.allen.jr@riverbendroofing.com,(314) 505-4928,Owner,8033 Sunset Drive,Austin,TX,78778,crm,2022-08-12,linda,allen,linda.allen.jr@riverbendroofing.com,+13145054928,8033 sunset dr,linda.allen.jr@riverbendroofing.com,+13145054928,lA450|riverbendroofing.com,lA450|8033|sunset|787,aL530lA450|riverbendroofing.com,A00062,aL530lA450|A00062,lA450|A00062
C00066,A00096,Hannah,Lewis,,,Owner,,,,,crm,2025-12-10,hannah,lewis,,,,,,,,,A00090,hL200lH500|A00090,hL200|A00090
C00067,A00032,Kate,Walker,kate.walker@atlasconsulting.com,345.317.1707,Engineer,,,,,web_form,2024-11-26,katherine,walker,kate.walker@atlasconsulting.com,+13453171707,,kate.walker@atlasconsulting.com,+13453171707,kW426|atlasconsulting.com,,kW426wK365|atlasconsulting.com,A00032,kW426wK365|A00032,kW426|A00032
C00068,A00145,James,Wilson,james.wilson@beaconroofing.com,+1 829 648 2094,VP Sales,,,,,trade_show,2025-03-19,james,wilson,james.wilson@beaconroofing.com,+18296482094,,james.wilson@beaconroofing.com,+18296482094,jW425|beaconroofing.com,,jW425wJ520|beaconroofing.com,A00145,jW425wJ520|A00145,jW425|A00145
C00069,A00074,Robert,Thompson,robert.thompson@blueridgelegalservices.com,+1 475 709 9407,Director of Operations,8156 Park Boulevard,Denver,CO,80287,erp,2024-08-04,robert,thompson,robert.thompson@blueridgelegalservices.com,+14757099407,8156 park blvd,robert.thompson@blueridgelegalservices.com,+14757099407,rT512|blueridgelegalservices.com,rT512|8156|park|802,rT512tR163|blueridgelegalservices.com,A00074,rT512tR163|A00074,rT512|A00074
C00070,A00160,Susan,Thomas,susan.thomas@mapleleafstaffing.com,+1 346 727 6465,Engineer,69 Maple Drive,Denver,CO,80294,web_form,2025-09-20,susan,thomas,susan.thomas@mapleleafstaffing.com,+13467276465,69 maple dr,susan.thomas@mapleleafstaffing.com,+13467276465,sT520|mapleleafstaffing.com,sT520|69|maple|802,sT520tS250|mapleleafstaffing.com,A00160,sT520tS250|A00160,sT520|A00160
C00071,A00069,David,Nguyen,david.nguyen@lakesideinsurance.com,212.888.4009,VP Sales,2175 Sunset Road,Chicago,IL,60649,trade_show,2023-07-25,david,nguyen,david.nguyen@lakesideinsurance.com,+12128884009,2175 sunset rd,david.nguyen@lakesideinsurance.com,+12128884009,dN250|lakesideinsurance.com,dN250|2175|sunset|606,dN250nD130|lakesideinsurance.com,A00069,dN250nD130|A00069,dN250|A00069
C00072,A00130,Daniel,Lee,,,Office Manager,,,,,trade_show,2023-05-14,daniel,lee,,,,,,,,,A00095,dL000lD540|A00095,dL000|A00095
C00073,,Hannah,Allen,hannahallen0044@gmail.com,,Engineer,,,,,web_form,2023-04-21,hannah,allen,hannahallen0044@gmail.com,,,hannahallen0044@gmail.com,,,,,,,
C00074,A00160,Hannah,Lee,hannah.lee@mapleleafstaffing.com,291-492-9375,Director of Operations,,,,,crm,2024-03-23,hannah,lee,hannah.lee@mapleleafstaffing.com,+12914929375,,hannah.lee@mapleleafstaffing.com,+12914929375,hL000|mapleleafstaffing.com,,hL000lH500|mapleleafstaffing.com,A00160,hL000lH500|A00160,hL000|A00160
C00075,A00125,Marcus,Lee,marcus.lee@sterlinglogistics.com,6732424215,Director of Operations,1758 Park Avenue,Phoenix,AZ,85076,billing,2025-03-07,marcus,lee,marcus.lee@sterlinglogistics.com,+16732424215,1758 park ave,marcus.lee@sterlinglogistics.com,+16732424215,mL000|sterlinglogistics.com,mL000|1758|park|850,lM622mL000|sterlinglogistics.com,A00072,lM622mL000|A00072,mL000|A00072
C00076,A00145,Omar,Taylor,omar.taylor@beaconroofing.com,6453369765,Purchasing Agent,,,,,crm,2026-02-15,omar,taylor,omar.taylor@beaconroofing.com,+16453369765,,omar.taylor@beaconroofing.com,+16453369765,oT460|beaconroofing.com,,oT460tO560|beaconroofing.com,A00145,oT460tO560|A00145,oT460|A00145
C00077,A00041,Elizabeth,White,elizabeth.white@silvercreekdental.com,(281) 894-2468,Purchasing Agent,,,,,erp,2024-05-17,elizabeth,white,elizabeth.white@silvercreekdental.com,+12818942468,,elizabeth.white@silvercreekdental.com,+12818942468,eW300|silvercreekdental.com,,eW300wE421|silvercreekdental.com,A00041,eW300wE421|A00041,eW300|A00041
C00078,A00118,Jennifer,Nguyen,jennifer.nguyen@meridianroofing.com,260.804.6253,CFO,,,,,billing,2022-08-04,jennifer,nguyen,jennifer.nguyen@meridianroofing.com,+12608046253,,jennifer.nguyen@meridianroofing.com,+12608046253,jN250|meridianroofing.com,,jN250nJ516|meridianroofing.com,A00118,jN250nJ516|A00118,jN250|A00118
C00079,A00060,Michael,Martin,michael.martin@mapleleafautorepair.com,+1 273 621 4022,Director of Operations,,,,,erp,2023-11-29,michael,martin,michael.martin@mapleleafautorepair.com,+12736214022,,michael.martin@mapleleafautorepair.com,+12736214022,mM635|mapleleafautorepair.com,,mM240mM635|mapleleafautorepair.com,A00060,mM240mM635|A00060,mM635|A00060
C00080,A00160,Thomas,Ssan,,(346) 727-6465,Engineer,69 MAPLE DR,Denver,CO,80294,web_form,2024-01-20,thomas,ssan,,+13467276465,69 maple dr,,+13467276465,,tS500|69|maple|802,,A00160,sT520tS500|A00160,tS500|A00160
C00081,A00010,Thomas,Clark,thomas.clark@mapleleafstaffing.com,(252) 559-1099,VP Sales,625 Main Avenue,Seattle,WA,98182,trade_show,2022-10-24,thomas,clark,thomas.clark@mapleleafstaffing.com,+12525591099,625 main ave,thomas.clark@mapleleafstaffing.com,+12525591099,tC462|mapleleafstaffing.com,tC462|625|main|981,cT520tC462|mapleleafstaffing.com,A00010,cT520tC462|A00010,tC462|A00010
C00082,A00129,James,Wilson,james.wilson@keystoneroofing.com,486.413.5289,Purchasing Agent,,,,,trade_show,2023-01-28,james,wilson,james.wilson@keystoneroofing.com,+14864135289,,james.wilson@keystoneroofing.com,+14864135289,jW425|keystoneroofing.com,,jW425wJ520|keystoneroofing.com,A00129,jW425wJ520|A00129,jW425|A00129
C00083,,Michael,Moore,,7888721176,Owner,,,,,crm,2022-07-28,michael,moore,,+17888721176,,,+17888721176,,,,,,
C00084,,Marcus,White,,827-710-3236,Office Manager,,,,,crm,2024-05-04,marcus,white,,+18277103236,,,+18277103236,,,,,,
C00085,A00029,Linda,Miller,linda.miller@evergreenautorepair.com,7937946831,CFO,9216 Washington Boulevard,Atlanta,GA,30332,erp,2024-07-31,linda,miller,linda.miller@evergreenautorepair.com,+17937946831,9216 washington blvd,linda.miller@evergreenautorepair.com,+17937946831,lM460|evergreenautorepair.com,lM460|9216|washington|303,lM460mL530|evergreenautorepair.com,A00029,lM460mL530|A00029,lM460|A00029
C00086,A00105,Jennifer,Williams,jennifer.williams@silvercreekconsulting.com,399.848.8256,Engineer,455 Elm Drive,Seattle,WA,98156,crm,2023-06-06,jennifer,williams,jennifer.williams@silvercreekconsulting.com,+13998488256,455 elm dr,jennifer.williams@silvercreekconsulting.com,+13998488256,jW452|silvercreekconsulting.com,jW452|455|elm|981,jW452wJ516|silvercreekconsulting.com,A00026,jW452wJ516|A00026,jW452|A00026
C00087,A00105,Jennifer,Garcia,,,Engineer,6195 Cedar Boulevard,Portland,OR,97263,trade_show,2022-08-04,jennifer,garcia,,,6195 cedar blvd,,,,jG620|6195|cedar|972,,A00026,gJ516jG620|A00026,jG620|A00026
C00088,A00090,Priya,Allen,priya.allen@falconanalytics.com,281.635.3677,Purchasing Agent,,,,,crm,2022-06-17,priya,allen,priya.allen@falconanalytics.com,+12816353677,,priya.allen@falconanalytics.com,+12816353677,pA450|falconanalytics.com,,aP600pA450|falconanalytics.com,A00090,aP600pA450|A00090,pA450|A00090
C00089,A00071,Thomas,Taylor,thomastaylor0025@gmail.com,530.609.3648,Purchasing Agent,,,,,trade_show,2023-04-17,thomas,taylor,thomastaylor0025@gmail.com,+15306093648,,thomastaylor0025@gmail.com,+15306093648,,,,A00071,tT460tT520|A00071,tT460|A00071
C00090,A00149,Yuki,Moore,yuki.moore@lakesideanalytics.com,3558713326,Purchasing Agent,2665 Church Street,Nashville,TN,37253,trade_show,2023-01-11,yuki,moore,yuki.moore@lakesideanalytics.com,+13558713326,2665 church st,yuki.moore@lakesideanalytics.com,+13558713326,yM600|lakesideanalytics.com,yM600|2665|church|372,mY200yM600|lakesideanalytics.com,A00149,mY200yM600|A00149,yM600|A00149
C00091,A00084,Susan,Jackson,susanjackson0030@gmail.com,+1 954 690 6854,Owner,,,,,billing,2024-02-13,susan,jackson,susanjackson0030@gmail.com,+19546906854,,susanjackson0030@gmail.com,+19546906854,,,,A00084,jS250sJ250|A00084,sJ250|A00084
C00092,A00128,Nathan,Lewis,nathan.lewis@meridianlandscaping.com,4799073069,Director of Operations,1701 Washington Road,Atlanta,GA,30306,crm,2023-08-19,nathan,lewis,nathan.lewis@meridianlandscaping.com,+14799073069,1701 washington rd,nathan.lewis@meridianlandscaping.com,+14799073069,nL200|meridianlandscaping.com,nL200|1701|washington|303,lN350nL200|meridianlandscaping.com,A00128,lN350nL200|A00128,nL200|A00128
C00093,A00150,Thomas,Clark,thomas.clark@blueridgeautorepair.com,+1 649 343 7624,Owner,4588 Church Drive,Nashville,TN,37242,crm,2023-11-16,thomas,clark,thomas.clark@blueridgeautorepair.com,+16493437624,4588 church dr,thomas.clark@blueridgeautorepair.com,+16493437624,tC462|blueridgeautorepair.com,tC462|4588|church|372,cT520tC462|blueridgeautorepair.com,A00150,cT520tC462|A00150,tC462|A00150
C00094,A00159,Priya,Brown,,,CFO,5325 WASHINGTON ST,Chicago,IL,60691,web_form,2022-02-11,priya,brown,,,5325 washington st,,,,pB650|5325|washington|606,,A00159,bP600pB650|A00159,pB650|A00159
C00095,A00114,Robert,Lee,robert.lee@atlasinsurance.com,481-680-8307,VP Sales,,,,,crm,2024-06-02,robert,lee,robert.lee@atlasinsurance.com,+14816808307,,robert.lee@atlasinsurance.com,+14816808307,rL000|atlasinsurance.com,,lR163rL000|atlasinsurance.com,A00114,lR163rL000|A00114,rL000|A00114
C00096,A00053,Hannah,Allen,hannah.allen@mapleleafplumbing.com,+1 266 772 2944,Purchasing Agent,,,,,erp,2024-07-22,hannah,allen,hannah.allen@mapleleafplumbing.com,+12667722944,,hannah.allen@mapleleafplumbing.com,+12667722944,hA450|mapleleafplumbing.com,,aH500hA450|mapleleafplumbing.com,A00053,aH500hA450|A00053,hA450|A00053
C00097,A00144,Priya,Nguyen,priya.nguyen@oakmontplumbing.com,+1 270 908 3367,Owner,,,,,web_form,2023-09-28,priya,nguyen,priya.nguyen@oakmontplumbing.com,+12709083367,,priya.nguyen@oakmontplumbing.com,+12709083367,pN250|oakmontplumbing.com,,nP600pN250|oakmontplumbing.com,A00144,nP600pN250|A00144,pN250|A00144
C00098,A00098,Wei,Brown,wei.brown@northgateroofing.com,863-226-7799,VP Sales,9615 Maple Street,Austin,TX,78720,erp,2023-12-15,wei,brown,wei.brown@northgateroofing.com,+18632267799,9615 maple st,wei.brown@northgateroofing.com,+18632267799,wB650|northgateroofing.com,wB650|9615|maple|787,bW000wB650|northgateroofing.com,A00012,bW000wB650|A00012,wB650|A00012
C00099,A00074,Richard,Thompson,richard.thompson@blueridgelegalservices.com,(257) 292-5234,Director of Operations,8156 Park Boulevard,Denver,CO,80287,erp,2024-08-04,richard,thompson,richard.thompson@blueridgelegalservices.com,+12572925234,8156 park blvd,richard.thompson@blueridgelegalservices.com,+12572925234,rT512|blueridgelegalservices.com,rT512|8156|park|802,rT512tR263|blueridgelegalservices.com,A00074,rT512tR263|A00074,rT512|A00074
C00100,A00074,Elizabeth,Lewis,elizabeth.lewis@blueridgelegalservices.com,257.989.8999,Engineer,,,,,crm,2026-06-20,elizabeth,lewis,elizabeth.lewis@blueridgelegalservices.com,+12579898999,,elizabeth.lewis@blueridgelegalservices.com,+12579898999,eL200|blueridgelegalservices.com,,eL200lE421|blueridgelegalservices.com,A00074,eL200lE421|A00074,eL200|A00074
C00101,,Katherine,White,,,Director of Operations,,,,,billing,2024-05-25,katherine,white,,,,,,,,,,,
C00102,A00123,Luis,Wilson,luis.wilson@meridianlandscaping.com,+1 838 223 6736,CFO,,,,,erp,2026-05-02,luis,wilson,luis.wilson@meridianlandscaping.com,+18382236736,,luis.wilson@meridianlandscaping.com,+18382236736,lW425|meridianlandscaping.com,,lW425wL200|meridianlandscaping.com,A00123,lW425wL200|A00123,lW425|A00123
C00103,A00016,Omar,Kim,omar.kim@northgateplumbing.com,4652926222,Director of Operations,4919 Cedar Boulevard,Portland,OR,97207,trade_show,2025-04-08,omar,kim,omar.kim@northgateplumbing.com,+14652926222,4919 cedar blvd,omar.kim@northgateplumbing.com,+14652926222,oK500|northgateplumbing.com,oK500|4919|cedar|972,kO560oK500|northgateplumbing.com,A00016,kO560oK500|A00016,oK500|A00016
C00104,,Anthony,Johnson,anthonyjohnson0134@gmail.com,2283985501,Purchasing Agent,,,,,trade_show,2026-06-04,anthony,johnson,anthonyjohnson0134@gmail.com,+12283985501,,anthonyjohnson0134@gmail.com,+12283985501,,,,,,
C00105,A00089,Dan,Patel,dan.patel@blueridgeplumbing.com,+1 837 520 3085,VP Sales,,,,,crm,2023-04-25,daniel,patel,dan.patel@blueridgeplumbing.com,+18375203085,,dan.patel@blueridgeplumbing.com,+18375203085,dP340|blueridgeplumbing.com,,dP340pD540|blueridgeplumbing.com,A00089,dP340pD540|A00089,dP340|A00089
C00106,A00071,Thomas,Taylor,thomas.taylor@blueridgestaffing.com,530.609.3648,Purchasing Agent,,,,,web_form,2022-03-08,thomas,taylor,thomas.taylor@blueridgestaffing.com,+15306093648,,thomas.taylor@blueridgestaffing.com,+15306093648,tT460|blueridgestaffing.com,,tT460tT520|blueridgestaffing.com,A00071,tT460tT520|A00071,tT460|A00071
C00107,A00166,James,Johnson,james.johnson@silvercreeklegalservices.com,+1 724 948 7994,Owner,7332 Church Avenue,Nashville,TN,37285,web_form,2025-11-21,james,johnson,james.johnson@silvercreeklegalservices.com,+17249487994,7332 church ave,james.johnson@silvercreeklegalservices.com,+17249487994,jJ525|silvercreeklegalservices.com,jJ525|7332|church|372,jJ520jJ525|silvercreeklegalservices.com,A00166,jJ520jJ525|A00166,jJ525|A00166
C00108,A00050,L.,Miller,,6703401709,Owner,,,,,billing,2024-04-12,l,miller,,+16703401709,,,+16703401709,,,,A00050,lM460mL000|A00050,lM460|A00050
C00109,A00044,Susan,Harris,susan.harris@riverbendplumbing.com,4423023971,VP Sales,4324 Park Street,Denver,CO,80256,web_form,2026-01-07,susan,harris,susan.harris@riverbendplumbing.com,+14423023971,4324 park st,susan.harris@riverbendplumbing.com,+14423023971,sH620|riverbendplumbing.com,sH620|4324|park|802,hS250sH620|riverbendplumbing.com,A00044,hS250sH620|A00044,sH620|A00044
C00110,A00121,Nathan,Patel,nathan.patel@oakmontplumbing.com,355-657-5845,Director of Operations,,,,,crm,2023-05-21,nathan,patel,nathan.patel@oakmontplumbing.com,+13556575845,,nathan.patel@oakmontplumbing.com,+13556575845,nP340|oakmontplumbing.com,,nP340pN350|oakmontplumbing.com,A00144,nP340pN350|A00144,nP340|A00144
C00111,A00026,James,Williams,james.williams@silvercreekconsulting.com,+1 251 440 9555,Engineer,455 Elm Drive,Seattle,WA,98156,crm,2023-06-06,james,williams,james.williams@silvercreekconsulting.com,+12514409555,455 elm dr,james.williams@silvercreekconsulting.com,+12514409555,jW452|silvercreekconsulting.com,jW452|455|elm|981,jW452wJ520|silvercreekconsulting.com,A00026,jW452wJ520|A00026,jW452|A00026
C00112,A00111,Maria,Martin,maria.martin@cedarlegalservices.com,(461) 787-0366,Purchasing Agent,5463 Maple Avenue,Boston,MA,02186,billing,2025-10-12,maria,martin,maria.martin@cedarlegalservices.com,+14617870366,5463 maple ave,maria.martin@cedarlegalservices.com,+14617870366,mM635|cedarlegalservices.com,mM635|5463|maple|021,mM600mM635|cedarlegalservices.com,A00111,mM600mM635|A00111,mM635|A00111
C00113,A00160,Katherine,Smith,katherine.smith@mapleleafstaffing.com,421-604-3801,Owner,3063 Sunset Drive,Seattle,WA,98174,web_form,2023-03-26,katherine,smith,katherine.smith@mapleleafstaffing.com,+14216043801,3063 sunset dr,katherine.smith@mapleleafstaffing.com,+14216043801,kS530|mapleleafstaffing.com,kS530|3063|sunset|981,kS530sK365|mapleleafstaffing.com,A00160,kS530sK365|A00160,kS530|A00160
C00114,A00160,Katherine,Smith,katherine.smith.jr@mapleleafstaffing.com,555.601.0244,Engineer,3063 Sunset Drive,Seattle,WA,98174,web_form,2023-03-26,katherine,smith,katherine.smith.jr@mapleleafstaffing.com,+15556010244,3063 sunset dr,katherine.smith.jr@mapleleafstaffing.com,+15556010244,kS530|mapleleafstaffing.com,kS530|3063|sunset|981,kS530sK365|mapleleafstaffing.com,A00160,kS530sK365|A00160,kS530|A00160
C00115,A00117,Christopher,Kim,christopher.kim@blueridgedesign.com,271-274-6343,Office Manager,7245 Cedar Street,Boston,MA,02153,trade_show,2026-06-06,christopher,kim,christopher.kim@blueridgedesign.com,+12712746343,7245 cedar st,christopher.kim@blueridgedesign.com,+12712746343,cK500|blueridgedesign.com,cK500|7245|cedar|021,cK500kC623|blueridgedesign.com,A00117,cK500kC623|A00117,cK500|A00117
C00116,A00059,Christopher,Thompson,christopher.thompson@riverbenddesign.com,7245154816,Purchasing Agent,,,,,billing,2023-05-21,christopher,thompson,christopher.thompson@riverbenddesign.com,+17245154816,,christopher.thompson@riverbenddesign.com,+17245154816,cT512|riverbenddesign.com,,cT512tC623|riverbenddesign.com,A00102,cT512tC623|A00102,cT512|A00102
C00117,A00094,Thomas,Johnson,thomas.johnson@evergreeninsurance.com,(954) 416-0321,Director of Operations,6572 Park Street,Nashville,TN,37236,crm,2023-01-09,thomas,johnson,thomas.johnson@evergreeninsurance.com,+19544160321,6572 park st,thomas.johnson@evergreeninsurance.com,+19544160321,tJ525|evergreeninsurance.com,tJ525|6572|park|372,jT520tJ525|evergreeninsurance.com,A00165,jT520tJ525|A00165,tJ525|A00165
C00118,,Thomas,Thomas,thomasthomas0152@gmail.com,335-366-2228,CFO,9290 Church Avenue,Denver,CO,80227,web_form,2024-07-02,thomas,thomas,thomasthomas0152@gmail.com,+13353662228,9290 church ave,thomasthomas0152@gmail.com,+13353662228,,tT520|9290|church|802,,,,
C00119,A00156,Grace,Martin,grace.martin@meridianautorepair.com,(229) 568-0123,VP Sales,,,,,erp,2022-11-29,grace,martin,grace.martin@meridianautorepair.com,+12295680123,,grace.martin@meridianautorepair.com,+12295680123,gM635|meridianautorepair.com,,gM635mG620|meridianautorepair.com,A00156,gM635mG620|A00156,gM635|A00156
C00120,A00107,Daniel,Moore,office@atlaslogistics.com,+1 564 455 5898,Owner,4920 Elm Street,Atlanta,GA,30302,web_form,2023-09-28,daniel,moore,office@atlaslogistics.com,+15644555898,4920 elm st,,+15644555898,dM600|atlaslogistics.com,dM600|4920|elm|303,dM600mD540|atlaslogistics.com,A00107,dM600mD540|A00107,dM600|A00107
C00121,A00052,O.,Patel,,869.773.2259,CFO,,,,,erp,2023-06-13,o,patel,,+18697732259,,,+18697732259,,,,A00052,oP340pO000|A00052,oP340|A00052
C00122,A00103,Carlos,Anderson,carlos.anderson@beacondesign.com,+1 802 673 5869,Purchasing Agent,,,,,billing,2024-09-11,carlos,anderson,carlos.anderson@beacondesign.com,+18026735869,,carlos.anderson@beacondesign.com,+18026735869,cA536|beacondesign.com,,aC642cA536|beacondesign.com,A00119,aC642cA536|A00119,cA536|A00119
C00123,A00063,Elizabeth,Taylor,elizabeth.taylor@pioneerdental.com,562-464-2183,Director of Operations,,,,,erp,2022-09-10,elizabeth,taylor,elizabeth.taylor@pioneerdental.com,+15624642183,,elizabeth.taylor@pioneerdental.com,+15624642183,eT460|pioneerdental.com,,eT460tE421|pioneerdental.com,A00063,eT460tE421|A00063,eT460|A00063
C00124,A00004,Kevin,Davis,kevin.davis@oakmontlegalservices.com,324.669.4959,CFO,,,,,crm,2025-04-17,kevin,davis,kevin.davis@oakmontlegalservices.com,+13246694959,,kevin.davis@oakmontlegalservices.com,+13246694959,kD120|oakmontlegalservices.com,,dK150kD120|oakmontlegalservices.com,A00004,dK150kD120|A00004,kD120|A00004
C00125,A00117,Aisha,Young,aisha.young@blueridgedesign.com,+1 958 432 4853,Owner,9807 Church Boulevard,Nashville,TN,37255,billing,2025-08-31,aisha,young,aisha.young@blueridgedesign.com,+19584324853,9807 church blvd,aisha.young@blueridgedesign.com,+19584324853,aY520|blueridgedesign.com,aY520|9807|church|372,aY520yA200|blueridgedesign.com,A00117,aY520yA200|A00117,aY520|A00117
C00126,A00144,Thomas,Clark,,,Purchasing Agent,,,,,trade_show,2025-04-26,thomas,clark,,,,,,,,,A00144,cT520tC462|A00144,tC462|A00144
C00127,A00130,Joseph,Rodriguez,joseph.rodriguez.jr@cedardental.com,(349) 273-3028,VP Sales,2242 Maple Road,Seattle,WA,98105,crm,2023-07-14,joseph,rodriguez,joseph.rodriguez.jr@cedardental.com,+13492733028,2242 maple rd,joseph.rodriguez.jr@cedardental.com,+13492733028,jR362|cedardental.com,jR362|2242|maple|981,jR362rJ210|cedardental.com,A00095,jR362rJ210|A00095,jR362|A00095
C00128,A00050,Joseph,Kim,joseph.kim@blueridgeroofing.com,+1 673 908 6083,VP Sales,,,,,trade_show,2022-07-05,joseph,kim,joseph.kim@blueridgeroofing.com,+16739086083,,joseph.kim@blueridgeroofing.com,+16739086083,jK500|blueridgeroofing.com,,jK500kJ210|blueridgeroofing.com,A00050,jK500kJ210|A00050,jK500|A00050
C00129,A00164,James,Wilson,james.wilson@cedarconsulting.com,398-458-0918,Director of Operations,,,,,crm,2023-07-06,james,wilson,james.wilson@cedarconsulting.com,+13984580918,,james.wilson@cedarconsulting.com,+13984580918,jW425|cedarconsulting.com,,jW425wJ520|cedarconsulting.com,A00086,jW425wJ520|A00086,jW425|A00086
C00130,A00054,Patricia,Clark,patricia.clark@copperhillconsulting.com,304.895.5022,Purchasing Agent,,,,,billing,2022-03-13,patricia,clark,patricia.clark@copperhillconsulting.com,+13048955022,,patricia.clark@copperhillconsulting.com,+13048955022,pC462|copperhillconsulting.com,,cP362pC462|copperhillconsulting.com,A00068,cP362pC462|A00068,pC462|A00068
C00131,A00112,Elizabeth,Thomas,elizabeth.thomas@ironwoodstaffing.com,520-885-1958,Engineer,6785 Park Drive,Columbus,OH,43272,trade_show,2022-07-09,elizabeth,thomas,elizabeth.thomas@ironwoodstaffing.com,+15208851958,6785 park dr,elizabeth.thomas@ironwoodstaffing.com,+15208851958,eT520|ironwoodstaffing.com,eT520|6785|park|432,eT520tE421|ironwoodstaffing.com,A00112,eT520tE421|A00112,eT520|A00112
C00132,A00043,Omar,Smith,omar.smith@evergreenlegalservices.com,(393) 386-0933,Owner,,,,,billing,2025-02-03,omar,smith,omar.smith@evergreenlegalservices.com,+13933860933,,omar.smith@evergreenlegalservices.com,+13933860933,oS530|evergreenlegalservices.com,,oS530sO560|evergreenlegalservices.com,A00043,oS530sO560|A00043,oS530|A00043
C00133,A00145,James,Martin,james.martin@beaconroofing.com,+1 584 207 9517,CFO,4432 Maple Boulevard,Nashville,TN,37214,web_form,2026-08-06,james,martin,james.martin@beaconroofing.com,+15842079517,4432 maple blvd,james.martin@beaconroofing.com,+15842079517,jM635|beaconroofing.com,jM635|4432|maple|372,jM635mJ520|beaconroofing.com,A00145,jM635mJ520|A00145,jM635|A00145
C00134,A00135,James,Jackson,james.jackson@evergreendesign.com,(278) 234-7243,Purchasing Agent,,,,,web_form,2022-12-16,james,jackson,james.jackson@evergreendesign.com,+12782347243,,james.jackson@evergreendesign.com,+12782347243,jJ250|evergreendesign.com,,jJ250jJ520|evergreendesign.com,A00135,jJ250jJ520|A00135,jJ250|A00135
C00135,A00060,Linda,Garcia,lindagarcia0029@gmail.com,(492) 857-4626,CFO,795 Lake Drive,Phoenix,AZ,85010,erp,2025-10-30,linda,garcia,lindagarcia0029@gmail.com,+14928574626,795 lake dr,lindagarcia0029@gmail.com,+14928574626,,lG620|795|lake|850,,A00060,gL530lG620|A00060,lG620|A00060
C00136,A00144,Nathan,Patel,,,Director of Operations,,,,,billing,2023-02-13,nathan,patel,,,,,,,,,A00144,nP340pN350|A00144,nP340|A00144
C00137,A00106,Linda,Lopez,linda.lopez@oakmontroofing.com,441.685.1295,Director of Operations,7808 Church Boulevard,Portland,OR,97297,erp,2026-07-15,linda,lopez,linda.lopez@oakmontroofing.com,+14416851295,7808 church blvd,linda.lopez@oakmontroofing.com,+14416851295,lL120|oakmontroofing.com,lL120|7808|church|972,lL120lL530|oakmontroofing.com,A00106,lL120lL530|A00106,lL120|A00106
C00138,A00114,Wei,Moore,wei.moore@atlasinsurance.com,351-806-9959,Director of Operations,196 Hill Drive,Columbus,OH,43280,billing,2024-07-07,wei,moore,wei.moore@atlasinsurance.com,+13518069959,196 hill dr,wei.moore@atlasinsurance.com,+13518069959,wM600|atlasinsurance.com,wM600|196|hill|432,mW000wM600|atlasinsurance.com,A00114,mW000wM600|A00114,wM600|A00114
C00139,A00004,Olivia,Wilson,olivia.wilson@oakmontlegalservices.com,(603) 901-7929,Office Manager,,,,,trade_show,2024-01-02,olivia,wilson,olivia.wilson@oakmontlegalservices.com,+16039017929,,olivia.wilson@oakmontlegalservices.com,+16039017929,oW425|oakmontlegalservices.com,,oW425wO410|oakmontlegalservices.com,A00004,oW425wO410|A00004,oW425|A00004
C00140,A00125,Pat,Anderson,pat.anderson@sterlinglogistics.com,+1 214 637 3211,Purchasing Agent,,,,,trade_show,2023-05-11,patricia,anderson,pat.anderson@sterlinglogistics.com,+12146373211,,pat.anderson@sterlinglogistics.com,+12146373211,pA536|sterlinglogistics.com,,aP362pA536|sterlinglogistics.com,A00072,aP362pA536|A00072,pA536|A00072
C00141,,Wei,Nguyen,,,Office Manager,,,,,billing,2022-06-26,wei,nguyen,,,,,,,,,,,
C00142,A00095,Joseph,Rodriguez,joseph.rodriguez@cedardental.com,894.442.7434,VP Sales,2242 Maple Road,Seattle,WA,98105,crm,2023-07-14,joseph,rodriguez,joseph.rodriguez@cedardental.com,+18944427434,2242 maple rd,joseph.rodriguez@cedardental.com,+18944427434,jR362|cedardental.com,jR362|2242|maple|981,jR362rJ210|cedardental.com,A00095,jR362rJ210|A00095,jR362|A00095
C00143,A00088,Nathan,Lewis,nathan.lewis@harborpointinsurance.com,8698331928,CFO,,,,,erp,2024-06-02,nathan,lewis,nathan.lewis@harborpointinsurance.com,+18698331928,,nathan.lewis@harborpointinsurance.com,+18698331928,nL200|harborpointinsurance.com,,lN350nL200|harborpointinsurance.com,A00088,lN350nL200|A00088,nL200|A00088
C00144,A00142,Walker,Wie,,+1 485 667 2191,Director of Operations,,,,,erp,2022-08-29,walker,wie,,+14856672191,,,+14856672191,,,,A00142,wW000wW426|A00142,wW000|A00142
C00145,A00107,Miller,Wie,,+1 523 691 9921,Purchasing Agent,353 Lake Boulevard,Boston,MA,02129,billing,2024-11-26,miller,wie,,+15236919921,353 lake blvd,,+15236919921,,mW000|353|lake|021,,A00107,mW000wM460|A00107,mW000|A00107
C00146,A00042,Luis,White,luis.white@ironwoodelectric.com,+1 450 623 6389,Purchasing Agent,,,,,web_form,2024-08-17,luis,white,luis.white@ironwoodelectric.com,+14506236389,,luis.white@ironwoodelectric.com,+14506236389,lW300|ironwoodelectric.com,,lW300wL200|ironwoodelectric.com,A00042,lW300wL200|A00042,lW300|A00042
C00147,A00041,Kevin,Thomas,kevin.thomas@silvercreekdental.com,+1 981 411 0740,Engineer,,,,,billing,2024-08-21,kevin,thomas,kevin.thomas@silvercreekdental.com,+19814110740,,kevin.thomas@silvercreekdental.com,+19814110740,kT520|silvercreekdental.com,,kT520tK150|silvercreekdental.com,A00041,kT520tK150|A00041,kT520|A00041
C00148,A00019,Sarah,Brown,sarah.brown@riverbendinsurance.com,(280) 892-7453,Engineer,6360 Cedar Boulevard,Phoenix,AZ,85076,billing,2024-07-07,sarah,brown,sarah.brown@riverbendinsurance.com,+12808927453,6360 cedar blvd,sarah.brown@riverbendinsurance.com,+12808927453,sB650|riverbendinsurance.com,sB650|6360|cedar|850,bS600sB650|riverbendinsurance.com,A00024,bS600sB650|A00024,sB650|A00024
C00149,A00125,Elizabeth,Lee,elizabeth.lee@sterlinglogistics.com,844.523.3228,Purchasing Agent,,,,,trade_show,2024-02-14,elizabeth,lee,elizabeth.lee@sterlinglogistics.com,+18445233228,,elizabeth.lee@sterlinglogistics.com,+18445233228,eL000|sterlinglogistics.com,,eL000lE421|sterlinglogistics.com,A00072,eL000lE421|A00072,eL000|A00072
C00150,A00095,Daniel,Lee,daniel.lee@cedardental.com,559.947.6730,Office Manager,,,,,web_form,2022-05-12,daniel,lee,daniel.lee@cedardental.com,+15599476730,,daniel.lee@cedardental.com,+15599476730,dL000|cedardental.com,,dL000lD540|cedardental.com,A00095,dL000lD540|A00095,dL000|A00095
C00151,,Patricia,Moore,patriciamoore0041@gmail.com,+1 883 500 4693,Office Manager,,,,,billing,2023-06-22,patricia,moore,patriciamoore0041@gmail.com,+18835004693,,patriciamoore0041@gmail.com,+18835004693,,,,,,
C00152,A00048,Grace,Kim,sales@pioneerlandscaping.com,+1 923 556 3540,Purchasing Agent,,,,,web_form,2023-04-09,grace,kim,sales@pioneerlandscaping.com,+19235563540,,,+19235563540,gK500|pioneerlandscaping.com,,gK500kG620|pioneerlandscaping.com,A00048,gK500kG620|A00048,gK500|A00048
C00153,A00123,Luis,Wilson,lwilson@meridianlandscaping.com,6669527758,Owner,,,,,erp,2024-07-20,luis,wilson,lwilson@meridianlandscaping.com,+16669527758,,lwilson@meridianlandscaping.com,+16669527758,lW425|meridianlandscaping.com,,lW425wL200|meridianlandscaping.com,A00123,lW425wL200|A00123,lW425|A00123
C00154,A00153,Carlos,Thompson,carlos.thompson@northgatesoftware.com,4575935167,Owner,,,,,billing,2023-09-12,carlos,thompson,carlos.thompson@northgatesoftware.com,+14575935167,,carlos.thompson@northgatesoftware.com,+14575935167,cT512|northgatesoftware.com,,cT512tC642|northgatesoftware.com,A00153,cT512tC642|A00153,cT512|A00153
C00155,A00108,Priya,Allen,priya.allen@pioneeranalytics.com,8878656084,Office Manager,,,,,erp,2025-07-31,priya,allen,priya.allen@pioneeranalytics.com,+18878656084,,priya.allen@pioneeranalytics.com,+18878656084,pA450|pioneeranalytics.com,,aP600pA450|pioneeranalytics.com,A00159,aP600pA450|A00159,pA450|A00159
C00156,,William,Nguyen,williamnguyen0042@gmail.com,,Engineer,,,,,billing,2025-06-02,william,nguyen,williamnguyen0042@gmail.com,,,williamnguyen0042@gmail.com,,,,,,,
C00157,A00014,Deborah,Thompson,deborah.thompson@beaconstaffing.com,(947) 679-1730,Director of Operations,7983 Sunset Road,Boston,MA,02181,crm,2023-11-19,deborah,thompson,deborah.thompson@beaconstaffing.com,+19476791730,7983 sunset rd,deborah.thompson@beaconstaffing.com,+19476791730,dT512|beaconstaffing.com,dT512|7983|sunset|021,dT512tD160|beaconstaffing.com,A00014,dT512tD160|A00014,dT512|A00014
C00158,A00092,Patricia,Young,patricia.young@beaconbakery.com,+1 931 843 6946,Engineer,,,,,erp,2022-08-22,patricia,young,patricia.young@beaconbakery.com,+19318436946,,patricia.young@beaconbakery.com,+19318436946,pY520|beaconbakery.com,,pY520yP362|beaconbakery.com,A00092,pY520yP362|A00092,pY520|A00092
C00159,A00053,Priya,Williams,priya.williams@mapleleafplumbing.com,(863) 937-8808,Office Manager,,,,,trade_show,2024-07-24,priya,williams,priya.williams@mapleleafplumbing.com,+18639378808,,priya.williams@mapleleafplumbing.com,+18639378808,pW452|mapleleafplumbing.com,,pW452wP600|mapleleafplumbing.com,A00053,pW452wP600|A00053,pW452|A00053
C00160,A00073,Sarah,Moore,sarah.moore@riverbendinsurance.com,(335) 364-6282,VP Sales,,,,,web_form,2025-12-18,sarah,moore,sarah.moore@riverbendinsurance.com,+13353646282,,sarah.moore@riverbendinsurance.com,+13353646282,sM600|riverbendinsurance.com,,mS600sM600|riverbendinsurance.com,A00024,mS600sM600|A00024,sM600|A00024
C00161,A00055,Wei,Walker,weiwalker0027@gmail.com,8239809657,CFO,8163 OAK DR,Seattle,WA,98197,web_form,2026-07-13,wei,walker,weiwalker0027@gmail.com,+18239809657,8163 oak dr,weiwalker0027@gmail.com,+18239809657,,wW426|8163|oak|981,,A00055,wW000wW426|A00055,wW426|A00055
C00162,A00070,Christopher,Hall,christopher.hall@atlasinsurance.com,2388061844,Purchasing Agent,3139 Hill Street,Seattle,WA,98155,billing,2022-05-31,christopher,hall,christopher.hall@atlasinsurance.com,+12388061844,3139 hill st,christopher.hall@atlasinsurance.com,+12388061844,cH400|atlasinsurance.com,cH400|3139|hill|981,cH400hC623|atlasinsurance.com,A00070,cH400hC623|A00070,cH400|A00070
C00163,A00032,Katherine,Walker,katherine.walker@atlasconsulting.com,(345) 317-1707,Engineer,,,,,web_form,2022-05-13,katherine,walker,katherine.walker@atlasconsulting.com,+13453171707,,katherine.walker@atlasconsulting.com,+13453171707,kW426|atlasconsulting.com,,kW426wK365|atlasconsulting.com,A00032,kW426wK365|A00032,kW426|A00032
C00164,A00043,Marcus,Harris,marcus.harris@evergreenlegalservices.com,9502096118,Director of Operations,,,,,crm,2022-01-15,marcus,harris,marcus.harris@evergreenlegalservices.com,+19502096118,,marcus.harris@evergreenlegalservices.com,+19502096118,mH620|evergreenlegalservices.com,,hM622mH620|evergreenlegalservices.com,A00043,hM622mH620|A00043,mH620|A00043
C00165,A00002,Linda,Thomas,linda.thomas@sterlingroofing.com,+1 322 629 1268,Owner,9087 Main Avenue,Nashville,TN,37258,trade_show,2025-05-11,linda,thomas,linda.thomas@sterlingroofing.com,+13226291268,9087 main ave,linda.thomas@sterlingroofing.com,+13226291268,lT520|sterlingroofing.com,lT520|9087|main|372,lT520tL530|sterlingroofing.com,A00002,lT520tL530|A00002,lT520|A00002
C00166,A00162,Kevin,Clark,kevin.clark@blueridgeplumbing.com,7703236801,Owner,,,,,web_form,2025-04-24,kevin,clark,kevin.clark@blueridgeplumbing.com,+17703236801,,kevin.clark@blueridgeplumbing.com,+17703236801,kC462|blueridgeplumbing.com,,cK150kC462|blueridgeplumbing.com,A00162,cK150kC462|A00162,kC462|A00162
C00167,A00070,James,Williams,james.williams@atlasinsurance.com,862.420.7308,CFO,,,,,billing,2025-11-04,james,williams,james.williams@atlasinsurance.com,+18624207308,,james.williams@atlasinsurance.com,+18624207308,jW452|atlasinsurance.com,,jW452wJ520|atlasinsurance.com,A00070,jW452wJ520|A00070,jW452|A00070
C00168,A00048,Wei,Johnson,sales@pioneerlandscaping.com,7049350771,CFO,,,,,crm,2026-04-20,wei,johnson,sales@pioneerlandscaping.com,+17049350771,,,+17049350771,wJ525|pioneerlandscaping.com,,jW000wJ525|pioneerlandscaping.com,A00048,jW000wJ525|A00048,wJ525|A00048
C00169,,William,Nguyen,williamnguyen0042@gmail.com,4847212493,Engineer,,,,,billing,2026-08-11,william,nguyen,williamnguyen0042@gmail.com,+14847212493,,williamnguyen0042@gmail.com,+14847212493,,,,,,
C00170,A00030,Daniel,Nguyen,daniel.nguyen@meridianautorepair.com,+1 508 601 0521,Office Manager,,,,,crm,2025-06-24,daniel,nguyen,daniel.nguyen@meridianautorepair.com,+15086010521,,daniel.nguyen@meridianautorepair.com,+15086010521,dN250|meridianautorepair.com,,dN250nD540|meridianautorepair.com,A00156,dN250nD540|A00156,dN250|A00156
C00171,A00128,Joe,Allen,joe.allen@meridianlandscaping.com,996-565-8603,CFO,,,,,erp,2025-06-16,joseph,allen,joe.allen@meridianlandscaping.com,+19965658603,,joe.allen@meridianlandscaping.com,+19965658603,jA450|meridianlandscaping.com,,aJ210jA450|meridianlandscaping.com,A00128,aJ210jA450|A00128,jA450|A00128
C00172,A00106,Susan,Miller,susan.miller@oakmontroofing.com,(318) 238-6717,VP Sales,,,,,web_form,2025-03-06,susan,miller,susan.miller@oakmontroofing.com,+13182386717,,susan.miller@oakmontroofing.com,+13182386717,sM460|oakmontroofing.com,,mS250sM460|oakmontroofing.com,A00106,mS250sM460|A00106,sM460|A00106
C00173,A00036,Nathan,Smith,nathan.smith@brightpathanalytics.com,+1 866 588 2602,Engineer,,,,,trade_show,2022-12-31,nathan,smith,nathan.smith@brightpathanalytics.com,+18665882602,,nathan.smith@brightpathanalytics.com,+18665882602,nS530|brightpathanalytics.com,,nS530sN350|brightpathanalytics.com,A00036,nS530sN350|A00036,nS530|A00036
C00174,,Marcus,White,,,Office Manager,,,,,trade_show,2023-01-31,marcus,white,,,,,,,,,,,
C00175,A00109,Grace,White,sales@ironwoodinsurance.com,228-652-9338,Office Manager,,,,,erp,2024-01-06,grace,white,sales@ironwoodinsurance.com,+12286529338,,,+12286529338,gW300|ironwoodinsurance.com,,gW300wG620|ironwoodinsurance.com,A00109,gW300wG620|A00109,gW300|A00109
C00176,A00084,N.,Nguyen,,,VP Sales,,,,,crm,2025-09-07,n,nguyen,,,,,,,,,A00084,nN000nN250|A00084,nN250|A00084
C00177,A00169,Maria,Thomas,maria.thomas@summitsoftware.com,360.722.4361,Purchasing Agent,5898 Sunset Road,Seattle,WA,98187,crm,2026-06-12,maria,thomas,maria.thomas@summitsoftware.com,+13607224361,5898 sunset rd,maria.thomas@summitsoftware.com,+13607224361,mT520|summitsoftware.com,mT520|5898|sunset|981,mT520tM600|summitsoftware.com,A00169,mT520tM600|A00169,mT520|A00169
C00178,A00097,William,Moore,support@stonebridgestaffing.com,(607) 873-6628,Office Manager,4101 Cedar Avenue,Atlanta,GA,30303,crm,2022-06-25,william,moore,support@stonebridgestaffing.com,+16078736628,4101 cedar ave,,+16078736628,wM600|stonebridgestaffing.com,wM600|4101|cedar|303,mW450wM600|stonebridgestaffing.com,A00097,mW450wM600|A00097,wM600|A00097
C00179,A00140,James,Nguyen,james.nguyen@northgateinsurance.com,(922) 347-6959,Office Manager,,,,,crm,2025-02-06,james,nguyen,james.nguyen@northgateinsurance.com,+19223476959,,james.nguyen@northgateinsurance.com,+19223476959,jN250|northgateinsurance.com,,jN250nJ520|northgateinsurance.com,A00075,jN250nJ520|A00075,jN250|A00075
C00180,A00109,Sarah,Kim,admin@ironwoodinsurance.com,,Director of Operations,2765 Washington Avenue,Columbus,OH,43248,web_form,2022-10-27,sarah,kim,admin@ironwoodinsurance.com,,2765 washington ave,,,sK500|ironwoodinsurance.com,sK500|2765|washington|432,kS600sK500|ironwoodinsurance.com,A00109,kS600sK500|A00109,sK500|A00109
C00181,A00092,Pat,Young,pat.young@beaconbakery.com,+1 931 843 6946,Engineer,,,,,trade_show,2024-05-08,patricia,young,pat.young@beaconbakery.com,+19318436946,,pat.young@beaconbakery.com,+19318436946,pY520|beaconbakery.com,,pY520yP362|beaconbakery.com,A00092,pY520yP362|A00092,pY520|A00092
C00182,A00029,Luis,Miller,luis.miller@evergreenautorepair.com,462-540-8052,CFO,9216 Washington Boulevard,Atlanta,GA,30332,erp,2024-07-31,luis,miller,luis.miller@evergreenautorepair.com,+14625408052,9216 washington blvd,luis.miller@evergreenautorepair.com,+14625408052,lM460|evergreenautorepair.com,lM460|9216|washington|303,lM460mL200|evergreenautorepair.com,A00029,lM460mL200|A00029,lM460|A00029
C00183,A00050,Aisha,Lewis,aisha.lewis@blueridgeroofing.com,+1 705 299 5632,VP Sales,,,,,web_form,2024-10-27,aisha,lewis,aisha.lewis@blueridgeroofing.com,+17052995632,,aisha.lewis@blueridgeroofing.com,+17052995632,aL200|blueridgeroofing.com,,aL200lA200|blueridgeroofing.com,A00050,aL200lA200|A00050,aL200|A00050
C00184,A00120,Deborah,Davis,deborah.davis@atlasstaffing.com,(693) 820-5727,VP Sales,,,,,web_form,2023-10-02,deborah,davis,deborah.davis@atlasstaffing.com,+16938205727,,deborah.davis@atlasstaffing.com,+16938205727,dD120|atlasstaffing.com,,dD120dD160|atlasstaffing.com,A00120,dD120dD160|A00120,dD120|A00120
C00185,A00052,James,Williams,james.williams@blueridgeanalytics.com,693-355-4761,Engineer,,,,,erp,2024-10-27,james,williams,james.williams@blueridgeanalytics.com,+16933554761,,james.williams@blueridgeanalytics.com,+16933554761,jW452|blueridgeanalytics.com,,jW452wJ520|blueridgeanalytics.com,A00052,jW452wJ520|A00052,jW452|A00052
C00186,A00037,Marcus,Patel,marcus.patel@riverbendroofing.com,961-468-3972,Purchasing Agent,,,,,trade_show,2025-11-27,marcus,patel,marcus.patel@riverbendroofing.com,+19614683972,,marcus.patel@riverbendroofing.com,+19614683972,mP340|riverbendroofing.com,,mP340pM622|riverbendroofing.com,A00062,mP340pM622|A00062,mP340|A00062
C00187,A00126,Wei,Allen,wei.allen@silvercreekbakery.com,8542990052,Office Manager,8347 Park Road,Phoenix,AZ,85097,web_form,2023-08-05,wei,allen,wei.allen@silvercreekbakery.com,+18542990052,8347 park rd,wei.allen@silvercreekbakery.com,+18542990052,wA450|silvercreekbakery.com,wA450|8347|park|850,aW000wA450|silvercreekbakery.com,A00126,aW000wA450|A00126,wA450|A00126
C00188,A00054,Susan,Martin,susan.martin@copperhillconsulting.com,980-518-5470,CFO,8581 Oak Avenue,Columbus,OH,43233,billing,2026-07-26,susan,martin,susan.martin@copperhillconsulting.com,+19805185470,8581 oak ave,susan.martin@copperhillconsulting.com,+19805185470,sM635|copperhillconsulting.com,sM635|8581|oak|432,mS250sM635|copperhillconsulting.com,A00068,mS250sM635|A00068,sM635|A00068
C00189,A00012,Priya,Lee,priya.lee@northgateroofing.com,300.236.2278,Office Manager,,,,,web_form,2025-11-01,priya,lee,priya.lee@northgateroofing.com,+13002362278,,priya.lee@northgateroofing.com,+13002362278,pL000|northgateroofing.com,,lP600pL000|northgateroofing.com,A00012,lP600pL000|A00012,pL000|A00012
C00190,A00022,Anthony,Johnson,anthony.johnson@beaconstaffing.com,563-291-7728,Director of Operations,1059 Elm Drive,Atlanta,GA,30343,erp,2022-07-15,anthony,johnson,anthony.johnson@beaconstaffing.com,+15632917728,1059 elm dr,anthony.johnson@beaconstaffing.com,+15632917728,aJ525|beaconstaffing.com,aJ525|1059|elm|303,aJ525jA535|beaconstaffing.com,A00022,aJ525jA535|A00022,aJ525|A00022
C00191,A00109,Omar,Hall,omar.hall@ironwoodinsurance.com,+1 234 251 4845,Purchasing Agent,,,,,web_form,2026-07-10,omar,hall,omar.hall@ironwoodinsurance.com,+12342514845,,omar.hall@ironwoodinsurance.com,+12342514845,oH400|ironwoodinsurance.com,,hO560oH400|ironwoodinsurance.com,A00109,hO560oH400|A00109,oH400|A00109
C00192,A00074,Liz,Lewis,liz.lewis@blueridgelegalservices.com,257-989-8999,Engineer,,,,,crm,2023-11-15,elizabeth,lewis,liz.lewis@blueridgelegalservices.com,+12579898999,,liz.lewis@blueridgelegalservices.com,+12579898999,eL200|blueridgelegalservices.com,,eL200lE421|blueridgelegalservices.com,A00074,eL200lE421|A00074,eL200|A00074
C00193,A00107,Patricia,Williams,patricia.williams@atlaslogistics.com,(448) 890-8182,VP Sales,8915 Washington Drive,Phoenix,AZ,85080,erp,2022-02-06,patricia,williams,patricia.williams@atlaslogistics.com,+14488908182,8915 washington dr,patricia.williams@atlaslogistics.com,+14488908182,pW452|atlaslogistics.com,pW452|8915|washington|850,pW452wP362|atlaslogistics.com,A00107,pW452wP362|A00107,pW452|A00107
C00194,,Michael,Moore,,,Owner,,,,,crm,2023-02-04,michael,moore,,,,,,,,,,,
C00195,A00072,Richard,White,richard.white@sterlinglogistics.com,984.331.2810,CFO,,,,,trade_show,2022-03-26,richard,white,richard.white@sterlinglogistics.com,+19843312810,,richard.white@sterlinglogistics.com,+19843312810,rW300|sterlinglogistics.com,,rW300wR263|sterlinglogistics.com,A00072,rW300wR263|A00072,rW300|A00072
C00196,A00078,Priya,Clark,priya.clark@stonebridgeroofing.com,477-737-9872,Engineer,,,,,web_form,2026-02-28,priya,clark,priya.clark@stonebridgeroofing.com,+14777379872,,priya.clark@stonebridgeroofing.com,+14777379872,pC462|stonebridgeroofing.com,,cP600pC462|stonebridgeroofing.com,A00078,cP600pC462|A00078,pC462|A00078
C00197,,Hannah,Allen,hannahallen0044@gmail.com,5718678888,Engineer,,,,,erp,2023-07-09,hannah,allen,hannahallen0044@gmail.com,+15718678888,,hannahallen0044@gmail.com,+15718678888,,,,,,
C00198,A00144,Nguyen,Pirya,,(270) 908-3367,Owner,,,,,web_form,2024-05-19,nguyen,pirya,,+12709083367,,,+12709083367,,,,A00144,nP600pN250|A00144,nP600|A00144
C00199,,Wei,Nguyen,,3442621112,Office Manager,,,,,crm,2024-06-13,wei,nguyen,,+13442621112,,,+13442621112,,,,,,
C00200,A00124,Omar,Young,omar.young@beaconlegalservices.com,716.444.2292,Owner,,,,,erp,2025-01-24,omar,young,omar.young@beaconlegalservices.com,+17164442292,,omar.young@beaconlegalservices.com,+17164442292,oY520|beaconlegalservices.com,,oY520yO560|beaconlegalservices.com,A00124,oY520yO560|A00124,oY520|A00124
C00201,A00109,Daniel,Martin,sales@ironwoodinsurance.com,5273535590,Purchasing Agent,,,,,trade_show,2022-12-26,daniel,martin,sales@ironwoodinsurance.com,+15273535590,,,+15273535590,dM635|ironwoodinsurance.com,,dM635mD540|ironwoodinsurance.com,A00109,dM635mD540|A00109,dM635|A00109
C00202,A00108,Priya,Brown,priya.brown@pioneeranalytics.com,983.394.9542,CFO,5325 Washington Street,Chicago,IL,60691,web_form,2025-05-30,priya,brown,priya.brown@pioneeranalytics.com,+19833949542,5325 washington st,priya.brown@pioneeranalytics.com,+19833949542,pB650|pioneeranalytics.com,pB650|5325|washington|606,bP600pB650|pioneeranalytics.com,A00159,bP600pB650|A00159,pB650|A00159
C00203,A00064,William,Martinez,william.martinez@beaconsoftware.com,(718) 910-9922,Office Manager,3265 Lake Drive,Atlanta,GA,30377,web_form,2026-02-11,william,martinez,william.martinez@beaconsoftware.com,+17189109922,3265 lake dr,william.martinez@beaconsoftware.com,+17189109922,wM635|beaconsoftware.com,wM635|3265|lake|303,mW450wM635|beaconsoftware.com,A00064,mW450wM635|A00064,wM635|A00064
C00204,A00052,Omar,Patel,omar.patel@blueridgeanalytics.com,+1 869 773 2259,CFO,,,,,erp,2022-07-18,omar,patel,omar.patel@blueridgeanalytics.com,+18697732259,,omar.patel@blueridgeanalytics.com,+18697732259,oP340|blueridgeanalytics.com,,oP340pO560|blueridgeanalytics.com,A00052,oP340pO560|A00052,oP340|A00052
C00205,A00097,Joseph,Martinez,support@stonebridgestaffing.com,,Owner,5427 Cedar Drive,Atlanta,GA,30390,web_form,2025-12-03,joseph,martinez,support@stonebridgestaffing.com,,5427 cedar dr,,,jM635|stonebridgestaffing.com,jM635|5427|cedar|303,jM635mJ210|stonebridgestaffing.com,A00097,jM635mJ210|A00097,jM635|A00097
C00206,A00097,Thomas,Walker,thomas.walker@stonebridgestaffing.com,+1 584 619 2451,Engineer,,,,,erp,2022-07-17,thomas,walker,thomas.walker@stonebridgestaffing.com,+15846192451,,thomas.walker@stonebridgestaffing.com,+15846192451,tW426|stonebridgestaffing.com,,tW426wT520|stonebridgestaffing.com,A00097,tW426wT520|A00097,tW426|A00097
C00207,A00090,James,Kim,james.kim@falconanalytics.com,932.343.3305,VP Sales,,,,,billing,2024-08-27,james,kim,james.kim@falconanalytics.com,+19323433305,,james.kim@falconanalytics.com,+19323433305,jK500|falconanalytics.com,,jK500kJ520|falconanalytics.com,A00090,jK500kJ520|A00090,jK500|A00090
C00208,A00088,Joe,Taylor,joe.taylor@harborpointinsurance.com,815.754.9384,Director of Operations,8664 CHURCH BLVD,Austin,TX,78757,billing,2025-01-04,joseph,taylor,joe.taylor@harborpointinsurance.com,+18157549384,8664 church blvd,joe.taylor@harborpointinsurance.com,+18157549384,jT460|harborpointinsurance.com,jT460|8664|church|787,jT460tJ210|harborpointinsurance.com,A00088,jT460tJ210|A00088,jT460|A00088
C00209,A00017,Patricia,Rodriguez,patricia.rodriguez@copperhillplumbing.com,4533311472,Purchasing Agent,,,,,erp,2024-11-28,patricia,rodriguez,patricia.rodriguez@copperhillplumbing.com,+14533311472,,patricia.rodriguez@copperhillplumbing.com,+14533311472,pR362|copperhillplumbing.com,,pR362rP362|copperhillplumbing.com,A00017,pR362rP362|A00017,pR362|A00017
C00210,A00074,Patricia,Wilson,patricia.wilson@blueridgelegalservices.com,(236) 445-9681,VP Sales,,,,,billing,2025-10-13,patricia,wilson,patricia.wilson@blueridgelegalservices.com,+12364459681,,patricia.wilson@blueridgelegalservices.com,+12364459681,pW425|blueridgelegalservices.com,,pW425wP362|blueridgelegalservices.com,A00074,pW425wP362|A00074,pW425|A00074
C00211,A00080,William,Brown,william.brown@evergreenautorepair.com,7487748743,Director of Operations,,,,,crm,2023-09-10,william,brown,william.brown@evergreenautorepair.com,+17487748743,,william.brown@evergreenautorepair.com,+17487748743,wB650|evergreenautorepair.com,,bW450wB650|evergreenautorepair.com,A00080,bW450wB650|A00080,wB650|A00080
C00212,A00130,Thomas,Smith,tsmith@cedardental.com,551.740.8113,Purchasing Agent,,,,,trade_show,2025-09-20,thomas,smith,tsmith@cedardental.com,+15517408113,,tsmith@cedardental.com,+15517408113,tS530|cedardental.com,,sT520tS530|cedardental.com,A00095,sT520tS530|A00095,tS530|A00095
C00213,A00084,Elizabeth,Williams,elizabeth.williams@atlasautorepair.com,2343333104,Engineer,,,,,billing,2024-06-11,elizabeth,williams,elizabeth.williams@atlasautorepair.com,+12343333104,,elizabeth.williams@atlasautorepair.com,+12343333104,eW452|atlasautorepair.com,,eW452wE421|atlasautorepair.com,A00084,eW452wE421|A00084,eW452|A00084
C00214,A00152,Jennifer,White,jennifer.white@mapleleafanalytics.com,(743) 844-1375,VP Sales,,,,,trade_show,2023-04-08,jennifer,white,jennifer.white@mapleleafanalytics.com,+17438441375,,jennifer.white@mapleleafanalytics.com,+17438441375,jW300|mapleleafanalytics.com,,jW300wJ516|mapleleafanalytics.com,A00152,jW300wJ516|A00152,jW300|A00152
C00215,A00074,Robert,Johnson,robert.johnson@blueridgelegalservices.com,589.266.6960,Owner,9221 Sunset Street,Atlanta,GA,30360,billing,2022-05-19,robert,johnson,robert.johnson@blueridgelegalservices.com,+15892666960,9221 sunset st,robert.johnson@blueridgelegalservices.com,+15892666960,rJ525|blueridgelegalservices.com,rJ525|9221|sunset|303,jR163rJ525|blueridgelegalservices.com,A00074,jR163rJ525|A00074,rJ525|A00074
C00216,A00060,Linda,Garcia,linda.garcia@mapleleafautorepair.com,492.857.4626,CFO,795 Lake Drive,Phoenix,AZ,85010,erp,2022-10-11,linda,garcia,linda.garcia@mapleleafautorepair.com,+14928574626,795 lake dr,linda.garcia@mapleleafautorepair.com,+14928574626,lG620|mapleleafautorepair.com,lG620|795|lake|850,gL530lG620|mapleleafautorepair.com,A00060,gL530lG620|A00060,lG620|A00060
C00217,A00080,Brown,Willima,,(748) 774-8743,Director of Operations,,,,,erp,2023-05-03,brown,willima,,+17487748743,,,+17487748743,,,,A00080,bW450wB650|A00080,bW450|A00080
C00218,A00084,Susan,Jackson,susan.jackson@atlasautorepair.com,(954) 690-6854,Owner,,,,,crm,2022-12-20,susan,jackson,susan.jackson@atlasautorepair.com,+19546906854,,susan.jackson@atlasautorepair.com,+19546906854,sJ250|atlasautorepair.com,,jS250sJ250|atlasautorepair.com,A00084,jS250sJ250|A00084,sJ250|A00084
C00219,A00050,Katherine,Miller,katherine.miller@blueridgeroofing.com,(299) 715-1516,VP Sales,2570 Elm Road,Nashville,TN,37273,web_form,2023-08-27,katherine,miller,katherine.miller@blueridgeroofing.com,+12997151516,2570 elm rd,katherine.miller@blueridgeroofing.com,+12997151516,kM460|blueridgeroofing.com,kM460|2570|elm|372,kM460mK365|blueridgeroofing.com,A00050,kM460mK365|A00050,kM460|A00050
C00220,A00023,Aisha,Nguyen,aisha.nguyen@northgateanalytics.com,+1 868 773 1865,VP Sales,,,,,billing,2022-07-18,aisha,nguyen,aisha.nguyen@northgateanalytics.com,+18687731865,,aisha.nguyen@northgateanalytics.com,+18687731865,aN250|northgateanalytics.com,,aN250nA200|northgateanalytics.com,A00110,aN250nA200|A00110,aN250|A00110
C00221,A00048,Kevin,Taylor,kevin.taylor.jr@pioneerlandscaping.com,+1 405 353 3464,Office Manager,9605 Washington Drive,Austin,TX,78792,trade_show,2022-12-26,kevin,taylor,kevin.taylor.jr@pioneerlandscaping.com,+14053533464,9605 washington dr,kevin.taylor.jr@pioneerlandscaping.com,+14053533464,kT460|pioneerlandscaping.com,kT460|9605|washington|787,kT460tK150|pioneerlandscaping.com,A00048,kT460tK150|A00048,kT460|A00048
C00222,A00128,Joseph,Allen,joseph.allen@meridianlandscaping.com,(996) 565-8603,CFO,,,,,billing,2026-02-04,joseph,allen,joseph.allen@meridianlandscaping.com,+19965658603,,joseph.allen@meridianlandscaping.com,+19965658603,jA450|meridianlandscaping.com,,aJ210jA450|meridianlandscaping.com,A00128,aJ210jA450|A00128,jA450|A00128
C00223,A00045,Jennifer,Wilson,jennifer.wilson@evergreendental.com,434.357.1794,Owner,,,,,trade_show,2022-11-17,jennifer,wilson,jennifer.wilson@evergreendental.com,+14343571794,,jennifer.wilson@evergreendental.com,+14343571794,jW425|evergreendental.com,,jW425wJ516|evergreendental.com,A00045,jW425wJ516|A00045,jW425|A00045
C00224,A00069,Nguyen,Daavid,,(212) 888-4009,VP Sales,2175 SUNSET RD,Chicago,IL,60649,trade_show,2023-03-05,nguyen,daavid,,+12128884009,2175 sunset rd,,+12128884009,,nD130|2175|sunset|606,,A00069,dN250nD130|A00069,nD130|A00069
C00225,,Daniel,Young,danielyoung0188@gmail.com,+1 587 909 4507,VP Sales,,,,,trade_show,2025-12-23,daniel,young,danielyoung0188@gmail.com,+15879094507,,danielyoung0188@gmail.com,+15879094507,,,,,,
C00226,A00142,Deborah,Thompson,deborah.thompson@granitestaffing.com,247.289.9240,Director of Operations,9354 Hill Boulevard,Austin,TX,78702,trade_show,2022-05-30,deborah,thompson,deborah.thompson@granitestaffing.com,+12472899240,9354 hill blvd,deborah.thompson@granitestaffing.com,+12472899240,dT512|granitestaffing.com,dT512|9354|hill|787,dT512tD160|granitestaffing.com,A00142,dT512tD160|A00142,dT512|A00142
C00227,A00145,Priya,White,priya.white@beaconroofing.com,497-634-4558,CFO,,,,,trade_show,2022-03-03,priya,white,priya.white@beaconroofing.com,+14976344558,,priya.white@beaconroofing.com,+14976344558,pW300|beaconroofing.com,,pW300wP600|beaconroofing.com,A00145,pW300wP600|A00145,pW300|A00145
C00228,A00053,Patricia,White,patricia.white@mapleleafplumbing.com,496.881.1967,Director of Operations,,,,,trade_show,2026-01-09,patricia,white,patricia.white@mapleleafplumbing.com,+14968811967,,patricia.white@mapleleafplumbing.com,+14968811967,pW300|mapleleafplumbing.com,,pW300wP362|mapleleafplumbing.com,A00053,pW300wP362|A00053,pW300|A00053
C00229,A00161,Robert,Nguyen,robert.nguyen@beaconplumbing.com,+1 239 395 2414,Engineer,3056 Maple Road,Columbus,OH,43281,trade_show,2024-08-10,robert,nguyen,robert.nguyen@beaconplumbing.com,+12393952414,3056 maple rd,robert.nguyen@beaconplumbing.com,+12393952414,rN250|beaconplumbing.com,rN250|3056|maple|432,nR163rN250|beaconplumbing.com,A00161,nR163rN250|A00161,rN250|A00161
C00230,A00165,Linda,Johnson,linda.johnson@evergreeninsurance.com,550.215.2725,Director of Operations,6572 Park Street,Nashville,TN,37236,crm,2023-01-09,linda,johnson,linda.johnson@evergreeninsurance.com,+15502152725,6572 park st,linda.johnson@evergreeninsurance.com,+15502152725,lJ525|evergreeninsurance.com,lJ525|6572|park|372,jL530lJ525|evergreeninsurance.com,A00165,jL530lJ525|A00165,lJ525|A00165
C00231,A00050,Luis,Miller,luis.miller@blueridgeroofing.com,670-340-1709,Owner,,,,,erp,2022-11-14,luis,miller,luis.miller@blueridgeroofing.com,+16703401709,,luis.miller@blueridgeroofing.com,+16703401709,lM460|blueridgeroofing.com,,lM460mL200|blueridgeroofing.com,A00050,lM460mL200|A00050,lM460|A00050
C00232,A00055,Wei,Walker,wei.walker@blueridgeautorepair.com,(823) 980-9657,CFO,8163 Oak Drive,Seattle,WA,98197,web_form,2022-04-19,wei,walker,wei.walker@blueridgeautorepair.com,+18239809657,8163 oak dr,wei.walker@blueridgeautorepair.com,+18239809657,wW426|blueridgeautorepair.com,wW426|8163|oak|981,wW000wW426|blueridgeautorepair.com,A00055,wW000wW426|A00055,wW426|A00055
C00233,A00126,Thomas,Allen,thomas.allen@silvercreekbakery.com,+1 440 768 9562,Office Manager,8347 Park Road,Phoenix,AZ,85097,web_form,2023-08-05,thomas,allen,thomas.allen@silvercreekbakery.com,+14407689562,8347 park rd,thomas.allen@silvercreekbakery.com,+14407689562,tA450|silvercreekbakery.com,tA450|8347|park|850,aT520tA450|silvercreekbakery.com,A00126,aT520tA450|A00126,tA450|A00126
C00234,A00111,Maria,Martin,maria.martin.jr@cedarlegalservices.com,2354538848,Owner,5463 Maple Avenue,Boston,MA,02186,billing,2025-10-12,maria,martin,maria.martin.jr@cedarlegalservices.com,+12354538848,5463 maple ave,maria.martin.jr@cedarlegalservices.com,+12354538848,mM635|cedarlegalservices.com,mM635|5463|maple|021,mM600mM635|cedarlegalservices.com,A00111,mM600mM635|A00111,mM635|A00111
C00235,A00110,Jennifer,Taylor,jennifer.taylor@northgateanalytics.com,373-449-6899,CFO,,,,,trade_show,2024-01-17,jennifer,taylor,jennifer.taylor@northgateanalytics.com,+13734496899,,jennifer.taylor@northgateanalytics.com,+13734496899,jT460|northgateanalytics.com,,jT460tJ516|northgateanalytics.com,A00110,jT460tJ516|A00110,jT460|A00110
C00236,A00019,Elizabeth,Martinez,elizabeth.martinez@riverbendinsurance.com,+1 499 450 1625,Office Manager,,,,,billing,2025-07-10,elizabeth,martinez,elizabeth.martinez@riverbendinsurance.com,+14994501625,,elizabeth.martinez@riverbendinsurance.com,+14994501625,eM635|riverbendinsurance.com,,eM635mE421|riverbendinsurance.com,A00024,eM635mE421|A00024,eM635|A00024
C00237,A00161,David,Rodriguez,david.rodriguez@beaconplumbing.com,(476) 785-2354,VP Sales,,,,,trade_show,2025-03-01,david,rodriguez,david.rodriguez@beaconplumbing.com,+14767852354,,david.rodriguez@beaconplumbing.com,+14767852354,dR362|beaconplumbing.com,,dR362rD130|beaconplumbing.com,A00161,dR362rD130|A00161,dR362|A00161
C00238,A00062,Linda,Allen,linda.allen@riverbendroofing.com,+1 987 731 2574,Owner,8033 Sunset Drive,Austin,TX,78778,crm,2022-08-12,linda,allen,linda.allen@riverbendroofing.com,+19877312574,8033 sunset dr,linda.allen@riverbendroofing.com,+19877312574,lA450|riverbendroofing.com,lA450|8033|sunset|787,aL530lA450|riverbendroofing.com,A00062,aL530lA450|A00062,lA450|A00062
C00239,A00021,Yuki,Thompson,yuki.thompson@riverbendplumbing.com,(795) 703-6188,Office Manager,858 Main Road,Nashville,TN,37297,web_form,2022-11-18,yuki,thompson,yuki.thompson@riverbendplumbing.com,+17957036188,858 main rd,yuki.thompson@riverbendplumbing.com,+17957036188,yT512|riverbendplumbing.com,yT512|858|main|372,tY200yT512|riverbendplumbing.com,A00044,tY200yT512|A00044,yT512|A00044
C00240,A00084,James,Thompson,james.thompson@atlasautorepair.com,(493) 654-4686,Office Manager,,,,,trade_show,2023-03-09,james,thompson,james.thompson@atlasautorepair.com,+14936544686,,james.thompson@atlasautorepair.com,+14936544686,jT512|atlasautorepair.com,,jT512tJ520|atlasautorepair.com,A00084,jT512tJ520|A00084,jT512|A00084
C00241,A00072,Liz,Lee,liz.lee@sterlinglogistics.com,844.523.3228,Purchasing Agent,,,,,web_form,2025-09-10,elizabeth,lee,liz.lee@sterlinglogistics.com,+18445233228,,liz.lee@sterlinglogistics.com,+18445233228,eL000|sterlinglogistics.com,,eL000lE421|sterlinglogistics.com,A00072,eL000lE421|A00072,eL000|A00072
C00242,A00107,Patricia,Martinez,office@atlaslogistics.com,,CFO,,,,,erp,2023-01-24,patricia,martinez,office@atlaslogistics.com,,,,,pM635|atlaslogistics.com,,mP362pM635|atlaslogistics.com,A00107,mP362pM635|A00107,pM635|A00107
C00243,A00080,Bill,Allen,bill.allen@evergreenautorepair.com,+1 424 495 1923,Engineer,,,,,trade_show,2022-05-28,william,allen,bill.allen@evergreenautorepair.com,+14244951923,,bill.allen@evergreenautorepair.com,+14244951923,wA450|evergreenautorepair.com,,aW450wA450|evergreenautorepair.com,A00080,aW450wA450|A00080,wA450|A00080
C00244,,Katherine,White,,2307709198,Director of Operations,,,,,web_form,2022-11-06,katherine,white,,+12307709198,,,+12307709198,,,,,,
