golden_id,group_id,master_id,member_ids,member_count,name,website,industry,address,city,state,zip,primary_phone,filled_from
A00003,AG00001,A00003,A00003,1,Riverbend Logistics LLC,,Logistics,8659 Oak Boulevard,Nashville,TN,37288,+13523311350,
A00004,AG00002,A00004,A00004,1,Oakmont Legal Services,www.oakmontlegalservices.com,Legal Services,2201 Elm Road,Nashville,TN,37253,+14984363025,
A00005,AG00003,A00005,A00005,1,Falcon Plumbing Inc,,Plumbing,1200 Washington Boulevard,Portland,OR,97265,+14322332573,
A00006,AG00004,A00006,A00006,1,Northgate Bakery Inc,www.northgatebakery.com,Bakery,4169 Lake Drive,Chicago,IL,60694,+13668366761,
A00007,AG00005,A00007,A00007,1,Oakmont Staffing Corp,www.oakmontstaffing.com,Staffing,5474 Elm Road,Columbus,OH,43213,+18659838980,
A00008,AG00006,A00008,A00008,1,Redwood Landscaping LLC,www.redwoodlandscaping.com,Landscaping,5324 Hill Avenue,Atlanta,GA,30399,+12465130510,
A00009,AG00007,A00009,A00009,1,Meridian Staffing LLC,,Staffing,9754 Park Avenue,Phoenix,AZ,85056,+15674229639,
A00010,AG00008,A00010,A00010,1,Maple Leaf Staffing Corp,www.mapleleafstaffing.com,Staffing,2164 Elm Avenue,Columbus,OH,43272,+13217836647,
A00013,AG00009,A00013,A00013,1,Blue Ridge Logistics,www.blueridgelogistics.com,Logistics,5872 Church Road,Boston,MA,02146,+15117065373,
A00014,AG00010,A00014,A00014,1,Beacon Staffing Co,www.beaconstaffing.com,Staffing,2622 Washington Drive,Seattle,WA,98188,+19334126491,
A00015,AG00011,A00015,A00015,1,Blue Ridge Staffing Corp,www.blueridgestaffing.com,Staffing,5422 Park Drive,Nashville,TN,37255,+13207791878,
A00016,AG00012,A00016,A00016,1,Northgate Plumbing,www.northgateplumbing.com,Plumbing,5091 Oak Boulevard,Denver,CO,80265,+13827262064,
A00017,AG00013,A00017,A00017,1,Copper Hill Plumbing,www.copperhillplumbing.com,Plumbing,6877 Oak Street,Portland,OR,97288,+18953857980,
A00018,AG00014,A00018,A00018,1,Meridian Plumbing Corp,,Plumbing,2580 Washington Avenue,Portland,OR,97233,+14529306904,
A00020,AG00015,A00020,A00020,1,Falcon Legal Services Inc,,Legal Services,2007 Church Boulevard,Phoenix,AZ,85001,+19033431732,
A00022,AG00016,A00022,A00022,1,Beacon Staffing Ltd,www.beaconstaffing.com,Staffing,5024 Washington Road,Denver,CO,80253,+14067453870,
A00025,AG00017,A00025,A00025,1,Lakeside Logistics Corp,,Logistics,6554 Main Avenue,Boston,MA,02117,+16125508967,
A00027,AG00018,A00027,A00027,1,Redwood Staffing Co,www.redwoodstaffing.com,Staffing,6518 Maple Road,Columbus,OH,43288,+13762647221,
A00029,AG00019,A00029,A00029,1,Evergreen Auto Repair Ltd,www.evergreenautorepair.com,Auto Repair,3279 Lake Boulevard,Boston,MA,02104,+18068550267,
A00031,AG00020,A00031,A00031,1,Sterling Plumbing,www.sterlingplumbing.com,Plumbing,9073 Elm Street,Atlanta,GA,30350,+15506322470,
A00032,AG00021,A00032,A00032,1,Atlas Consulting LLC,www.atlasconsulting.com,Consulting,6342 Park Road,Seattle,WA,98128,+14094878765,
A00034,AG00022,A00034,A00034,1,Pioneer Plumbing Corp,,Plumbing,1521 Oak Avenue,Portland,OR,97279,+19418555433,
A00035,AG00023,A00035,A00035,1,Pioneer Software Inc,www.pioneersoftware.com,Software,2699 Cedar Boulevard,Nashville,TN,37272,+19488816041,
A00036,AG00024,A00036,A00036 A00011,2,Bright Path Analytics,www.brightpathanalytics.com,Analytics,3220 Church Street,Columbus,OH,43280,+14859713922,
A00038,AG00025,A00038,A00038,1,Stonebridge Consulting Ltd,www.stonebridgeconsulting.com,Consulting,2716 Oak Drive,Nashville,TN,37255,+18499008528,
A00039,AG00026,A00039,A00039,1,Copper Hill Landscaping Ltd,www.copperhilllandscaping.com,Landscaping,8175 Cedar Avenue,Columbus,OH,43246,+15005786796,
A00040,AG00027,A00040,A00040,1,Redwood Design Ltd,,Design,6179 Oak Road,Boston,MA,02139,+12894623090,
A00041,AG00028,A00041,A00041,1,Silver Creek Dental Corp,www.silvercreekdental.com,Dental,8631 Cedar Drive,Denver,CO,80239,+14487146499,
A00042,AG00029,A00042,A00042,1,Ironwood Electric,www.ironwoodelectric.com,Electric,3557 Oak Street,Nashville,TN,37279,+16805935594,
A00043,AG00030,A00043,A00043,1,Evergreen Legal Services Corp,www.evergreenlegalservices.com,Legal Services,1198 Oak Avenue,Austin,TX,78772,+16457157236,
A00021,AG00031,A00021,A00021 A00044,2,Riverbend Plumbing Inc,www.riverbendplumbing.com,Plumbing,7719 Maple Drive,Seattle,WA,98192,+16392352832,
A00045,AG00032,A00045,A00045,1,Evergreen Dental Corp,www.evergreendental.com,Dental,6697 Maple Drive,Nashville,TN,37249,+18654903664,
A00046,AG00033,A00046,A00046,1,Harbor Point Logistics,,Logistics,8691 Main Road,Nashville,TN,37242,+16108275205,
A00047,AG00034,A00047,A00047,1,Redwood Roofing Co,www.redwoodroofing.com,Roofing,968 Washington Drive,Nashville,TN,37288,+18254230650,
A00048,AG00035,A00048,A00048,1,Pioneer Landscaping Inc,www.pioneerlandscaping.com,Landscaping,6290 Washington Road,Phoenix,AZ,85063,+16373226429,
A00049,AG00036,A00049,A00049,1,Redwood Logistics LLC,www.redwoodlogistics.com,Logistics,3538 Lake Road,Austin,TX,78731,+16736023495,
A00050,AG00037,A00050,A00050,1,Blue Ridge Roofing,www.blueridgeroofing.com,Roofing,7469 Park Street,Seattle,WA,98100,+12433318020,
A00051,AG00038,A00051,A00051,1,Riverbend Logistics LLC,,Logistics,8299 Elm Street,Columbus,OH,43224,+16792849611,
A00052,AG00039,A00052,A00052,1,Blue Ridge Analytics LLC,www.blueridgeanalytics.com,Analytics,560 Sunset Boulevard,Seattle,WA,98196,+14859518980,
A00053,AG00040,A00053,A00053,1,Maple Leaf Plumbing Inc,www.mapleleafplumbing.com,Plumbing,9254 Sunset Boulevard,Portland,OR,97287,+16735311286,
A00055,AG00041,A00055,A00055,1,Blue Ridge Auto Repair Co,www.blueridgeautorepair.com,Auto Repair,4900 Park Avenue,Columbus,OH,43245,+13058262594,
A00057,AG00042,A00057,A00057,1,OAKMONT ROOFING LLC,,Roofing,3461 Washington Road,Portland,OR,97263,,
A00060,AG00043,A00060,A00060,1,Maple Leaf Auto Repair,www.mapleleafautorepair.com,Auto Repair,7924 Maple Road,Columbus,OH,43208,+17513236628,
A00062,AG00044,A00062,A00062 A00037,2,Riverbend Roofing Inc,www.riverbendroofing.com,Roofing,8330 Lake Drive,Columbus,OH,43272,+14644564516,
A00063,AG00045,A00063,A00063,1,Pioneer Dental Inc,www.pioneerdental.com,Dental,7434 Main Road,Nashville,TN,37231,+13007322129,
A00065,AG00046,A00065,A00065 A00002,2,Sterling Roofing,www.sterlingroofing.com,Roofing,2375 Cedar Drive,Columbus,OH,43290,+15262753665,
A00058,AG00047,A00058,A00058 A00066,2,Summit Bakery,www.summitbakery.com,Bakery,1890 Sunset Street,Austin,TX,78794,+14189181959,
A00067,AG00048,A00067,A00067 A00056,2,Merridian Consulting Inc,www.meridianconsulting.com,Consulting,5637 Park Avenue,Columbus,OH,43209,+18985665919,phone<-A00056
A00054,AG00049,A00054,A00054 A00068,2,COPPER HILL CONSULTING Corp,www.copperhillconsulting.com,Consulting,5575 Lake Blvd,Seattle,WA,98167,+16134754035,
A00069,AG00050,A00069,A00069,1,Lakeside Insurance Co,www.lakesideinsurance.com,Insurance,7920 Sunset Street,Austin,TX,78797,+15795533534,
A00070,AG00051,A00070,A00070,1,Atlas Insurance Ltd,www.atlasinsurance.com,Insurance,3956 Sunset Road,Portland,OR,97221,+13252034728,
A00071,AG00052,A00071,A00071,1,Blue Ridge Staffing Corp,www.blueridgestaffing.com,Staffing,7969 Hill Boulevard,Atlanta,GA,30355,+18389059253,
A00073,AG00053,A00073,A00073 A00024 A00019,3,Riverbend Insurance LLC,www.riverbendinsurance.com,Insurance,176 Oak Blvd,Chicago,IL,60653,+12916758869,
A00074,AG00054,A00074,A00074,1,Blue Ridge Legal Services Corp,www.blueridgelegalservices.com,Legal Services,5902 Washington Boulevard,Columbus,OH,43204,+12027110986,
A00076,AG00055,A00076,A00076,1,Falcon Plumbing Inc,,Plumbing,6333 Hill Road,Seattle,WA,98152,+13428623366,
A00077,AG00056,A00077,A00077,1,Northgate Legal Services,,Legal Services,9125 Elm Boulevard,Denver,CO,80285,+15235186643,
A00078,AG00057,A00078,A00078,1,Stonebridge Roofing,www.stonebridgeroofing.com,Roofing,8925 Cedar Drive,Phoenix,AZ,85077,+16517604197,
A00079,AG00058,A00079,A00079,1,BLUE RIDGE LOGISTICS,,Logistics,7235 Sunset Drive,Portland,OR,97287,,
A00080,AG00059,A00080,A00080,1,Evergreen Auto Repair Ltd,www.evergreenautorepair.com,Auto Repair,5050 Church Boulevard,Seattle,WA,98178,+12786650524,
A00083,AG00060,A00083,A00083,1,Pioneer Plumbing Corp,,Plumbing,3174 Lake Street,Seattle,WA,98159,+12963342936,
A00084,AG00061,A00084,A00084,1,Atlas Auto Repair Co,www.atlasautorepair.com,Auto Repair,2821 Lake Road,Columbus,OH,43231,+19838028164,
A00085,AG00062,A00085,A00085,1,Northgate Legal Services,,Legal Services,8622 Hill Avenue,Portland,OR,97239,+12936503414,
A00087,AG00063,A00087,A00087,1,Evergreen Logistics Corp,www.evergreenlogistics.com,Logistics,6737 Hill Road,Chicago,IL,60689,+19078749762,
A00088,AG00064,A00088,A00088,1,HARBOR POINT INSURANCE Inc,,Insurance,4775 Park Avenue,Portland,OR,97254,,
A00089,AG00065,A00089,A00089,1,BLUE RIDGE PLUMBING Ltd,,Plumbing,6491 Sunset Boulevard,Chicago,IL,60624,,
A00092,AG00066,A00092,A00092,1,Beacon Bakery LLC,www.beaconbakery.com,Bakery,7751 Main Avenue,Chicago,IL,60681,+15029090966,
A00093,AG00067,A00093,A00093,1,Harbor Point Logistics,,Logistics,1751 Park Boulevard,Phoenix,AZ,85026,+13935505026,
A00096,AG00068,A00096,A00096 A00090,2,Falcon Analytics Co,www.falconanalytics.com,Analytics,618 Hill Rd,Denver,CO,80270,+14689350256,
A00097,AG00069,A00097,A00097,1,Stonebridge Staffing Ltd,www.stonebridgestaffing.com,Staffing,703 Washington Drive,Portland,OR,97294,+19394432395,
A00098,AG00070,A00098,A00098 A00012,2,NORTHGATE ROOFING,www.northgateroofing.com,Roofing,8598 Elm Dr,Columbus,OH,43263,+15908243411,
A00101,AG00071,A00101,A00101 A00001,2,STONEBRIDGE DENTAL LLC,www.stonebridgedental.com,Dental,7746 Park St,Austin,TX,78722,+14046864194,
A00059,AG00072,A00059,A00059 A00102,2,Riverbend Desiggn LLC,www.riverbenddesign.com,Design,6166 Church Boulevard,Austin,TX,78767,+14569343239,phone<-A00102
A00104,AG00073,A00104,A00104,1,Falcon Legal Services Inc,,Legal Services,4818 Sunset Street,Boston,MA,02158,+15869287786,
A00106,AG00074,A00106,A00106,1,Oakmont Roofing LLC,www.oakmontroofing.com,Roofing,9031 Cedar Road,Seattle,WA,98161,+17544841187,
A00107,AG00075,A00107,A00107,1,Atlas Logistics,www.atlaslogistics.com,Logistics,1906 Sunset Drive,Columbus,OH,43229,+14417134840,
A00109,AG00076,A00109,A00109,1,Ironwood Insurance,www.ironwoodinsurance.com,Insurance,1949 Main Avenue,Seattle,WA,98136,+18816066335,
A00110,AG00077,A00110,A00110 A00023,2,Northgate Analytics LLC,www.northgateanalytics.com,Analytics,3821 Church Road,Seattle,WA,98123,+17424218895,
A00111,AG00078,A00111,A00111,1,Cedar Legal Services Inc,www.cedarlegalservices.com,Legal Services,5335 Maple Drive,Seattle,WA,98102,+14078110860,
A00112,AG00079,A00112,A00112 A00081,2,Ironwood Staffing Inc,www.ironwoodstaffing.com,Staffing,7056 Cedar Drive,Chicago,IL,60647,+15346007650,
A00113,AG00080,A00113,A00113,1,Harbor Point Electric Corp,www.harborpointelectric.com,Electric,7741 Lake Street,Atlanta,GA,30304,+17383441497,
A00114,AG00081,A00114,A00114,1,Atlas Insurance Ltd,www.atlasinsurance.com,Insurance,2771 Washington Drive,Atlanta,GA,30318,+17567599186,
A00115,AG00082,A00115,A00115,1,Lakeside Logistics Corp,,Logistics,959 Church Avenue,Chicago,IL,60601,+15947408451,
A00117,AG00083,A00117,A00117,1,Blue Ridge Design,www.blueridgedesign.com,Design,2010 Washington Avenue,Chicago,IL,60680,+18862683542,
A00118,AG00084,A00118,A00118,1,Meridian Roofing Co,www.meridianroofing.com,Roofing,3017 Washington Avenue,Chicago,IL,60672,+19338504125,
A00119,AG00085,A00119,A00119 A00103,2,Beacon Design Ltd,www.beacondesign.com,Design,1631 Church St,Boston,MA,02127,+18687145621,
A00120,AG00086,A00120,A00120,1,Atlas Staffing,www.atlasstaffing.com,Staffing,5042 Oak Avenue,Boston,MA,02134,+19976556802,
A00123,AG00087,A00123,A00123,1,Meridian Landscaping Inc,www.meridianlandscaping.com,Landscaping,7839 Sunset Boulevard,Boston,MA,02189,+18428753242,
A00124,AG00088,A00124,A00124,1,Beacon Legal Services Ltd,www.beaconlegalservices.com,Legal Services,2644 Maple Avenue,Atlanta,GA,30348,+16308562057,
A00125,AG00089,A00125,A00125 A00072,2,Sterling Logistics,www.sterlinglogistics.com,Logistics,4511 Elm Drive,Chicago,IL,60687,+17433404753,
A00126,AG00090,A00126,A00126,1,Silver Creek Bakery Corp,www.silvercreekbakery.com,Bakery,7375 Lake Boulevard,Phoenix,AZ,85004,+18276251042,
A00127,AG00091,A00127,A00127,1,MAPLE LEAF PLUMBING Inc,,Plumbing,162 Oak Road,Atlanta,GA,30327,,
A00128,AG00092,A00128,A00128,1,Meridian Landscaping Inc,www.meridianlandscaping.com,Landscaping,4370 Hill Street,Portland,OR,97257,+15415371503,
A00129,AG00093,A00129,A00129,1,Keystone Roofing Corp,www.keystoneroofing.com,Roofing,909 Elm Boulevard,Columbus,OH,43277,+16602856248,
A00095,AG00094,A00095,A00095 A00130,2,Cedar Dental,www.cedardental.com,Dental,8407 Main Road,Denver,CO,80210,+15796153196,
A00131,AG00095,A00131,A00131,1,Ironwood Plumbing Co,www.ironwoodplumbing.com,Plumbing,9278 Elm Road,Chicago,IL,60685,+12742240579,
A00132,AG00096,A00132,A00132,1,Meridian Plumbing Corp,,Plumbing,8768 Main Avenue,Nashville,TN,37273,+17283344366,
A00064,AG00097,A00064,A00064 A00133,2,Beacon Software,www.beaconsoftware.com,Software,6399 Main Road,Phoenix,AZ,85095,+14767744645,
A00134,AG00098,A00134,A00134,1,Harbor Point Plumbing LLC,www.harborpointplumbing.com,Plumbing,7572 Oak Avenue,Portland,OR,97246,+15024591947,
A00135,AG00099,A00135,A00135,1,Evergreen Design Co,www.evergreendesign.com,Design,9609 Elm Boulevard,Phoenix,AZ,85092,+12646144456,
A00136,AG00100,A00136,A00136 A00116 A00033,3,Smmit Plumbing Corp,www.summitplumbing.com,Plumbing,1891 Elm Avenue,Atlanta,GA,30399,+17414994489,
A00137,AG00101,A00137,A00137 A00028,2,Meridian Bakery Corp,www.meridianbakery.com,Bakery,779 Church St,Seattle,WA,98157,+16653940405,
A00061,AG00102,A00061,A00061 A00138,2,Falcon Insurance Ltd,www.falconinsurance.com,Insurance,8922 Sunset St,Portland,OR,97262,+15862288819,
A00139,AG00103,A00139,A00139,1,Harbor Point Analytics LLC,www.harborpointanalytics.com,Analytics,8919 Lake Street,Austin,TX,78730,+14648963605,
A00140,AG00104,A00140,A00140 A00075,2,Northgate Insurance,www.northgateinsurance.com,Insurance,4764 Park Ave,Columbus,OH,43266,+12889763627,
A00141,AG00105,A00141,A00141 A00082 A00099,3,Summit Consulting Corp,www.summitconsulting.com,Consulting,1480 Hill Road,Seattle,WA,98102,+17533589685,
A00142,AG00106,A00142,A00142,1,Granite Staffing Co,www.granitestaffing.com,Staffing,8400 Lake Drive,Atlanta,GA,30383,+14818350304,
A00143,AG00107,A00143,A00143,1,Redwood Design Ltd,,Design,5537 Lake Drive,Atlanta,GA,30385,+13554976160,
A00121,AG00108,A00121,A00121 A00144,2,Oakmont Plumbing Corp,www.oakmontplumbing.com,Plumbing,2545 Oak Road,Columbus,OH,43256,+16663203336,
A00145,AG00109,A00145,A00145,1,Beacon Roofing,www.beaconroofing.com,Roofing,7224 Park Street,Denver,CO,80267,+14314832171,
A00100,AG00110,A00100,A00100 A00146,2,Oamont Insurance LLC,www.oakmontinsurance.com,Insurance,3733 Main Road,Seattle,WA,98141,+13329180373,website<-A00146
A00147,AG00111,A00147,A00147,1,Harbor Point Insurance Inc,www.harborpointinsurance.com,Insurance,6401 Maple Road,Atlanta,GA,30319,+16588383492,
A00148,AG00112,A00148,A00148,1,Cedar Bakery,www.cedarbakery.com,Bakery,355 Maple Drive,Phoenix,AZ,85024,+17194795056,
A00149,AG00113,A00149,A00149,1,Lakeside Analytics LLC,www.lakesideanalytics.com,Analytics,5756 Church Avenue,Seattle,WA,98166,+13626123308,
A00150,AG00114,A00150,A00150,1,Blue Ridge Auto Repair Co,www.blueridgeautorepair.com,Auto Repair,9416 Cedar Drive,Seattle,WA,98191,+18267128412,
A00153,AG00115,A00153,A00153,1,Northgate Software Corp,www.northgatesoftware.com,Software,4276 Washington Boulevard,Columbus,OH,43285,+17579102228,
A00154,AG00116,A00154,A00154,1,Blue Ridge Insurance Corp,www.blueridgeinsurance.com,Insurance,530 Cedar Road,Seattle,WA,98152,+12413922471,
A00122,AG00117,A00122,A00122 A00151 A00155,3,Beacon Electric Corp,www.beaconelectric.com,Electric,4493 Oak Rd,Denver,CO,80210,+17595128936,
A00156,AG00118,A00156,A00156 A00030,2,Meridian Auto Repair Ltd,www.meridianautorepair.com,Auto Repair,1438 Lake Boulevard,Boston,MA,02116,+17128292608,
A00157,AG00119,A00157,A00157,1,Meridian Staffing LLC,,Staffing,5117 Church Drive,Seattle,WA,98170,+13894876594,
A00091,AG00120,A00091,A00091 A00158,2,Oakont Landscaping Ltd,www.oakmontlandscaping.com,Landscaping,4482 Church Road,Boston,MA,02143,+13032105826,phone<-A00158
A00159,AG00121,A00159,A00159 A00108,2,Pioneer Analytics Ltd,www.pioneeranalytics.com,Analytics,2836 Maple Road,Boston,MA,02186,+16923503105,
A00160,AG00122,A00160,A00160,1,Maple Leaf Staffing Corp,www.mapleleafstaffing.com,Staffing,6615 Hill Drive,Seattle,WA,98113,+15402540620,
A00161,AG00123,A00161,A00161,1,Beacon Plumbing Inc,www.beaconplumbing.com,Plumbing,9325 Oak Avenue,Portland,OR,97236,+18148004661,
A00162,AG00124,A00162,A00162,1,Blue Ridge Plumbing Ltd,www.blueridgeplumbing.com,Plumbing,4078 Oak Road,Columbus,OH,43246,+15126695203,
A00163,AG00125,A00163,A00163,1,Evergreen Electric Co,www.evergreenelectric.com,Electric,2256 Cedar Street,Chicago,IL,60602,+13055690937,
A00164,AG00126,A00164,A00164 A00086,2,Cedar Consullting Co,www.cedarconsulting.com,Consulting,7133 Lake Drive,Denver,CO,80290,+13359441444,website<-A00086
A00165,AG00127,A00165,A00165 A00094,2,Evergreen Insurance Corp,www.evergreeninsurance.com,Insurance,969 Lake Boulevard,Nashville,TN,37253,+16833738118,
A00166,AG00128,A00166,A00166,1,Silver Creek Legal Services Co,www.silvercreeklegalservices.com,Legal Services,5003 Sunset Street,Chicago,IL,60631,+12555037097,
A00167,AG00129,A00167,A00167 A00152,2,Maple eLaf Analytics Ltd,www.mapleleafanalytics.com,Analytics,8838 Washington Boulevard,Chicago,IL,60697,+14863192622,phone<-A00152
A00105,AG00130,A00105,A00105 A00026 A00168,3,Silver Creek Consullting Ltd,www.silvercreekconsulting.com,Consulting,5465 Church Avenue,Chicago,IL,60663,+15469837521,
A00169,AG00131,A00169,A00169,1,Summit Software Ltd,www.summitsoftware.com,Software,7672 Elm Boulevard,Nashville,TN,37257,+13676913336,
