record_id,group_id,group_size,rules
C00001,CG00001,1,
C00002,CG01180,2,jev_score_high
C01616,CG01180,2,jev_score_high
C00003,CG00002,1,
C00004,CG00003,1,
C00005,CG01559,2,jev_score_high
C02070,CG01559,2,jev_score_high
C00006,CG00004,1,
C00007,CG00127,2,jev_score_high
C00202,CG00127,2,jev_score_high
C00008,CG00005,1,
C00009,CG00006,1,
C00010,CG01174,3,jev_score_high
C01038,CG01174,3,jev_score_high
C01609,CG01174,3,jev_score_high
C00011,CG00007,1,
C00012,CG00008,1,
C00013,CG00009,1,
C00014,CG01109,2,jev_score_high
C01535,CG01109,2,jev_score_high
C00015,CG00010,1,
C00016,CG00011,1,
C00017,CG01431,2,jev_score_high
C01910,CG01431,2,jev_score_high
C00018,CG00012,1,
C00019,CG01965,2,jev_score_high
C02518,CG01965,2,jev_score_high
C00020,CG00013,1,
C00021,CG01620,2,jev_score_high
C02144,CG01620,2,jev_score_high
C00022,CG00014,1,
C00023,CG00015,1,
C00024,CG00934,3,jev_score_high
C01111,CG00934,3,jev_score_high+same_email
C01312,CG00934,3,jev_score_high+same_email
C00025,CG01902,2,same_email
C02453,CG01902,2,same_email
C00026,CG00016,1,
C00027,CG00017,1,
C00028,CG00795,2,jev_score_high
C01132,CG00795,2,jev_score_high
C00029,CG00407,2,jev_score_high
C00599,CG00407,2,jev_score_high
C00030,CG00018,1,
C00031,CG00662,3,jev_score_high
C00560,CG00662,3,jev_score_high
C00964,CG00662,3,jev_score_high
C00032,CG00019,1,
C00033,CG00020,1,
C00034,CG00021,1,
C00035,CG00149,2,jev_score_high
C00239,CG00149,2,jev_score_high
C00036,CG00076,2,jev_score_high
C00120,CG00076,2,jev_score_high
C00037,CG00022,1,
C00038,CG02113,2,same_email
C02679,CG02113,2,same_email
C00039,CG00023,1,
C00040,CG00024,1,
C00041,CG01970,3,jev_score_high
C01926,CG01970,3,jev_score_high
C02523,CG01970,3,jev_score_high
C00042,CG00025,1,
C00043,CG00026,1,
C00044,CG00027,1,
C00045,CG01275,2,jev_score_high
C01728,CG01275,2,jev_score_high
C00046,CG00028,1,
C00047,CG00029,1,
C00048,CG00030,1,
C00049,CG01271,2,jev_score_high
C01723,CG01271,2,jev_score_high
C00050,CG01614,2,jev_score_high
C02136,CG01614,2,jev_score_high
C00051,CG00031,1,
C00052,CG00032,1,
C00053,CG00033,1,
C00054,CG01236,2,jev_score_high
C01680,CG01236,2,jev_score_high
C00055,CG01693,2,jev_score_high
C02224,CG01693,2,jev_score_high
C00056,CG00034,1,
C00057,CG00035,1,
C00058,CG00036,1,
C00059,CG01496,2,jev_score_high
C01989,CG01496,2,jev_score_high
C00060,CG01131,2,jev_score_high
C01564,CG01131,2,jev_score_high
C00061,CG01897,2,same_email
C02448,CG01897,2,same_email
C00062,CG00037,1,
C00063,CG01923,2,same_email
C02475,CG01923,2,same_email
C00064,CG00038,1,
C00065,CG00039,1,
C00066,CG00040,1,
C00067,CG01245,2,jev_score_high
C01692,CG01245,2,jev_score_high
C00068,CG00041,1,
C00069,CG02395,2,jev_score_high
C02965,CG02395,2,jev_score_high
C00070,CG01927,2,jev_score_high
C02479,CG01927,2,jev_score_high
C00071,CG00042,1,
C00072,CG02184,5,jev_score_high+same_email
C01227,CG02184,5,jev_score_high+same_email
C01464,CG02184,5,jev_score_high+same_email
C02036,CG02184,5,jev_score_high
C02752,CG02184,5,jev_score_high
C00073,CG00043,1,
C00074,CG01143,2,jev_score_high
C01577,CG01143,2,jev_score_high
C00075,CG02030,2,jev_score_high
C02589,CG02030,2,jev_score_high
C00076,CG00044,1,
C00077,CG02420,2,jev_score_high
C02990,CG02420,2,jev_score_high
C00078,CG00045,1,
C00079,CG00046,1,
C00080,CG01567,3,jev_score_high
C00722,CG01567,3,jev_score_high+same_email
C02079,CG01567,3,same_email
C00081,CG00047,1,
C00082,CG00048,1,
C00083,CG01843,3,jev_score_high
C00657,CG01843,3,jev_score_high
C02391,CG01843,3,jev_score_high
C00084,CG00049,1,
C00085,CG00050,1,
C00086,CG00051,1,
C00087,CG00052,1,
C00088,CG00053,1,
C00089,CG00402,2,same_email
C00590,CG00402,2,same_email
C00090,CG00054,1,
C00091,CG01448,2,jev_score_high
C01932,CG01448,2,jev_score_high
C00092,CG00055,1,
C00093,CG00056,1,
C00094,CG00057,1,
C00095,CG01876,2,jev_score_high
C02427,CG01876,2,jev_score_high
C00096,CG00058,1,
C00097,CG00059,1,
C00098,CG00060,1,
C00099,CG00061,1,
C00100,CG00062,1,
C00101,CG01917,3,jev_score_high
C00451,CG01917,3,jev_score_high
C02469,CG01917,3,jev_score_high
C00102,CG00063,1,
C00103,CG00064,1,
C00104,CG01782,2,jev_score_high
C02329,CG01782,2,jev_score_high
C00105,CG00582,2,jev_score_high
C00855,CG00582,2,jev_score_high
C00106,CG00349,2,same_email
C00517,CG00349,2,same_email
C00107,CG00065,1,
C00108,CG01073,2,jev_score_high
C01493,CG01073,2,jev_score_high
C00109,CG01044,2,jev_score_high
C01455,CG01044,2,jev_score_high
C00110,CG00066,1,
C00111,CG00067,1,
C00112,CG00068,1,
C00113,CG00069,1,
C00114,CG00070,1,
C00115,CG00071,1,
C00116,CG00072,1,
C00117,CG00073,1,
C00118,CG00074,1,
C00119,CG00075,1,
C00121,CG02310,3,jev_score_high
C02601,CG02310,3,same_email
C02880,CG02310,3,jev_score_high+same_email
C00122,CG02103,3,jev_score_high
C01272,CG02103,3,jev_score_high
C02669,CG02103,3,jev_score_high
C00123,CG00229,2,same_email
C00352,CG00229,2,same_email
C00124,CG00077,1,
C00125,CG01864,2,jev_score_high
C02414,CG01864,2,jev_score_high
C00126,CG01259,2,jev_score_high
C01709,CG01259,2,jev_score_high
C00127,CG00249,2,same_email
C00380,CG00249,2,same_email
C00128,CG00078,1,
C00129,CG00079,1,
C00130,CG00080,1,
C00131,CG00081,1,
C00132,CG00082,1,
C00133,CG00083,1,
C00134,CG00084,1,
C00135,CG00085,1,
C00136,CG00086,1,
C00137,CG00087,1,
C00138,CG00088,1,
C00139,CG02224,3,jev_score_high
C02217,CG02224,3,jev_score_high
C02792,CG02224,3,jev_score_high
C00140,CG00089,1,
C00141,CG00090,1,
C00142,CG01731,2,jev_score_high
C02271,CG01731,2,jev_score_high
C00143,CG00091,1,
C00144,CG00092,1,
C00145,CG02031,3,jev_score_high
C02258,CG02031,3,jev_score_high
C02590,CG02031,3,jev_score_high
C00146,CG00093,1,
C00147,CG00094,1,
C00148,CG00095,1,
C00149,CG01602,2,jev_score_high
C02122,CG01602,2,jev_score_high
C00150,CG00096,1,
C00151,CG00097,1,
C00152,CG00098,1,
C00153,CG00099,1,
C00154,CG00121,2,jev_score_high
C00195,CG00121,2,jev_score_high
C00155,CG00794,2,jev_score_high
C01131,CG00794,2,jev_score_high
C00156,CG00100,1,
C00157,CG00101,1,
C00158,CG00102,1,
C00159,CG00108,2,jev_score_high
C00172,CG00108,2,jev_score_high
C00160,CG00103,1,
C00161,CG00104,1,
C00162,CG00105,1,
C00163,CG00899,2,jev_score_high
C01266,CG00899,2,jev_score_high
C00164,CG01680,2,same_email
C02209,CG01680,2,same_email
C00165,CG00322,2,same_email
C00479,CG00322,2,same_email
C00166,CG01291,2,same_email
C01745,CG01291,2,same_email
C00167,CG01471,2,jev_score_high
C01960,CG01471,2,jev_score_high
C00168,CG01703,2,jev_score_high
C02235,CG01703,2,jev_score_high
C00169,CG00106,1,
C00170,CG00107,1,
C00171,CG02278,3,jev_score_high+same_email
C01958,CG02278,3,jev_score_high+same_email
C02848,CG02278,3,jev_score_high
C00173,CG02289,2,jev_score_high
C02859,CG02289,2,jev_score_high
C00174,CG00532,2,jev_score_high
C00786,CG00532,2,jev_score_high
C00175,CG01320,3,jev_score_high
C01474,CG01320,3,jev_score_high
C01778,CG01320,3,jev_score_high
C00176,CG01579,3,jev_score_high+same_email
C00955,CG01579,3,jev_score_high
C02095,CG01579,3,jev_score_high+same_email
C00177,CG00109,1,
C00178,CG01326,2,jev_score_high
C01785,CG01326,2,jev_score_high
C00179,CG00110,1,
C00180,CG00600,2,jev_score_high
C00880,CG00600,2,jev_score_high
C00181,CG00111,1,
C00182,CG00112,1,
C00183,CG00395,2,jev_score_high
C00581,CG00395,2,jev_score_high
C00184,CG00113,1,
C00185,CG00114,1,
C00186,CG00826,2,jev_score_high
C01171,CG00826,2,jev_score_high
C00187,CG00115,1,
C00188,CG00116,1,
C00189,CG00117,1,
C00190,CG00777,2,jev_score_high
C01113,CG00777,2,jev_score_high
C00191,CG01609,2,jev_score_high
C02129,CG01609,2,jev_score_high
C00192,CG00118,1,
C00193,CG00119,1,
C00194,CG00120,1,
C00196,CG00122,1,
C00197,CG00123,1,
C00198,CG01627,2,jev_score_high
C02152,CG01627,2,jev_score_high
C00199,CG00124,1,
C00200,CG00125,1,
C00201,CG00126,1,
C00203,CG00128,1,
C00204,CG01653,2,jev_score_high
C02180,CG01653,2,jev_score_high
C00205,CG01127,2,jev_score_high
C01560,CG01127,2,jev_score_high
C00206,CG01289,2,jev_score_high
C01743,CG01289,2,jev_score_high
C00207,CG00129,1,
C00208,CG00130,1,
C00209,CG00131,1,
C00210,CG02290,2,jev_score_high
C02860,CG02290,2,jev_score_high
C00211,CG00132,1,
C00212,CG00133,1,
C00213,CG00996,2,same_email
C01398,CG00996,2,same_email
C00214,CG00134,1,
C00215,CG00135,1,
C00216,CG00136,1,
C00217,CG00137,1,
C00218,CG00138,1,
C00219,CG00155,2,jev_score_high
C00248,CG00155,2,jev_score_high
C00220,CG01002,2,jev_score_high
C01406,CG01002,2,jev_score_high
C00221,CG02312,2,jev_score_high
C02882,CG02312,2,jev_score_high
C00222,CG02010,2,jev_score_high
C02568,CG02010,2,jev_score_high
C00223,CG00139,1,
C00224,CG00140,1,
C00225,CG00141,1,
C00226,CG02183,2,jev_score_high
C02751,CG02183,2,jev_score_high
C00227,CG00623,2,jev_score_high
C00907,CG00623,2,jev_score_high
C00228,CG00896,3,jev_score_high
C00863,CG00896,3,jev_score_high
C01259,CG00896,3,jev_score_high
C00229,CG01411,2,jev_score_high
C01886,CG01411,2,jev_score_high
C00230,CG00142,1,
C00231,CG00415,2,same_email
C00612,CG00415,2,same_email
C00232,CG00180,2,jev_score_high
C00283,CG00180,2,jev_score_high
C00233,CG00143,1,
C00234,CG00144,1,
C00235,CG00145,1,
C00236,CG00146,1,
C00237,CG00147,1,
C00238,CG00148,1,
C00240,CG01505,3,jev_score_high
C00671,CG01505,3,jev_score_high
C02002,CG01505,3,jev_score_high
C00241,CG00150,1,
C00242,CG02277,2,jev_score_high
C02847,CG02277,2,jev_score_high
C00243,CG00151,1,
C00244,CG00152,1,
C00245,CG02060,2,jev_score_high
C02623,CG02060,2,jev_score_high
C00246,CG00153,1,
C00247,CG00154,1,
C00249,CG01134,2,jev_score_high
C01567,CG01134,2,jev_score_high
C00250,CG00156,1,
C00251,CG01456,3,jev_score_high+same_email
C00381,CG01456,3,jev_score_high
C01941,CG01456,3,jev_score_high+same_email
C00252,CG00157,1,
C00253,CG00716,2,jev_score_high
C01040,CG00716,2,jev_score_high
C00254,CG00586,2,jev_score_high
C00860,CG00586,2,jev_score_high
C00255,CG00158,1,
C00256,CG00159,1,
C00257,CG00160,1,
C00258,CG00161,1,
C00259,CG01629,2,jev_score_high
C02154,CG01629,2,jev_score_high
C00260,CG00162,1,
C00261,CG00163,1,
C00262,CG00164,1,
C00263,CG00165,1,
C00264,CG00166,1,
C00265,CG00167,1,
C00266,CG01894,2,same_email
C02445,CG01894,2,same_email
C00267,CG00168,1,
C00268,CG00169,1,
C00269,CG00170,1,
C00270,CG00258,2,jev_score_high
C00393,CG00258,2,jev_score_high
C00271,CG00171,1,
C00272,CG01809,2,jev_score_high
C02356,CG01809,2,jev_score_high
C00273,CG01252,3,jev_score_high
C00744,CG01252,3,jev_score_high
C01701,CG01252,3,jev_score_high
C00274,CG00172,1,
C00275,CG00173,1,
C00276,CG00174,1,
C00277,CG00175,1,
C00278,CG00176,1,
C00279,CG02360,2,jev_score_high
C02930,CG02360,2,jev_score_high
C00280,CG00177,1,
C00281,CG00178,1,
C00282,CG00179,1,
C00284,CG01220,2,jev_score_high
C01660,CG01220,2,jev_score_high
C00285,CG00181,1,
C00286,CG00182,1,
C00287,CG00183,1,
C00288,CG00184,1,
C00289,CG00185,1,
C00290,CG00186,1,
C00291,CG00187,1,
C00292,CG00602,2,jev_score_high
C00882,CG00602,2,jev_score_high
C00293,CG00561,2,jev_score_high
C00823,CG00561,2,jev_score_high
C00294,CG00188,1,
C00295,CG00189,1,
C00296,CG00190,1,
C00297,CG01114,2,jev_score_high
C01543,CG01114,2,jev_score_high
C00298,CG00191,1,
C00299,CG00192,1,
C00300,CG00193,1,
C00301,CG02099,2,jev_score_high
C02665,CG02099,2,jev_score_high
C00302,CG01007,3,jev_score_high
C00762,CG01007,3,jev_score_high+same_email
C01414,CG01007,3,jev_score_high+same_email
C00303,CG01253,2,jev_score_high
C01702,CG01253,2,jev_score_high
C00304,CG00194,1,
C00305,CG00195,1,
C00306,CG00865,2,jev_score_high
C01223,CG00865,2,jev_score_high
C00307,CG00196,1,
C00308,CG02380,3,jev_score_high+same_email
C02172,CG02380,3,jev_score_high+same_email
C02950,CG02380,3,jev_score_high
C00309,CG00197,1,
C00310,CG00198,1,
C00311,CG00199,1,
C00312,CG01989,2,jev_score_high
C02544,CG01989,2,jev_score_high
C00313,CG01805,2,jev_score_high
C02352,CG01805,2,jev_score_high
C00314,CG00200,1,
C00315,CG00201,1,
C00316,CG00202,1,
C00317,CG00203,1,
C00318,CG00204,1,
C00319,CG02200,2,jev_score_high
C02768,CG02200,2,jev_score_high
C00320,CG02415,2,same_email
C02985,CG02415,2,same_email
C00321,CG00205,1,
C00322,CG00206,1,
C00323,CG00207,1,
C00324,CG00208,1,
C00325,CG01718,2,jev_score_high
C02254,CG01718,2,jev_score_high
C00326,CG00209,1,
C00327,CG01396,2,jev_score_high
C01868,CG01396,2,jev_score_high
C00328,CG00210,1,
C00329,CG00211,1,
C00330,CG00212,1,
C00331,CG00213,1,
C00332,CG00214,1,
C00333,CG00215,1,
C00334,CG00216,1,
C00335,CG00217,1,
C00336,CG00218,1,
C00337,CG02170,2,jev_score_high
C02738,CG02170,2,jev_score_high
C00338,CG00219,1,
C00339,CG01708,2,same_email
C02243,CG01708,2,same_email
C00340,CG00220,1,
C00341,CG00221,1,
C00342,CG00222,1,
C00343,CG00223,1,
C00344,CG00224,1,
C00345,CG00825,2,same_email
C01169,CG00825,2,same_email
C00346,CG00225,1,
C00347,CG01726,2,jev_score_high
C02265,CG01726,2,jev_score_high
C00348,CG00226,1,
C00349,CG00227,1,
C00350,CG01469,2,same_email
C01957,CG01469,2,same_email
C00351,CG00228,1,
C00353,CG00230,1,
C00354,CG01977,3,jev_score_high
C01211,CG01977,3,jev_score_high
C02530,CG01977,3,jev_score_high
C00355,CG01532,2,jev_score_high
C02038,CG01532,2,jev_score_high
C00356,CG00231,1,
C00357,CG00232,1,
C00358,CG00233,1,
C00359,CG00234,1,
C00360,CG00235,1,
C00361,CG01370,2,jev_score_high
C01837,CG01370,2,jev_score_high
C00362,CG00236,1,
C00363,CG00657,2,jev_score_high
C00954,CG00657,2,jev_score_high
C00364,CG00857,2,same_email
C01214,CG00857,2,same_email
C00365,CG00237,1,
C00366,CG00238,1,
C00367,CG00239,1,
C00368,CG00240,1,
C00369,CG00241,1,
C00370,CG00242,1,
C00371,CG01329,2,jev_score_high
C01790,CG01329,2,jev_score_high
C00372,CG00243,1,
C00373,CG00244,1,
C00374,CG00245,1,
C00375,CG02035,2,jev_score_high
C02596,CG02035,2,jev_score_high
C00376,CG00246,1,
C00377,CG01468,2,jev_score_high
C01956,CG01468,2,jev_score_high
C00378,CG00247,1,
C00379,CG00248,1,
C00382,CG00250,1,
C00383,CG00251,1,
C00384,CG00252,1,
C00385,CG01344,3,jev_score_high
C01798,CG01344,3,jev_score_high
C01808,CG01344,3,jev_score_high
C00386,CG00253,1,
C00387,CG00254,1,
C00388,CG01172,3,jev_score_high
C01035,CG01172,3,jev_score_high
C01607,CG01172,3,jev_score_high
C00389,CG01766,3,jev_score_high
C02008,CG01766,3,jev_score_high
C02312,CG01766,3,jev_score_high
C00390,CG00255,1,
C00391,CG00256,1,
C00392,CG00257,1,
C00394,CG00259,1,
C00395,CG00652,2,jev_score_high
C00948,CG00652,2,jev_score_high
C00396,CG00260,1,
C00397,CG00261,1,
C00398,CG00262,1,
C00399,CG00730,2,jev_score_high
C01057,CG00730,2,jev_score_high
C00400,CG00828,2,same_email
C01173,CG00828,2,same_email
C00401,CG00263,1,
C00402,CG00264,1,
C00403,CG00265,1,
C00404,CG00266,1,
C00405,CG00267,1,
C00406,CG00268,1,
C00407,CG00269,1,
C00408,CG00270,1,
C00409,CG00271,1,
C00410,CG02351,2,jev_score_high
C02921,CG02351,2,jev_score_high
C00411,CG00272,1,
C00412,CG00273,1,
C00413,CG00274,1,
C00414,CG01746,2,jev_score_high
C02290,CG01746,2,jev_score_high
C00415,CG00275,1,
C00416,CG00276,1,
C00417,CG00277,1,
C00418,CG00278,1,
C00419,CG00279,1,
C00420,CG00280,1,
C00421,CG00281,1,
C00422,CG00282,1,
C00423,CG01365,2,same_email
C01832,CG01365,2,same_email
C00424,CG00283,1,
C00425,CG00284,1,
C00426,CG02084,2,same_email
C02649,CG02084,2,same_email
C00427,CG00285,1,
C00428,CG00286,1,
C00429,CG00287,1,
C00430,CG00288,1,
C00431,CG02043,2,same_email
C02605,CG02043,2,same_email
C00432,CG00289,1,
C00433,CG00290,1,
C00434,CG01986,2,same_email
C02540,CG01986,2,same_email
C00435,CG00291,1,
C00436,CG00292,1,
C00437,CG00293,1,
C00438,CG02168,3,jev_score_high
C02610,CG02168,3,jev_score_high
C02736,CG02168,3,jev_score_high
C00439,CG00294,1,
C00440,CG01196,2,jev_score_high
C01634,CG01196,2,jev_score_high
C00441,CG00295,1,
C00442,CG01037,2,jev_score_high
C01448,CG01037,2,jev_score_high
C00443,CG02195,2,jev_score_high
C02763,CG02195,2,jev_score_high
C00444,CG00713,2,jev_score_high
C01036,CG00713,2,jev_score_high
C00445,CG00631,3,jev_score_high+same_email
C00592,CG00631,3,jev_score_high
C00920,CG00631,3,jev_score_high+same_email
C00446,CG00296,1,
C00447,CG00297,1,
C00448,CG00298,1,
C00449,CG00299,1,
C00450,CG01920,2,jev_score_high
C02472,CG01920,2,jev_score_high
C00452,CG00300,1,
C00453,CG00301,1,
C00454,CG01499,2,jev_score_high
C01992,CG01499,2,jev_score_high
C00455,CG00302,1,
C00456,CG00303,1,
C00457,CG00304,1,
C00458,CG00305,1,
C00459,CG00306,1,
C00460,CG00358,2,jev_score_high
C00530,CG00358,2,jev_score_high
C00461,CG00307,1,
C00462,CG00308,1,
C00463,CG00309,1,
C00464,CG00310,1,
C00465,CG00311,1,
C00466,CG00312,1,
C00467,CG00313,1,
C00468,CG00314,1,
C00469,CG00433,2,same_email
C00638,CG00433,2,same_email
C00470,CG00315,1,
C00471,CG00316,1,
C00472,CG02132,2,jev_score_high
C02698,CG02132,2,jev_score_high
C00473,CG00317,1,
C00474,CG00318,1,
C00475,CG02352,2,jev_score_high
C02922,CG02352,2,jev_score_high
C00476,CG00319,1,
C00477,CG00320,1,
C00478,CG00321,1,
C00480,CG00323,1,
C00481,CG00324,1,
C00482,CG00325,1,
C00483,CG02144,2,jev_score_high
C02711,CG02144,2,jev_score_high
C00484,CG00326,1,
C00485,CG00327,1,
C00486,CG00328,1,
C00487,CG00329,1,
C00488,CG00330,1,
C00489,CG01583,2,jev_score_high
C02100,CG01583,2,jev_score_high
C00490,CG02412,2,jev_score_high
C02982,CG02412,2,jev_score_high
C00491,CG00331,1,
C00492,CG00332,1,
C00493,CG00333,1,
C00494,CG00334,1,
C00495,CG01486,2,jev_score_high
C01977,CG01486,2,jev_score_high
C00496,CG00659,2,same_email
C00959,CG00659,2,same_email
C00497,CG00335,1,
C00498,CG00336,1,
C00499,CG00337,1,
C00500,CG00338,1,
C00501,CG00339,1,
C00502,CG01944,3,jev_score_high+same_email
C02311,CG01944,3,jev_score_high
C02496,CG01944,3,jev_score_high+same_email
C00503,CG00397,3,jev_score_high
C00562,CG00397,3,jev_score_high
C00584,CG00397,3,jev_score_high
C00504,CG01481,2,same_email
C01971,CG01481,2,same_email
C00505,CG00942,2,same_email
C01321,CG00942,2,same_email
C00506,CG00340,1,
C00507,CG00883,2,jev_score_high
C01243,CG00883,2,jev_score_high
C00508,CG00341,1,
C00509,CG00342,1,
C00510,CG00343,1,
C00511,CG00344,1,
C00512,CG00345,1,
C00513,CG00346,1,
C00514,CG00347,1,
C00515,CG00348,1,
C00516,CG01381,3,jev_score_high
C01848,CG01381,3,jev_score_high
C01850,CG01381,3,jev_score_high
C00518,CG00428,2,same_email
C00631,CG00428,2,same_email
C00519,CG00350,1,
C00520,CG00351,1,
C00521,CG00352,1,
C00522,CG00353,1,
C00523,CG00613,2,jev_score_high
C00894,CG00613,2,jev_score_high
C00524,CG00354,1,
C00525,CG01662,2,jev_score_high
C02190,CG01662,2,jev_score_high
C00526,CG00355,1,
C00527,CG02051,2,jev_score_high
C02614,CG02051,2,jev_score_high
C00528,CG00356,1,
C00529,CG00357,1,
C00531,CG00359,1,
C00532,CG00360,1,
C00533,CG00361,1,
C00534,CG00362,1,
C00535,CG00363,1,
C00536,CG01123,2,jev_score_high
C01555,CG01123,2,jev_score_high
C00537,CG00364,1,
C00538,CG00365,1,
C00539,CG01563,3,same_email
C01367,CG01563,3,same_email
C02075,CG01563,3,same_email
C00540,CG01702,2,same_email
C02234,CG01702,2,same_email
C00541,CG00366,1,
C00542,CG01185,2,jev_score_high
C01621,CG01185,2,jev_score_high
C00543,CG00367,1,
C00544,CG00368,1,
C00545,CG00369,1,
C00546,CG01369,2,jev_score_high
C01836,CG01369,2,jev_score_high
C00547,CG00370,1,
C00548,CG00371,1,
C00549,CG02116,2,jev_score_high
C02682,CG02116,2,jev_score_high
C00550,CG00372,1,
C00551,CG00373,1,
C00552,CG00374,1,
C00553,CG00375,1,
C00554,CG02308,2,same_email
C02878,CG02308,2,same_email
C00555,CG00376,1,
C00556,CG00556,2,jev_score_high
C00817,CG00556,2,jev_score_high
C00557,CG00377,1,
C00558,CG00378,1,
C00559,CG00379,1,
C00561,CG01835,2,jev_score_high
C02382,CG01835,2,jev_score_high
C00563,CG00380,1,
C00564,CG01459,2,same_email
C01944,CG01459,2,same_email
C00565,CG00381,1,
C00566,CG00382,1,
C00567,CG00383,1,
C00568,CG00384,1,
C00569,CG00385,1,
C00570,CG00386,1,
C00571,CG00387,1,
C00572,CG00388,1,
C00573,CG01856,3,jev_score_high+same_email
C01402,CG01856,3,jev_score_high
C02404,CG01856,3,jev_score_high+same_email
C00574,CG00389,1,
C00575,CG00390,1,
C00576,CG00391,1,
C00577,CG00392,1,
C00578,CG00393,1,
C00579,CG02382,2,jev_score_high
C02952,CG02382,2,jev_score_high
C00580,CG00394,1,
C00582,CG00396,1,
C00583,CG00827,2,jev_score_high
C01172,CG00827,2,jev_score_high
C00585,CG01795,2,jev_score_high
C02342,CG01795,2,jev_score_high
C00586,CG00398,1,
C00587,CG00399,1,
C00588,CG00400,1,
C00589,CG00401,1,
C00591,CG00403,1,
C00593,CG02295,2,jev_score_high
C02865,CG02295,2,jev_score_high
C00594,CG00404,1,
C00595,CG02016,2,jev_score_high
C02574,CG02016,2,jev_score_high
C00596,CG00405,1,
C00597,CG00406,1,
C00598,CG02275,2,jev_score_high
C02845,CG02275,2,jev_score_high
C00600,CG00408,1,
C00601,CG00409,1,
C00602,CG00479,2,jev_score_high
C00712,CG00479,2,jev_score_high
C00603,CG00486,2,jev_score_high
C00721,CG00486,2,jev_score_high
C00604,CG01664,3,jev_score_high+same_email
C02050,CG01664,3,jev_score_high+same_email
C02192,CG01664,3,jev_score_high
C00605,CG01842,3,jev_score_high
C00824,CG01842,3,jev_score_high
C02390,CG01842,3,jev_score_high
C00606,CG00410,1,
C00607,CG00411,1,
C00608,CG00412,1,
C00609,CG01070,3,jev_score_high
C00845,CG01070,3,same_email
C01489,CG01070,3,jev_score_high+same_email
C00610,CG00413,1,
C00611,CG00414,1,
C00613,CG00416,1,
C00614,CG00616,2,jev_score_high
C00898,CG00616,2,jev_score_high
C00615,CG00417,1,
C00616,CG00418,1,
C00617,CG00419,1,
C00618,CG00420,1,
C00619,CG01286,3,jev_score_high
C01377,CG01286,3,jev_score_high
C01740,CG01286,3,jev_score_high
C00620,CG00807,2,same_email
C01147,CG00807,2,same_email
C00621,CG00421,1,
C00622,CG01819,2,jev_score_high
C02366,CG01819,2,jev_score_high
C00623,CG00422,1,
C00624,CG00423,1,
C00625,CG00424,1,
C00626,CG00873,2,jev_score_high
C01232,CG00873,2,jev_score_high
C00627,CG00425,1,
C00628,CG01964,2,jev_score_high
C02516,CG01964,2,jev_score_high
C00629,CG00426,1,
C00630,CG00427,1,
C00632,CG00429,1,
C00633,CG02357,2,jev_score_high
C02927,CG02357,2,jev_score_high
C00634,CG00430,1,
C00635,CG00431,1,
C00636,CG00975,2,jev_score_high
C01365,CG00975,2,jev_score_high
C00637,CG00432,1,
C00639,CG00434,1,
C00640,CG00535,2,jev_score_high
C00790,CG00535,2,jev_score_high
C00641,CG00435,1,
C00642,CG00436,1,
C00643,CG01504,2,jev_score_high
C01999,CG01504,2,jev_score_high
C00644,CG00437,1,
C00645,CG01343,2,jev_score_high
C01807,CG01343,2,jev_score_high
C00646,CG00438,1,
C00647,CG00588,2,jev_score_high
C00862,CG00588,2,jev_score_high
C00648,CG01406,2,jev_score_high
C01881,CG01406,2,jev_score_high
C00649,CG00439,1,
C00650,CG00440,1,
C00651,CG01697,2,same_email
C02229,CG01697,2,same_email
C00652,CG00441,1,
C00653,CG00442,1,
C00654,CG00443,1,
C00655,CG00444,1,
C00656,CG00445,1,
C00658,CG00446,1,
C00659,CG00447,1,
C00660,CG00448,1,
C00661,CG00449,1,
C00662,CG00450,1,
C00663,CG00451,1,
C00664,CG00452,1,
C00665,CG00453,1,
C00666,CG00685,2,same_email
C00998,CG00685,2,same_email
C00667,CG00454,1,
C00668,CG00455,1,
C00669,CG00456,1,
C00670,CG00457,1,
C00672,CG00458,1,
C00673,CG00459,1,
C00674,CG01107,2,jev_score_high
C01533,CG01107,2,jev_score_high
C00675,CG00780,2,same_email
C01117,CG00780,2,same_email
C00676,CG00633,2,jev_score_high
C00922,CG00633,2,jev_score_high
C00677,CG00460,1,
C00678,CG00461,1,
C00679,CG00462,1,
C00680,CG00463,1,
C00681,CG00464,1,
C00682,CG01852,2,jev_score_high
C02400,CG01852,2,jev_score_high
C00683,CG01840,2,jev_score_high
C02388,CG01840,2,jev_score_high
C00684,CG00944,2,jev_score_high
C01324,CG00944,2,jev_score_high
C00685,CG00465,1,
C00686,CG00466,1,
C00687,CG00467,1,
C00688,CG01781,2,jev_score_high
C02328,CG01781,2,jev_score_high
C00689,CG01932,2,jev_score_high
C02484,CG01932,2,jev_score_high
C00690,CG00468,1,
C00691,CG01401,3,jev_score_high
C00919,CG01401,3,jev_score_high
C01874,CG01401,3,jev_score_high
C00692,CG00469,1,
C00693,CG02214,4,jev_score_high
C01005,CG02214,4,jev_score_high
C02142,CG02214,4,jev_score_high
C02782,CG02214,4,jev_score_high
C00694,CG00470,1,
C00695,CG01415,2,same_email
C01891,CG01415,2,same_email
C00696,CG00471,1,
C00697,CG00472,1,
C00698,CG01606,2,jev_score_high
C02126,CG01606,2,jev_score_high
C00699,CG01012,2,jev_score_high
C01420,CG01012,2,jev_score_high
C00700,CG00473,1,
C00701,CG00474,1,
C00702,CG01432,2,same_email
C01912,CG01432,2,same_email
C00703,CG00475,1,
C00704,CG00774,2,jev_score_high
C01106,CG00774,2,jev_score_high
C00705,CG01659,2,jev_score_high
C02186,CG01659,2,jev_score_high
C00706,CG01100,2,jev_score_high
C01524,CG01100,2,jev_score_high
C00707,CG00476,1,
C00708,CG00594,2,jev_score_high
C00873,CG00594,2,jev_score_high
C00709,CG00980,2,jev_score_high
C01372,CG00980,2,jev_score_high
C00710,CG00477,1,
C00711,CG00478,1,
C00713,CG00480,1,
C00714,CG00481,1,
C00715,CG00482,1,
C00716,CG00483,1,
C00717,CG02327,2,jev_score_high
C02897,CG02327,2,jev_score_high
C00718,CG01017,2,same_email
C01426,CG01017,2,same_email
C00719,CG00484,1,
C00720,CG00485,1,
C00723,CG00911,2,jev_score_high
C01283,CG00911,2,jev_score_high
C00724,CG00487,1,
C00725,CG00488,1,
C00726,CG00489,1,
C00727,CG00490,1,
C00728,CG00491,1,
C00729,CG00492,1,
C00730,CG00493,1,
C00731,CG00494,1,
C00732,CG00495,1,
C00733,CG00496,1,
C00734,CG00497,1,
C00735,CG00498,1,
C00736,CG00499,1,
C00737,CG00500,1,
C00738,CG00501,1,
C00739,CG01483,2,same_email
C01973,CG01483,2,same_email
C00740,CG00502,1,
C00741,CG00503,1,
C00742,CG00504,1,
C00743,CG00505,1,
C00745,CG00506,1,
C00746,CG01957,2,same_email
C02509,CG01957,2,same_email
C00747,CG00507,1,
C00748,CG00508,1,
C00749,CG00509,1,
C00750,CG01443,2,jev_score_high
C01925,CG01443,2,jev_score_high
C00751,CG00576,2,jev_score_high
C00844,CG00576,2,jev_score_high
C00752,CG00510,1,
C00753,CG01626,2,jev_score_high
C02151,CG01626,2,jev_score_high
C00754,CG00511,1,
C00755,CG00512,1,
C00756,CG00513,1,
C00757,CG00514,1,
C00758,CG00515,1,
C00759,CG00726,2,jev_score_high
C01053,CG00726,2,jev_score_high
C00760,CG00516,1,
C00761,CG00517,1,
C00763,CG00518,1,
C00764,CG02165,2,jev_score_high
C02733,CG02165,2,jev_score_high
C00765,CG00838,2,jev_score_high
C01187,CG00838,2,jev_score_high
C00766,CG00519,1,
C00767,CG00520,1,
C00768,CG00521,1,
C00769,CG00524,2,jev_score_high
C00775,CG00524,2,jev_score_high
C00770,CG00522,1,
C00771,CG00822,2,same_email
C01164,CG00822,2,same_email
C00772,CG00523,1,
C00773,CG01036,2,same_email
C01447,CG01036,2,same_email
C00774,CG01332,4,jev_score_high
C01048,CG01332,4,jev_score_high
C01558,CG01332,4,jev_score_high
C01794,CG01332,4,jev_score_high
C00776,CG00525,1,
C00777,CG00693,2,jev_score_high
C01010,CG00693,2,jev_score_high
C00778,CG00526,1,
C00779,CG00846,2,jev_score_high
C01196,CG00846,2,jev_score_high
C00780,CG00527,1,
C00781,CG00528,1,
C00782,CG01082,2,jev_score_high
C01503,CG01082,2,jev_score_high
C00783,CG00529,1,
C00784,CG00530,1,
C00785,CG00531,1,
C00787,CG00533,1,
C00788,CG01438,2,same_email
C01920,CG01438,2,same_email
C00789,CG00534,1,
C00791,CG02355,2,jev_score_high
C02925,CG02355,2,jev_score_high
C00792,CG00536,1,
C00793,CG00537,1,
C00794,CG00538,1,
C00795,CG00539,1,
C00796,CG01845,5,jev_score_high
C01975,CG01845,5,jev_score_high+same_email
C02393,CG01845,5,jev_score_high+same_email
C02458,CG01845,5,jev_score_high
C02557,CG01845,5,jev_score_high
C00797,CG00540,1,
C00798,CG01347,2,jev_score_high
C01811,CG01347,2,jev_score_high
C00799,CG00541,1,
C00800,CG01433,2,jev_score_high
C01913,CG01433,2,jev_score_high
C00801,CG00542,1,
C00802,CG00543,1,
C00803,CG00544,1,
C00804,CG00545,1,
C00805,CG00546,1,
C00806,CG00547,1,
C00807,CG00548,1,
C00808,CG00549,1,
C00809,CG00550,1,
C00810,CG00551,1,
C00811,CG00998,2,jev_score_high
C01400,CG00998,2,jev_score_high
C00812,CG00552,1,
C00813,CG00553,1,
C00814,CG00742,2,jev_score_high
C01073,CG00742,2,jev_score_high
C00815,CG00554,1,
C00816,CG00555,1,
C00818,CG00557,1,
C00819,CG00558,1,
C00820,CG02303,3,jev_score_high
C00997,CG02303,3,jev_score_high
C02873,CG02303,3,jev_score_high
C00821,CG00559,1,
C00822,CG00560,1,
C00825,CG00562,1,
C00826,CG00563,1,
C00827,CG00564,1,
C00828,CG00565,1,
C00829,CG00566,1,
C00830,CG00567,1,
C00831,CG00655,2,jev_score_high
C00951,CG00655,2,jev_score_high
C00832,CG00888,2,jev_score_high
C01248,CG00888,2,jev_score_high
C00833,CG00568,1,
C00834,CG00569,1,
C00835,CG00570,1,
C00836,CG00571,1,
C00837,CG01165,2,jev_score_high
C01599,CG01165,2,jev_score_high
C00838,CG00572,1,
C00839,CG00573,1,
C00840,CG01140,2,jev_score_high
C01574,CG01140,2,jev_score_high
C00841,CG00574,1,
C00842,CG00575,1,
C00843,CG01651,2,jev_score_high
C02178,CG01651,2,jev_score_high
C00846,CG01183,2,jev_score_high
C01619,CG01183,2,jev_score_high
C00847,CG01530,2,same_email
C02035,CG01530,2,same_email
C00848,CG01969,3,jev_score_high
C02013,CG01969,3,jev_score_high
C02522,CG01969,3,jev_score_high
C00849,CG00577,1,
C00850,CG00578,1,
C00851,CG00579,1,
C00852,CG00580,1,
C00853,CG00581,1,
C00854,CG01408,2,jev_score_high
C01883,CG01408,2,jev_score_high
C00856,CG00583,1,
C00857,CG01031,2,jev_score_high
C01442,CG01031,2,jev_score_high
C00858,CG00584,1,
C00859,CG00585,1,
C00861,CG00587,1,
C00864,CG01638,2,jev_score_high
C02164,CG01638,2,jev_score_high
C00865,CG00589,1,
C00866,CG01639,2,jev_score_high
C02165,CG01639,2,jev_score_high
C00867,CG00590,1,
C00868,CG00591,1,
C00869,CG00592,1,
C00870,CG00593,1,
C00871,CG00801,2,jev_score_high
C01141,CG00801,2,jev_score_high
C00872,CG01147,2,jev_score_high
C01581,CG01147,2,jev_score_high
C00874,CG00595,1,
C00875,CG00596,1,
C00876,CG00597,1,
C00877,CG00598,1,
C00878,CG00599,1,
C00879,CG01280,2,same_email
C01733,CG01280,2,same_email
C00881,CG00601,1,
C00883,CG00603,1,
C00884,CG00604,1,
C00885,CG00605,1,
C00886,CG00606,1,
C00887,CG00607,1,
C00888,CG00608,1,
C00889,CG00609,1,
C00890,CG00610,1,
C00891,CG00611,1,
C00892,CG01218,2,jev_score_high
C01658,CG01218,2,jev_score_high
C00893,CG00612,1,
C00895,CG01574,3,jev_score_high
C02023,CG01574,3,jev_score_high
C02088,CG01574,3,jev_score_high
C00896,CG00614,1,
C00897,CG00615,1,
C00899,CG00617,1,
C00900,CG00618,1,
C00901,CG00619,1,
C00902,CG00620,1,
C00903,CG00621,1,
C00904,CG01065,3,jev_score_high+same_email
C01006,CG01065,3,jev_score_high
C01482,CG01065,3,jev_score_high+same_email
C00905,CG00622,1,
C00906,CG02309,3,jev_score_high+same_email
C01674,CG02309,3,jev_score_high
C02879,CG02309,3,jev_score_high+same_email
C00908,CG00624,1,
C00909,CG00625,1,
C00910,CG00753,2,jev_score_high
C01084,CG00753,2,jev_score_high
C00911,CG00626,1,
C00912,CG00627,1,
C00913,CG01106,3,jev_score_high
C00924,CG01106,3,jev_score_high
C01532,CG01106,3,jev_score_high
C00914,CG00628,1,
C00915,CG01605,2,jev_score_high
C02125,CG01605,2,jev_score_high
C00916,CG00629,1,
C00917,CG00630,1,
C00918,CG00953,2,jev_score_high
C01334,CG00953,2,jev_score_high
C00921,CG00632,1,
C00923,CG01745,2,jev_score_high
C02289,CG01745,2,jev_score_high
C00925,CG01542,2,jev_score_high
C02051,CG01542,2,jev_score_high
C00926,CG00634,1,
C00927,CG00867,2,jev_score_high
C01225,CG00867,2,jev_score_high
C00928,CG01642,4,jev_score_high+same_email
C01684,CG01642,4,jev_score_high
C01691,CG01642,4,jev_score_high+same_email
C02168,CG01642,4,jev_score_high
C00929,CG00635,1,
C00930,CG00636,1,
C00931,CG00637,1,
C00932,CG00638,1,
C00933,CG00639,1,
C00934,CG00640,1,
C00935,CG00641,1,
C00936,CG00642,1,
C00937,CG00643,1,
C00938,CG00644,1,
C00939,CG00645,1,
C00940,CG00721,2,jev_score_high
C01046,CG00721,2,jev_score_high
C00941,CG00646,1,
C00942,CG00647,1,
C00943,CG00648,1,
C00944,CG00649,1,
C00945,CG00650,1,
C00946,CG00651,1,
C00947,CG01392,2,jev_score_high
C01863,CG01392,2,jev_score_high
C00949,CG00653,1,
C00950,CG00654,1,
C00952,CG02025,2,jev_score_high
C02584,CG02025,2,jev_score_high
C00953,CG00656,1,
C00956,CG00658,1,
C00957,CG00677,2,jev_score_high
C00984,CG00677,2,jev_score_high
C00958,CG02056,3,jev_score_high
C02039,CG02056,3,jev_score_high
C02619,CG02056,3,jev_score_high
C00960,CG00660,1,
C00961,CG00661,1,
C00962,CG01572,2,jev_score_high
C02084,CG01572,2,jev_score_high
C00963,CG01558,2,same_email
C02069,CG01558,2,same_email
C00965,CG01057,2,jev_score_high
C01472,CG01057,2,jev_score_high
C00966,CG01797,2,jev_score_high
C02344,CG01797,2,jev_score_high
C00967,CG00663,1,
C00968,CG00664,1,
C00969,CG00665,1,
C00970,CG00666,1,
C00971,CG02000,2,jev_score_high
C02556,CG02000,2,jev_score_high
C00972,CG00667,1,
C00973,CG00668,1,
C00974,CG01891,2,jev_score_high
C02442,CG01891,2,jev_score_high
C00975,CG00669,1,
C00976,CG00793,3,jev_score_high
C01109,CG00793,3,jev_score_high
C01130,CG00793,3,jev_score_high
C00977,CG00670,1,
C00978,CG00671,1,
C00979,CG00672,1,
C00980,CG00673,1,
C00981,CG00674,1,
C00982,CG00675,1,
C00983,CG00676,1,
C00985,CG01570,2,jev_score_high
C02082,CG01570,2,jev_score_high
C00986,CG00678,1,
C00987,CG00679,1,
C00988,CG00854,2,jev_score_high
C01209,CG00854,2,jev_score_high
C00989,CG00680,1,
C00990,CG01092,2,jev_score_high
C01515,CG01092,2,jev_score_high
C00991,CG00681,1,
C00992,CG01230,2,jev_score_high
C01671,CG01230,2,jev_score_high
C00993,CG00682,1,
C00994,CG00683,1,
C00995,CG00684,1,
C00996,CG02039,2,jev_score_high
C02600,CG02039,2,jev_score_high
C00999,CG00686,1,
C01000,CG00687,1,
C01001,CG00688,1,
C01002,CG01871,2,jev_score_high
C02421,CG01871,2,jev_score_high
C01003,CG01682,2,jev_score_high
C02211,CG01682,2,jev_score_high
C01004,CG00689,1,
C01007,CG00690,1,
C01008,CG00691,1,
C01009,CG00692,1,
C01011,CG00694,1,
C01012,CG00695,1,
C01013,CG00696,1,
C01014,CG00697,1,
C01015,CG00698,1,
C01016,CG00699,1,
C01017,CG00700,1,
C01018,CG00701,1,
C01019,CG00702,1,
C01020,CG00703,1,
C01021,CG00704,1,
C01022,CG02162,2,same_email
C02729,CG02162,2,same_email
C01023,CG01814,2,jev_score_high
C02361,CG01814,2,jev_score_high
C01024,CG00705,1,
C01025,CG02417,2,jev_score_high
C02987,CG02417,2,jev_score_high
C01026,CG00706,1,
C01027,CG00707,1,
C01028,CG00708,1,
C01029,CG00709,1,
C01030,CG00710,1,
C01031,CG01311,3,jev_score_high+same_email
C01622,CG01311,3,same_email
C01767,CG01311,3,jev_score_high
C01032,CG00711,1,
C01033,CG00732,2,jev_score_high
C01059,CG00732,2,jev_score_high
C01034,CG00712,1,
C01037,CG00714,1,
C01039,CG00715,1,
C01041,CG00717,1,
C01042,CG00718,1,
C01043,CG00719,1,
C01044,CG00720,1,
C01045,CG01892,2,same_email
C02443,CG01892,2,same_email
C01047,CG00722,1,
C01049,CG00723,1,
C01050,CG00724,1,
C01051,CG02017,2,same_email
C02575,CG02017,2,same_email
C01052,CG00725,1,
C01054,CG00727,1,
C01055,CG00728,1,
C01056,CG00729,1,
C01058,CG00731,1,
C01060,CG01821,2,same_email
C02368,CG01821,2,same_email
C01061,CG00733,1,
C01062,CG00734,1,
C01063,CG00905,2,jev_score_high
C01277,CG00905,2,jev_score_high
C01064,CG00735,1,
C01065,CG00930,2,jev_score_high
C01308,CG00930,2,jev_score_high
C01066,CG02066,2,jev_score_high
C02629,CG02066,2,jev_score_high
C01067,CG00736,1,
C01068,CG00737,1,
C01069,CG00738,1,
C01070,CG00739,1,
C01071,CG00740,1,
C01072,CG00741,1,
C01074,CG00743,1,
C01075,CG00744,1,
C01076,CG00745,1,
C01077,CG00746,1,
C01078,CG00747,1,
C01079,CG00748,1,
C01080,CG00749,1,
C01081,CG00750,1,
C01082,CG00751,1,
C01083,CG00752,1,
C01085,CG00754,1,
C01086,CG00755,1,
C01087,CG00756,1,
C01088,CG00757,1,
C01089,CG00758,1,
C01090,CG00759,1,
C01091,CG00760,1,
C01092,CG00761,1,
C01093,CG00762,1,
C01094,CG00763,1,
C01095,CG00764,1,
C01096,CG00765,1,
C01097,CG00766,1,
C01098,CG00767,1,
C01099,CG00768,1,
C01100,CG00769,1,
C01101,CG00770,1,
C01102,CG01101,2,jev_score_high
C01525,CG01101,2,jev_score_high
C01103,CG00771,1,
C01104,CG00772,1,
C01105,CG00773,1,
C01107,CG01631,2,jev_score_high
C02156,CG01631,2,jev_score_high
C01108,CG00775,1,
C01110,CG01792,3,jev_score_high
C01862,CG01792,3,jev_score_high
C02339,CG01792,3,jev_score_high
C01112,CG00776,1,
C01114,CG00778,1,
C01115,CG01246,2,jev_score_high
C01693,CG01246,2,jev_score_high
C01116,CG00779,1,
C01118,CG00781,1,
C01119,CG00782,1,
C01120,CG00783,1,
C01121,CG00784,1,
C01122,CG00785,1,
C01123,CG00786,1,
C01124,CG00787,1,
C01125,CG00788,1,
C01126,CG00789,1,
C01127,CG00790,1,
C01128,CG00791,1,
C01129,CG00792,1,
C01133,CG00796,1,
C01134,CG00797,1,
C01135,CG00799,2,jev_score_high
C01138,CG00799,2,jev_score_high
C01136,CG01052,2,same_email
C01465,CG01052,2,same_email
C01137,CG00798,1,
C01139,CG00800,1,
C01140,CG01758,2,jev_score_high
C02302,CG01758,2,jev_score_high
C01142,CG00802,1,
C01143,CG00803,1,
C01144,CG00804,1,
C01145,CG00805,1,
C01146,CG00806,1,
C01148,CG00808,1,
C01149,CG00809,1,
C01150,CG00810,1,
C01151,CG00811,1,
C01152,CG00812,1,
C01153,CG00813,1,
C01154,CG00814,1,
C01155,CG00815,1,
C01156,CG00816,1,
C01157,CG00817,1,
C01158,CG01738,2,jev_score_high
C02280,CG01738,2,jev_score_high
C01159,CG01439,2,jev_score_high
C01921,CG01439,2,jev_score_high
C01160,CG00818,1,
C01161,CG00819,1,
C01162,CG00820,1,
C01163,CG00821,1,
C01165,CG01217,2,jev_score_high
C01657,CG01217,2,jev_score_high
C01166,CG00823,1,
C01167,CG00824,1,
C01168,CG02161,2,jev_score_high
C02728,CG02161,2,jev_score_high
C01170,CG01238,2,jev_score_high
C01682,CG01238,2,jev_score_high
C01174,CG02091,2,jev_score_high
C02657,CG02091,2,jev_score_high
C01175,CG00829,1,
C01176,CG00830,1,
C01177,CG00831,1,
C01178,CG00832,1,
C01179,CG02220,3,jev_score_high+same_email
C01392,CG02220,3,jev_score_high+same_email
C02788,CG02220,3,jev_score_high
C01180,CG02242,2,jev_score_high
C02811,CG02242,2,jev_score_high
C01181,CG00833,1,
C01182,CG00834,1,
C01183,CG00835,1,
C01184,CG00836,1,
C01185,CG01318,3,jev_score_high
C01679,CG01318,3,jev_score_high
C01776,CG01318,3,jev_score_high
C01186,CG00837,1,
C01188,CG00839,1,
C01189,CG00840,1,
C01190,CG00841,1,
C01191,CG00842,1,
C01192,CG00843,1,
C01193,CG00844,1,
C01194,CG00845,1,
C01195,CG01116,2,jev_score_high
C01546,CG01116,2,jev_score_high
C01197,CG01985,2,same_email
C02539,CG01985,2,same_email
C01198,CG01706,2,jev_score_high
C02241,CG01706,2,jev_score_high
C01199,CG01704,2,jev_score_high
C02238,CG01704,2,jev_score_high
C01200,CG00847,1,
C01201,CG01993,2,jev_score_high
C02549,CG01993,2,jev_score_high
C01202,CG00848,1,
C01203,CG00849,1,
C01204,CG00850,1,
C01205,CG00851,1,
C01206,CG02337,2,jev_score_high
C02907,CG02337,2,jev_score_high
C01207,CG00852,1,
C01208,CG00853,1,
C01210,CG02255,2,jev_score_high
C02825,CG02255,2,jev_score_high
C01212,CG00855,1,
C01213,CG00856,1,
C01215,CG02040,2,jev_score_high
C02602,CG02040,2,jev_score_high
C01216,CG00858,1,
C01217,CG00859,1,
C01218,CG00860,1,
C01219,CG00861,1,
C01220,CG00862,1,
C01221,CG00863,1,
C01222,CG00864,1,
C01224,CG00866,1,
C01226,CG00868,1,
C01228,CG00869,1,
C01229,CG00870,1,
C01230,CG00871,1,
C01231,CG00872,1,
C01233,CG00874,1,
C01234,CG00875,1,
C01235,CG00876,1,
C01236,CG00877,1,
C01237,CG00878,1,
C01238,CG01208,2,jev_score_high
C01647,CG01208,2,jev_score_high
C01239,CG00879,1,
C01240,CG00880,1,
C01241,CG00881,1,
C01242,CG00882,1,
C01244,CG00884,1,
C01245,CG00885,1,
C01246,CG00886,1,
C01247,CG00887,1,
C01249,CG00889,1,
C01250,CG01884,3,same_email
C02306,CG01884,3,same_email
C02435,CG01884,3,same_email
C01251,CG00890,1,
C01252,CG01712,2,jev_score_high
C02247,CG01712,2,jev_score_high
C01253,CG00891,1,
C01254,CG00892,1,
C01255,CG00893,1,
C01256,CG01159,2,jev_score_high
C01593,CG01159,2,jev_score_high
C01257,CG00894,1,
C01258,CG00895,1,
C01260,CG02392,2,jev_score_high
C02962,CG02392,2,jev_score_high
C01261,CG00897,1,
C01262,CG01952,2,same_email
C02504,CG01952,2,same_email
C01263,CG01774,2,jev_score_high
C02320,CG01774,2,jev_score_high
C01264,CG00898,1,
C01265,CG01880,2,jev_score_high
C02431,CG01880,2,jev_score_high
C01267,CG00900,1,
C01268,CG00901,1,
C01269,CG01535,2,jev_score_high
C02042,CG01535,2,jev_score_high
C01270,CG01254,2,jev_score_high
C01703,CG01254,2,jev_score_high
C01271,CG00902,1,
C01273,CG00903,1,
C01274,CG01865,2,same_email
C02415,CG01865,2,same_email
C01275,CG00904,1,
C01276,CG01655,2,same_email
C02182,CG01655,2,same_email
C01278,CG00906,1,
C01279,CG00907,1,
C01280,CG00908,1,
C01281,CG00909,1,
C01282,CG00910,1,
C01284,CG01808,2,jev_score_high
C02355,CG01808,2,jev_score_high
C01285,CG00912,1,
C01286,CG00913,1,
C01287,CG00914,1,
C01288,CG00915,1,
C01289,CG00916,1,
C01290,CG00917,1,
C01291,CG00918,1,
C01292,CG00919,1,
C01293,CG00920,1,
C01294,CG00921,1,
C01295,CG00922,1,
C01296,CG02174,2,jev_score_high
C02742,CG02174,2,jev_score_high
C01297,CG00923,1,
C01298,CG00924,1,
C01299,CG02077,2,jev_score_high
C02641,CG02077,2,jev_score_high
C01300,CG01777,2,jev_score_high
C02323,CG01777,2,jev_score_high
C01301,CG00925,1,
C01302,CG00926,1,
C01303,CG00927,1,
C01304,CG00945,2,same_email
C01325,CG00945,2,same_email
C01305,CG00928,1,
C01306,CG01672,2,jev_score_high
C02201,CG01672,2,jev_score_high
C01307,CG00929,1,
C01309,CG00931,1,
C01310,CG00932,1,
C01311,CG00933,1,
C01313,CG00935,1,
C01314,CG00936,1,
C01315,CG00937,1,
C01316,CG00938,1,
C01317,CG00939,1,
C01318,CG01678,2,jev_score_high
C02207,CG01678,2,jev_score_high
C01319,CG00940,1,
C01320,CG00941,1,
C01322,CG01394,2,jev_score_high
C01866,CG01394,2,jev_score_high
C01323,CG00943,1,
C01326,CG00946,1,
C01327,CG00947,1,
C01328,CG01282,2,same_email
C01735,CG01282,2,same_email
C01329,CG00948,1,
C01330,CG00949,1,
C01331,CG00950,1,
C01332,CG00951,1,
C01333,CG00952,1,
C01335,CG01323,2,jev_score_high
C01782,CG01323,2,jev_score_high
C01336,CG00954,1,
C01337,CG00955,1,
C01338,CG01006,2,jev_score_high
C01412,CG01006,2,jev_score_high
C01339,CG00956,1,
C01340,CG00957,1,
C01341,CG00958,1,
C01342,CG00959,1,
C01343,CG00960,1,
C01344,CG00961,1,
C01345,CG00962,1,
C01346,CG01176,2,jev_score_high
C01612,CG01176,2,jev_score_high
C01347,CG01849,2,jev_score_high
C02397,CG01849,2,jev_score_high
C01348,CG00963,1,
C01349,CG00964,1,
C01350,CG00965,1,
C01351,CG01194,2,jev_score_high
C01631,CG01194,2,jev_score_high
C01352,CG00966,1,
C01353,CG01715,2,same_email
C02251,CG01715,2,same_email
C01354,CG00967,1,
C01355,CG00968,1,
C01356,CG00969,1,
C01357,CG00970,1,
C01358,CG00971,1,
C01359,CG02047,2,jev_score_high
C02609,CG02047,2,jev_score_high
C01360,CG02425,2,jev_score_high
C02995,CG02425,2,jev_score_high
C01361,CG00972,1,
C01362,CG00973,1,
C01363,CG01698,2,jev_score_high
C02230,CG01698,2,jev_score_high
C01364,CG00974,1,
C01366,CG00976,1,
C01368,CG00977,1,
C01369,CG00978,1,
C01370,CG00979,1,
C01371,CG02345,2,same_email
C02915,CG02345,2,same_email
C01373,CG01138,2,jev_score_high
C01572,CG01138,2,jev_score_high
C01374,CG00981,1,
C01375,CG00982,1,
C01376,CG02379,2,jev_score_high
C02949,CG02379,2,jev_score_high
C01378,CG00983,1,
C01379,CG02080,2,jev_score_high
C02644,CG02080,2,jev_score_high
C01380,CG01441,2,jev_score_high
C01923,CG01441,2,jev_score_high
C01381,CG00984,1,
C01382,CG00985,1,
C01383,CG00986,1,
C01384,CG00987,1,
C01385,CG01966,2,jev_score_high
C02519,CG01966,2,jev_score_high
C01386,CG01376,2,jev_score_high
C01844,CG01376,2,jev_score_high
C01387,CG00988,1,
C01388,CG00989,1,
C01389,CG00990,1,
C01390,CG00991,1,
C01391,CG00992,1,
C01393,CG01822,3,jev_score_high
C01603,CG01822,3,jev_score_high
C02369,CG01822,3,jev_score_high
C01394,CG00993,1,
C01395,CG00994,1,
C01396,CG01108,2,jev_score_high
C01534,CG01108,2,jev_score_high
C01397,CG00995,1,
C01399,CG00997,1,
C01401,CG00999,1,
C01403,CG01213,2,jev_score_high
C01653,CG01213,2,jev_score_high
C01404,CG01000,1,
C01405,CG01001,1,
C01407,CG01003,1,
C01408,CG01646,2,jev_score_high
C02173,CG01646,2,jev_score_high
C01409,CG02285,2,jev_score_high
C02855,CG02285,2,jev_score_high
C01410,CG01004,1,
C01411,CG01005,1,
C01413,CG01204,2,jev_score_high
C01643,CG01204,2,jev_score_high
C01415,CG01905,2,jev_score_high
C02456,CG01905,2,jev_score_high
C01416,CG01008,1,
C01417,CG01009,1,
C01418,CG01010,1,
C01419,CG01011,1,
C01421,CG01013,1,
C01422,CG01014,1,
C01423,CG01015,1,
C01424,CG01802,3,jev_score_high
C02287,CG01802,3,jev_score_high
C02349,CG01802,3,jev_score_high
C01425,CG01016,1,
C01427,CG01018,1,
C01428,CG01081,2,jev_score_high
C01502,CG01081,2,jev_score_high
C01429,CG01019,1,
C01430,CG01020,1,
C01431,CG01021,1,
C01432,CG01022,1,
C01433,CG01023,1,
C01434,CG01024,1,
C01435,CG01025,1,
C01436,CG01026,2,jev_score_high
C01437,CG01026,2,jev_score_high
C01438,CG01027,1,
C01439,CG01028,1,
C01440,CG01029,1,
C01441,CG01030,1,
C01443,CG01032,1,
C01444,CG01033,1,
C01445,CG01034,1,
C01446,CG01035,1,
C01449,CG01038,1,
C01450,CG01039,1,
C01451,CG01040,1,
C01452,CG01041,1,
C01453,CG01042,1,
C01454,CG01043,1,
C01456,CG01045,1,
C01457,CG01046,1,
C01458,CG01047,1,
C01459,CG01048,1,
C01460,CG01049,1,
C01461,CG01050,1,
C01462,CG01051,1,
C01463,CG01987,2,same_email
C02541,CG01987,2,same_email
C01466,CG01355,2,jev_score_high
C01820,CG01355,2,jev_score_high
C01467,CG01053,1,
C01468,CG01054,1,
C01469,CG02042,2,jev_score_high
C02604,CG02042,2,jev_score_high
C01470,CG01055,1,
C01471,CG01056,1,
C01473,CG01058,1,
C01475,CG01059,1,
C01476,CG01060,1,
C01477,CG01061,1,
C01478,CG01062,1,
C01479,CG02268,2,jev_score_high
C02838,CG02268,2,jev_score_high
C01480,CG01063,1,
C01481,CG01064,1,
C01483,CG01066,1,
C01484,CG01157,2,jev_score_high
C01591,CG01157,2,jev_score_high
C01485,CG01067,1,
C01486,CG01068,1,
C01487,CG01473,2,jev_score_high
C01962,CG01473,2,jev_score_high
C01488,CG01069,1,
C01490,CG01071,1,
C01491,CG01072,1,
C01492,CG01078,2,jev_score_high
C01499,CG01078,2,jev_score_high
C01494,CG01074,1,
C01495,CG01444,2,jev_score_high
C01927,CG01444,2,jev_score_high
C01496,CG01075,1,
C01497,CG01076,1,
C01498,CG01077,1,
C01500,CG01079,1,
C01501,CG01080,1,
C01504,CG01083,1,
C01505,CG01084,1,
C01506,CG01085,1,
C01507,CG01086,1,
C01508,CG01087,1,
C01509,CG01239,2,jev_score_high
C01683,CG01239,2,jev_score_high
C01510,CG02182,2,jev_score_high
C02750,CG02182,2,jev_score_high
C01511,CG01088,1,
C01512,CG01089,1,
C01513,CG01090,1,
C01514,CG01091,1,
C01516,CG01093,1,
C01517,CG01094,1,
C01518,CG01095,1,
C01519,CG01184,2,jev_score_high
C01620,CG01184,2,jev_score_high
C01520,CG01096,1,
C01521,CG01097,1,
C01522,CG01098,1,
C01523,CG01099,1,
C01526,CG01806,2,jev_score_high
C02353,CG01806,2,jev_score_high
C01527,CG01102,1,
C01528,CG01103,1,
C01529,CG01603,2,same_email
C02123,CG01603,2,same_email
C01530,CG01104,1,
C01531,CG01105,1,
C01536,CG01110,1,
C01537,CG02032,2,jev_score_high
C02591,CG02032,2,jev_score_high
C01538,CG01111,1,
C01539,CG01112,1,
C01540,CG01595,2,jev_score_high
C02115,CG01595,2,jev_score_high
C01541,CG01113,1,
C01542,CG02018,2,jev_score_high
C02577,CG02018,2,jev_score_high
C01544,CG01115,1,
C01545,CG01545,2,jev_score_high
C02054,CG01545,2,jev_score_high
C01547,CG02139,2,jev_score_high
C02706,CG02139,2,jev_score_high
C01548,CG01117,1,
C01549,CG01118,1,
C01550,CG01119,1,
C01551,CG01120,1,
C01552,CG01121,1,
C01553,CG02148,2,same_email
C02715,CG02148,2,same_email
C01554,CG01122,1,
C01556,CG01124,1,
C01557,CG01125,1,
C01559,CG01126,1,
C01561,CG01128,1,
C01562,CG01129,1,
C01563,CG01130,1,
C01565,CG01132,1,
C01566,CG01133,1,
C01568,CG01135,1,
C01569,CG01136,1,
C01570,CG01137,1,
C01571,CG02187,2,jev_score_high
C02755,CG02187,2,jev_score_high
C01573,CG01139,1,
C01575,CG01141,1,
C01576,CG01142,1,
C01578,CG01144,1,
C01579,CG01145,1,
C01580,CG01146,1,
C01582,CG01148,1,
C01583,CG01149,1,
C01584,CG01150,1,
C01585,CG01151,1,
C01586,CG01152,1,
C01587,CG01153,1,
C01588,CG01154,1,
C01589,CG01155,1,
C01590,CG01156,1,
C01592,CG01158,1,
C01594,CG01160,1,
C01595,CG01161,1,
C01596,CG01162,1,
C01597,CG01163,1,
C01598,CG01164,1,
C01600,CG01166,1,
C01601,CG01167,1,
C01602,CG01168,1,
C01604,CG01169,1,
C01605,CG01170,1,
C01606,CG01171,1,
C01608,CG01173,1,
C01610,CG01175,1,
C01611,CG01334,2,jev_score_high
C01796,CG01334,2,jev_score_high
C01613,CG01177,1,
C01614,CG01178,1,
C01615,CG01179,1,
C01617,CG01181,1,
C01618,CG01182,1,
C01623,CG01186,1,
C01624,CG01187,1,
C01625,CG01188,1,
C01626,CG01189,1,
C01627,CG01190,1,
C01628,CG01191,1,
C01629,CG01192,1,
C01630,CG01193,1,
C01632,CG01195,1,
C01633,CG02259,2,jev_score_high
C02829,CG02259,2,jev_score_high
C01635,CG01197,1,
C01636,CG01198,1,
C01637,CG01224,2,same_email
C01664,CG01224,2,same_email
C01638,CG01199,1,
C01639,CG01200,1,
C01640,CG01201,1,
C01641,CG01202,1,
C01642,CG01203,1,
C01644,CG01205,1,
C01645,CG01206,1,
C01646,CG01207,1,
C01648,CG01209,1,
C01649,CG01935,2,jev_score_high
C02487,CG01935,2,jev_score_high
C01650,CG01210,1,
C01651,CG01211,1,
C01652,CG01212,1,
C01654,CG01214,1,
C01655,CG01215,1,
C01656,CG01216,1,
C01659,CG01219,1,
C01661,CG01221,1,
C01662,CG01222,1,
C01663,CG01223,1,
C01665,CG01225,1,
C01666,CG01226,1,
C01667,CG01994,2,same_email
C02550,CG01994,2,same_email
C01668,CG01227,1,
C01669,CG01228,1,
C01670,CG01229,1,
C01672,CG01231,1,
C01673,CG01232,1,
C01675,CG01233,1,
C01676,CG01234,1,
C01677,CG02274,2,jev_score_high
C02844,CG02274,2,jev_score_high
C01678,CG01235,1,
C01681,CG01237,1,
C01685,CG01240,1,
C01686,CG02367,2,jev_score_high
C02937,CG02367,2,jev_score_high
C01687,CG01241,1,
C01688,CG01242,1,
C01689,CG01243,1,
C01690,CG01244,1,
C01694,CG01851,2,jev_score_high
C02399,CG01851,2,jev_score_high
C01695,CG01247,1,
C01696,CG02378,2,jev_score_high
C02948,CG02378,2,jev_score_high
C01697,CG01248,1,
C01698,CG01249,1,
C01699,CG01250,1,
C01700,CG01251,1,
C01704,CG01255,1,
C01705,CG01256,1,
C01706,CG01257,1,
C01707,CG01258,1,
C01708,CG01371,2,same_email
C01838,CG01371,2,same_email
C01710,CG01260,1,
C01711,CG01261,1,
C01712,CG02090,2,jev_score_high
C02656,CG02090,2,jev_score_high
C01713,CG01262,1,
C01714,CG01263,1,
C01715,CG01264,1,
C01716,CG01265,1,
C01717,CG01352,2,same_email
C01817,CG01352,2,same_email
C01718,CG01266,1,
C01719,CG01267,1,
C01720,CG01268,1,
C01721,CG01269,1,
C01722,CG01270,1,
C01724,CG01272,1,
C01725,CG01273,1,
C01726,CG01274,1,
C01727,CG02257,2,jev_score_high
C02827,CG02257,2,jev_score_high
C01729,CG01276,1,
C01730,CG01277,1,
C01731,CG01278,1,
C01732,CG01279,1,
C01734,CG01281,1,
C01736,CG01283,1,
C01737,CG01518,2,jev_score_high
C02021,CG01518,2,jev_score_high
C01738,CG01284,1,
C01739,CG01285,1,
C01741,CG01287,1,
C01742,CG01288,1,
C01744,CG01290,1,
C01746,CG01895,3,jev_score_high
C01864,CG01895,3,jev_score_high
C02446,CG01895,3,jev_score_high
C01747,CG01292,1,
C01748,CG01293,1,
C01749,CG02111,2,jev_score_high
C02677,CG02111,2,jev_score_high
C01750,CG01294,1,
C01751,CG01295,1,
C01752,CG01296,1,
C01753,CG01297,1,
C01754,CG01298,1,
C01755,CG01299,1,
C01756,CG01300,1,
C01757,CG01301,1,
C01758,CG01302,1,
C01759,CG01303,1,
C01760,CG01304,1,
C01761,CG01305,1,
C01762,CG01306,1,
C01763,CG01307,1,
C01764,CG01308,1,
C01765,CG01309,1,
C01766,CG01310,1,
C01768,CG01312,1,
C01769,CG01497,2,jev_score_high
C01990,CG01497,2,jev_score_high
C01770,CG01313,1,
C01771,CG01314,1,
C01772,CG01315,1,
C01773,CG01316,1,
C01774,CG02045,2,jev_score_high
C02607,CG02045,2,jev_score_high
C01775,CG01317,1,
C01777,CG01319,1,
C01779,CG01321,1,
C01780,CG01322,1,
C01781,CG01685,2,jev_score_high
C02214,CG01685,2,jev_score_high
C01783,CG01324,1,
C01784,CG01325,1,
C01786,CG01555,2,jev_score_high
C02065,CG01555,2,jev_score_high
C01787,CG01327,1,
C01788,CG01328,1,
C01789,CG01943,2,jev_score_high
C02495,CG01943,2,jev_score_high
C01791,CG01330,1,
C01792,CG01331,1,
C01793,CG02205,2,jev_score_high
C02773,CG02205,2,jev_score_high
C01795,CG01333,1,
C01797,CG01335,1,
C01799,CG01336,1,
C01800,CG01337,1,
C01801,CG01338,1,
C01802,CG01373,2,jev_score_high
C01841,CG01373,2,jev_score_high
C01803,CG01339,1,
C01804,CG01340,1,
C01805,CG01341,1,
C01806,CG01342,1,
C01809,CG01345,1,
C01810,CG01346,1,
C01812,CG01348,1,
C01813,CG01349,1,
C01814,CG01350,1,
C01815,CG01351,1,
C01816,CG02201,2,jev_score_high
C02769,CG02201,2,jev_score_high
C01818,CG01353,1,
C01819,CG01354,1,
C01821,CG02296,2,same_email
C02866,CG02296,2,same_email
C01822,CG02059,3,jev_score_high
C01930,CG02059,3,jev_score_high
C02622,CG02059,3,jev_score_high
C01823,CG01356,1,
C01824,CG01357,1,
C01825,CG01358,1,
C01826,CG01359,1,
C01827,CG01360,1,
C01828,CG01361,1,
C01829,CG01362,1,
C01830,CG01363,1,
C01831,CG01364,1,
C01833,CG01366,1,
C01834,CG01367,1,
C01835,CG01368,1,
C01839,CG02273,2,same_email
C02843,CG02273,2,same_email
C01840,CG01372,1,
C01842,CG01374,1,
C01843,CG01375,1,
C01845,CG01377,1,
C01846,CG01378,1,
C01847,CG01379,1,
C01849,CG01380,1,
C01851,CG01382,1,
C01852,CG01383,1,
C01853,CG01384,1,
C01854,CG01385,1,
C01855,CG01386,1,
C01856,CG01387,1,
C01857,CG02414,2,jev_score_high
C02984,CG02414,2,jev_score_high
C01858,CG01388,1,
C01859,CG01389,1,
C01860,CG01390,1,
C01861,CG01391,1,
C01865,CG01393,1,
C01867,CG01395,1,
C01869,CG01397,1,
C01870,CG01398,1,
C01871,CG01399,1,
C01872,CG01991,2,jev_score_high
C02546,CG01991,2,jev_score_high
C01873,CG01400,1,
C01875,CG01402,1,
C01876,CG01403,1,
C01877,CG01404,1,
C01878,CG02385,2,jev_score_high
C02955,CG02385,2,jev_score_high
C01879,CG01405,1,
C01880,CG01694,2,jev_score_high
C02225,CG01694,2,jev_score_high
C01882,CG01407,1,
C01884,CG01409,1,
C01885,CG01410,1,
C01887,CG01412,1,
C01888,CG01634,2,jev_score_high
C02159,CG01634,2,jev_score_high
C01889,CG01413,1,
C01890,CG01414,1,
C01892,CG01416,1,
C01893,CG02134,2,jev_score_high
C02700,CG02134,2,jev_score_high
C01894,CG01417,1,
C01895,CG01418,1,
C01896,CG01419,1,
C01897,CG01420,1,
C01898,CG01462,2,jev_score_high
C01947,CG01462,2,jev_score_high
C01899,CG01421,1,
C01900,CG01422,1,
C01901,CG02369,2,same_email
C02939,CG02369,2,same_email
C01902,CG01423,1,
C01903,CG01424,1,
C01904,CG01425,1,
C01905,CG01426,1,
C01906,CG01427,1,
C01907,CG01428,1,
C01908,CG01429,1,
C01909,CG01430,1,
C01911,CG02067,2,jev_score_high
C02630,CG02067,2,jev_score_high
C01914,CG02130,2,same_email
C02696,CG02130,2,same_email
C01915,CG01434,1,
C01916,CG01435,1,
C01917,CG01772,2,jev_score_high
C02318,CG01772,2,jev_score_high
C01918,CG01436,1,
C01919,CG01437,1,
C01922,CG01440,1,
C01924,CG01442,1,
C01928,CG01445,1,
C01929,CG01446,1,
C01931,CG01447,1,
C01933,CG01449,1,
C01934,CG01450,1,
C01935,CG01451,1,
C01936,CG01452,1,
C01937,CG01453,1,
C01938,CG02036,2,jev_score_high
C02597,CG02036,2,jev_score_high
C01939,CG01454,1,
C01940,CG01455,1,
C01942,CG01457,1,
C01943,CG01458,1,
C01945,CG01460,1,
C01946,CG01461,1,
C01948,CG01463,1,
C01949,CG01464,1,
C01950,CG02391,2,jev_score_high
C02961,CG02391,2,jev_score_high
C01951,CG01882,2,jev_score_high
C02433,CG01882,2,jev_score_high
C01952,CG01508,2,jev_score_high
C02005,CG01508,2,jev_score_high
C01953,CG01465,1,
C01954,CG01466,1,
C01955,CG01467,1,
C01959,CG01470,1,
C01961,CG01472,1,
C01963,CG01474,1,
C01964,CG01475,1,
C01965,CG01476,1,
C01966,CG01477,1,
C01967,CG01478,1,
C01968,CG01479,1,
C01969,CG01622,2,jev_score_high
C02146,CG01622,2,jev_score_high
C01970,CG01480,1,
C01972,CG01482,1,
C01974,CG01484,1,
C01976,CG01485,1,
C01978,CG01487,1,
C01979,CG02212,2,jev_score_high
C02780,CG02212,2,jev_score_high
C01980,CG01488,1,
C01981,CG01489,1,
C01982,CG01490,1,
C01983,CG01491,1,
C01984,CG01492,1,
C01985,CG01493,1,
C01986,CG01494,1,
C01987,CG01885,2,jev_score_high
C02436,CG01885,2,jev_score_high
C01988,CG01495,1,
C01991,CG01498,1,
C01993,CG02145,2,same_email
C02712,CG02145,2,same_email
C01994,CG01500,1,
C01995,CG01501,1,
C01996,CG01502,1,
C01997,CG01503,1,
C01998,CG02291,2,jev_score_high
C02861,CG02291,2,jev_score_high
C02000,CG02241,2,jev_score_high
C02810,CG02241,2,jev_score_high
C02001,CG01537,2,jev_score_high
C02044,CG01537,2,jev_score_high
C02003,CG01506,1,
C02004,CG01507,1,
C02006,CG01509,1,
C02007,CG01510,1,
C02009,CG01511,1,
C02010,CG01512,1,
C02011,CG01513,1,
C02012,CG01514,1,
C02014,CG02260,2,same_email
C02830,CG02260,2,same_email
C02015,CG02393,2,jev_score_high
C02963,CG02393,2,jev_score_high
C02016,CG01515,1,
C02017,CG01723,2,jev_score_high
C02261,CG01723,2,jev_score_high
C02018,CG01516,1,
C02019,CG01517,1,
C02020,CG01683,2,jev_score_high
C02212,CG01683,2,jev_score_high
C02022,CG01519,1,
C02024,CG01520,1,
C02025,CG01521,1,
C02026,CG01615,2,jev_score_high
C02138,CG01615,2,jev_score_high
C02027,CG01522,1,
C02028,CG01523,1,
C02029,CG01524,1,
C02030,CG01525,1,
C02031,CG01526,1,
C02032,CG01527,1,
C02033,CG01528,1,
C02034,CG01529,1,
C02037,CG01531,1,
C02040,CG01533,1,
C02041,CG01534,1,
C02043,CG01536,1,
C02045,CG01538,1,
C02046,CG01539,1,
C02047,CG01540,1,
C02048,CG01541,1,
C02049,CG02383,2,jev_score_high
C02953,CG02383,2,jev_score_high
C02052,CG01543,1,
C02053,CG01544,1,
C02055,CG01546,1,
C02056,CG01547,1,
C02057,CG01548,1,
C02058,CG01549,1,
C02059,CG01550,1,
C02060,CG01551,1,
C02061,CG01552,1,
C02062,CG01553,1,
C02063,CG01554,1,
C02064,CG02429,2,same_email
C02999,CG02429,2,same_email
C02066,CG01556,1,
C02067,CG02231,2,same_email
C02799,CG02231,2,same_email
C02068,CG01557,1,
C02071,CG01941,2,same_email
C02493,CG01941,2,same_email
C02072,CG01560,1,
C02073,CG01561,1,
C02074,CG01562,1,
C02076,CG01564,1,
C02077,CG01565,1,
C02078,CG01566,1,
C02080,CG01568,1,
C02081,CG01569,1,
C02083,CG01571,1,
C02085,CG02307,3,jev_score_high
C02425,CG02307,3,jev_score_high
C02877,CG02307,3,jev_score_high
C02086,CG01573,1,
C02087,CG02188,2,jev_score_high
C02756,CG02188,2,jev_score_high
C02089,CG01575,1,
C02090,CG01737,2,jev_score_high
C02279,CG01737,2,jev_score_high
C02091,CG01916,2,jev_score_high
C02468,CG01916,2,jev_score_high
C02092,CG01576,1,
C02093,CG01577,1,
C02094,CG01578,1,
C02096,CG01580,1,
C02097,CG02370,2,jev_score_high
C02940,CG02370,2,jev_score_high
C02098,CG01581,1,
C02099,CG01582,1,
C02101,CG01584,1,
C02102,CG01585,1,
C02103,CG01586,1,
C02104,CG01587,1,
C02105,CG02061,3,jev_score_high+same_email
C02542,CG02061,3,jev_score_high+same_email
C02624,CG02061,3,jev_score_high
C02106,CG01630,2,jev_score_high
C02155,CG01630,2,jev_score_high
C02107,CG01863,2,jev_score_high
C02413,CG01863,2,jev_score_high
C02108,CG01588,1,
C02109,CG01589,1,
C02110,CG01590,1,
C02111,CG01591,1,
C02112,CG01592,1,
C02113,CG01593,1,
C02114,CG01594,1,
C02116,CG01596,1,
C02117,CG01597,1,
C02118,CG01598,1,
C02119,CG01599,1,
C02120,CG01600,1,
C02121,CG01601,1,
C02124,CG01604,1,
C02127,CG01607,1,
C02128,CG01608,1,
C02130,CG01610,1,
C02131,CG01611,1,
C02132,CG02027,2,jev_score_high
C02586,CG02027,2,jev_score_high
C02133,CG01776,2,jev_score_high
C02322,CG01776,2,jev_score_high
C02134,CG01612,1,
C02135,CG01613,1,
C02137,CG01907,2,same_email
C02459,CG01907,2,same_email
C02139,CG01616,1,
C02140,CG01617,1,
C02141,CG01618,1,
C02143,CG01619,1,
C02145,CG01621,1,
C02147,CG01623,1,
C02148,CG01624,1,
C02149,CG01625,1,
C02150,CG01632,2,same_email
C02157,CG01632,2,same_email
C02153,CG01628,1,
C02158,CG01633,1,
C02160,CG01635,1,
C02161,CG01636,1,
C02162,CG01637,1,
C02163,CG01853,2,same_email
C02401,CG01853,2,same_email
C02166,CG01640,1,
C02167,CG01641,1,
C02169,CG01643,1,
C02170,CG01644,1,
C02171,CG01645,1,
C02174,CG01647,1,
C02175,CG01648,1,
C02176,CG01649,1,
C02177,CG01650,1,
C02179,CG01652,1,
C02181,CG01654,1,
C02183,CG01656,1,
C02184,CG01657,1,
C02185,CG01658,1,
C02187,CG01660,1,
C02188,CG01661,1,
C02189,CG02140,2,jev_score_high
C02707,CG02140,2,jev_score_high
C02191,CG01663,1,
C02193,CG01879,2,jev_score_high
C02430,CG01879,2,jev_score_high
C02194,CG01665,1,
C02195,CG01666,1,
C02196,CG01667,1,
C02197,CG01668,1,
C02198,CG01669,1,
C02199,CG01670,1,
C02200,CG01671,1,
C02202,CG01673,1,
C02203,CG01674,1,
C02204,CG01675,1,
C02205,CG01676,1,
C02206,CG01677,1,
C02208,CG01679,1,
C02210,CG01681,1,
C02213,CG01684,1,
C02215,CG01686,1,
C02216,CG01687,1,
C02218,CG01874,2,jev_score_high
C02424,CG01874,2,jev_score_high
C02219,CG01688,1,
C02220,CG01689,1,
C02221,CG01690,1,
C02222,CG01691,1,
C02223,CG01692,1,
C02226,CG01695,1,
C02227,CG01924,2,jev_score_high
C02476,CG01924,2,jev_score_high
C02228,CG01696,1,
C02231,CG01699,1,
C02232,CG01700,1,
C02233,CG01701,1,
C02236,CG01762,2,jev_score_high
C02307,CG01762,2,jev_score_high
C02237,CG01820,2,jev_score_high
C02367,CG01820,2,jev_score_high
C02239,CG01705,1,
C02240,CG01818,2,jev_score_high
C02365,CG01818,2,jev_score_high
C02242,CG01707,1,
C02244,CG01709,1,
C02245,CG01710,1,
C02246,CG01711,1,
C02248,CG01713,1,
C02249,CG02365,2,same_email
C02935,CG02365,2,same_email
C02250,CG01714,1,
C02252,CG01716,1,
C02253,CG01717,1,
C02255,CG01719,1,
C02256,CG02046,2,jev_score_high
C02608,CG02046,2,jev_score_high
C02257,CG01720,1,
C02259,CG01721,1,
C02260,CG01722,1,
C02262,CG01724,1,
C02263,CG01725,1,
C02264,CG01790,2,jev_score_high
C02337,CG01790,2,jev_score_high
C02266,CG01855,2,jev_score_high
C02403,CG01855,2,jev_score_high
C02267,CG01727,1,
C02268,CG01728,1,
C02269,CG01729,1,
C02270,CG01730,1,
C02272,CG01732,1,
C02273,CG01812,2,same_email
C02359,CG01812,2,same_email
C02274,CG01733,1,
C02275,CG01734,1,
C02276,CG02400,2,jev_score_high
C02970,CG02400,2,jev_score_high
C02277,CG01735,1,
C02278,CG01736,1,
C02281,CG01739,1,
C02282,CG01740,1,
C02283,CG01741,1,
C02284,CG01742,1,
C02285,CG01743,1,
C02286,CG01744,1,
C02288,CG02318,2,same_email
C02888,CG02318,2,same_email
C02291,CG01747,1,
C02292,CG01748,1,
C02293,CG01749,1,
C02294,CG01750,1,
C02295,CG01751,1,
C02296,CG01752,1,
C02297,CG01753,1,
C02298,CG01754,1,
C02299,CG01755,1,
C02300,CG01756,1,
C02301,CG01757,1,
C02303,CG01759,1,
C02304,CG01760,1,
C02305,CG01761,1,
C02308,CG01763,1,
C02309,CG01764,1,
C02310,CG01765,1,
C02313,CG01767,1,
C02314,CG01768,1,
C02315,CG01769,1,
C02316,CG01770,1,
C02317,CG01771,1,
C02319,CG01773,1,
C02321,CG01775,1,
C02324,CG01778,1,
C02325,CG02013,2,same_email
C02571,CG02013,2,same_email
C02326,CG01779,1,
C02327,CG01780,1,
C02330,CG01783,1,
C02331,CG01784,1,
C02332,CG01785,1,
C02333,CG01786,1,
C02334,CG01787,1,
C02335,CG01788,1,
C02336,CG01789,1,
C02338,CG01791,1,
C02340,CG01793,1,
C02341,CG01794,1,
C02343,CG01796,1,
C02345,CG01798,1,
C02346,CG01799,1,
C02347,CG01800,1,
C02348,CG01801,1,
C02350,CG01803,1,
C02351,CG01804,1,
C02354,CG01807,1,
C02357,CG01810,1,
C02358,CG01811,1,
C02360,CG01813,1,
C02362,CG01815,1,
C02363,CG01816,1,
C02364,CG01817,1,
C02370,CG01823,1,
C02371,CG01824,1,
C02372,CG01825,1,
C02373,CG01826,1,
C02374,CG01827,1,
C02375,CG01828,1,
C02376,CG01829,1,
C02377,CG01830,1,
C02378,CG01831,1,
C02379,CG01832,1,
C02380,CG01833,1,
C02381,CG01834,1,
C02383,CG01836,1,
C02384,CG01837,1,
C02385,CG01838,1,
C02386,CG01911,2,jev_score_high
C02463,CG01911,2,jev_score_high
C02387,CG01839,1,
C02389,CG01841,1,
C02392,CG01844,1,
C02394,CG01846,1,
C02395,CG01847,1,
C02396,CG01848,1,
C02398,CG01850,1,
C02402,CG01854,1,
C02405,CG01857,1,
C02406,CG02023,2,jev_score_high
C02582,CG02023,2,jev_score_high
C02407,CG01858,1,
C02408,CG01859,1,
C02409,CG01860,1,
C02410,CG01861,1,
C02411,CG02313,2,same_email
C02883,CG02313,2,same_email
C02412,CG01862,1,
C02416,CG01866,1,
C02417,CG01867,1,
C02418,CG01868,1,
C02419,CG01869,1,
C02420,CG01870,1,
C02422,CG01872,1,
C02423,CG01873,1,
C02426,CG01875,1,
C02428,CG01877,1,
C02429,CG01878,1,
C02432,CG01881,1,
C02434,CG01883,1,
C02437,CG01886,1,
C02438,CG01887,1,
C02439,CG01888,1,
C02440,CG01889,1,
C02441,CG01890,1,
C02444,CG01893,1,
C02447,CG01896,1,
C02449,CG01898,1,
C02450,CG01899,1,
C02451,CG01900,1,
C02452,CG01901,1,
C02454,CG01903,1,
C02455,CG01904,1,
C02457,CG01906,1,
C02460,CG01908,1,
C02461,CG01909,1,
C02462,CG01910,1,
C02464,CG01912,1,
C02465,CG01913,1,
C02466,CG01914,1,
C02467,CG01915,1,
C02470,CG01918,1,
C02471,CG01919,1,
C02473,CG01921,1,
C02474,CG01922,1,
C02477,CG01925,1,
C02478,CG01926,1,
C02480,CG01928,1,
C02481,CG01929,1,
C02482,CG01930,1,
C02483,CG01931,1,
C02485,CG01933,1,
C02486,CG01934,1,
C02488,CG01936,1,
C02489,CG01937,1,
C02490,CG01938,1,
C02491,CG01939,1,
C02492,CG01940,1,
C02494,CG01942,1,
C02497,CG01945,1,
C02498,CG01946,1,
C02499,CG01947,1,
C02500,CG01948,1,
C02501,CG01949,1,
C02502,CG01950,1,
C02503,CG01951,1,
C02505,CG01953,1,
C02506,CG01954,1,
C02507,CG01955,1,
C02508,CG01956,1,
C02510,CG01958,1,
C02511,CG01959,1,
C02512,CG01960,1,
C02513,CG01961,1,
C02514,CG01962,1,
C02515,CG01963,1,
C02517,CG02315,2,jev_score_high
C02885,CG02315,2,jev_score_high
C02520,CG01967,1,
C02521,CG01968,1,
C02524,CG01971,1,
C02525,CG01972,1,
C02526,CG01973,1,
C02527,CG01974,1,
C02528,CG01975,1,
C02529,CG01976,1,
C02531,CG01978,1,
C02532,CG02192,2,jev_score_high
C02760,CG02192,2,jev_score_high
C02533,CG01979,1,
C02534,CG01980,1,
C02535,CG01981,1,
C02536,CG01982,1,
C02537,CG01983,1,
C02538,CG01984,1,
C02543,CG01988,1,
C02545,CG01990,1,
C02547,CG01992,1,
C02548,CG02384,2,jev_score_high
C02954,CG02384,2,jev_score_high
C02551,CG01995,1,
C02552,CG01996,1,
C02553,CG01997,1,
C02554,CG01998,1,
C02555,CG01999,1,
C02558,CG02001,1,
C02559,CG02002,1,
C02560,CG02194,2,jev_score_high
C02762,CG02194,2,jev_score_high
C02561,CG02003,1,
C02562,CG02004,1,
C02563,CG02005,1,
C02564,CG02006,1,
C02565,CG02007,1,
C02566,CG02008,1,
C02567,CG02009,1,
C02569,CG02011,1,
C02570,CG02012,1,
C02572,CG02014,1,
C02573,CG02015,1,
C02576,CG02335,2,jev_score_high
C02905,CG02335,2,jev_score_high
C02578,CG02019,1,
C02579,CG02020,1,
C02580,CG02021,1,
C02581,CG02022,1,
C02583,CG02024,1,
C02585,CG02026,1,
C02587,CG02028,1,
C02588,CG02029,1,
C02592,CG02033,1,
C02593,CG02197,2,jev_score_high
C02765,CG02197,2,jev_score_high
C02594,CG02034,1,
C02595,CG02074,2,jev_score_high
C02638,CG02074,2,jev_score_high
C02598,CG02037,1,
C02599,CG02038,1,
C02603,CG02041,1,
C02606,CG02044,1,
C02611,CG02048,1,
C02612,CG02049,1,
C02613,CG02050,1,
C02615,CG02052,1,
C02616,CG02053,1,
C02617,CG02054,1,
C02618,CG02055,1,
C02620,CG02057,1,
C02621,CG02058,1,
C02625,CG02062,1,
C02626,CG02063,1,
C02627,CG02064,1,
C02628,CG02065,1,
C02631,CG02068,1,
C02632,CG02069,1,
C02633,CG02070,1,
C02634,CG02071,1,
C02635,CG02250,2,jev_score_high
C02820,CG02250,2,jev_score_high
C02636,CG02072,1,
C02637,CG02073,1,
C02639,CG02075,1,
C02640,CG02076,1,
C02642,CG02078,1,
C02643,CG02079,1,
C02645,CG02081,1,
C02646,CG02082,1,
C02647,CG02131,2,jev_score_high
C02697,CG02131,2,jev_score_high
C02648,CG02083,1,
C02650,CG02085,1,
C02651,CG02086,1,
C02652,CG02087,1,
C02653,CG02088,1,
C02654,CG02089,1,
C02655,CG02094,2,jev_score_high
C02660,CG02094,2,jev_score_high
C02658,CG02092,1,
C02659,CG02093,1,
C02661,CG02095,1,
C02662,CG02096,1,
C02663,CG02097,1,
C02664,CG02098,1,
C02666,CG02100,1,
C02667,CG02101,1,
C02668,CG02102,1,
C02670,CG02104,1,
C02671,CG02105,1,
C02672,CG02106,1,
C02673,CG02107,1,
C02674,CG02108,1,
C02675,CG02109,1,
C02676,CG02110,1,
C02678,CG02112,1,
C02680,CG02114,1,
C02681,CG02115,1,
C02683,CG02117,1,
C02684,CG02118,1,
C02685,CG02119,1,
C02686,CG02120,1,
C02687,CG02121,1,
C02688,CG02122,1,
C02689,CG02123,1,
C02690,CG02124,1,
C02691,CG02125,1,
C02692,CG02126,1,
C02693,CG02127,1,
C02694,CG02128,1,
C02695,CG02129,1,
C02699,CG02133,1,
C02701,CG02135,1,
C02702,CG02136,1,
C02703,CG02280,2,jev_score_high
C02850,CG02280,2,jev_score_high
C02704,CG02137,1,
C02705,CG02138,1,
C02708,CG02141,1,
C02709,CG02142,1,
C02710,CG02143,1,
C02713,CG02146,1,
C02714,CG02147,1,
C02716,CG02149,1,
C02717,CG02150,1,
C02718,CG02151,1,
C02719,CG02152,1,
C02720,CG02153,1,
C02721,CG02154,1,
C02722,CG02155,1,
C02723,CG02156,1,
C02724,CG02157,1,
C02725,CG02158,1,
C02726,CG02159,1,
C02727,CG02160,1,
C02730,CG02163,1,
C02731,CG02254,2,same_email
C02824,CG02254,2,same_email
C02732,CG02164,1,
C02734,CG02166,1,
C02735,CG02167,1,
C02737,CG02169,1,
C02739,CG02171,1,
C02740,CG02172,1,
C02741,CG02173,1,
C02743,CG02175,1,
C02744,CG02176,1,
C02745,CG02177,1,
C02746,CG02178,1,
C02747,CG02179,1,
C02748,CG02180,1,
C02749,CG02181,1,
C02753,CG02185,1,
C02754,CG02186,1,
C02757,CG02189,1,
C02758,CG02190,1,
C02759,CG02191,1,
C02761,CG02193,1,
C02764,CG02196,1,
C02766,CG02198,1,
C02767,CG02199,1,
C02770,CG02202,1,
C02771,CG02203,1,
C02772,CG02204,1,
C02774,CG02206,1,
C02775,CG02207,1,
C02776,CG02208,1,
C02777,CG02209,1,
C02778,CG02210,1,
C02779,CG02211,1,
C02781,CG02213,1,
C02783,CG02215,1,
C02784,CG02216,1,
C02785,CG02217,1,
C02786,CG02218,1,
C02787,CG02219,1,
C02789,CG02221,1,
C02790,CG02222,1,
C02791,CG02223,1,
C02793,CG02225,1,
C02794,CG02226,1,
C02795,CG02227,1,
C02796,CG02228,1,
C02797,CG02229,1,
C02798,CG02230,1,
C02800,CG02232,1,
C02801,CG02233,1,
C02802,CG02234,1,
C02803,CG02247,2,jev_score_high
C02817,CG02247,2,jev_score_high
C02804,CG02235,1,
C02805,CG02236,1,
C02806,CG02237,1,
C02807,CG02238,1,
C02808,CG02239,1,
C02809,CG02240,1,
C02812,CG02243,1,
C02813,CG02267,2,jev_score_high
C02837,CG02267,2,jev_score_high
C02814,CG02244,1,
C02815,CG02245,1,
C02816,CG02246,1,
C02818,CG02248,1,
C02819,CG02249,1,
C02821,CG02251,1,
C02822,CG02252,1,
C02823,CG02253,1,
C02826,CG02256,1,
C02828,CG02258,1,
C02831,CG02261,1,
C02832,CG02262,1,
C02833,CG02263,1,
C02834,CG02264,1,
C02835,CG02265,1,
C02836,CG02266,1,
C02839,CG02269,1,
C02840,CG02270,1,
C02841,CG02271,1,
C02842,CG02272,1,
C02846,CG02276,1,
C02849,CG02279,1,
C02851,CG02281,1,
C02852,CG02282,1,
C02853,CG02283,1,
C02854,CG02284,1,
C02856,CG02286,1,
C02857,CG02287,1,
C02858,CG02288,1,
C02862,CG02292,1,
C02863,CG02293,1,
C02864,CG02294,1,
C02867,CG02297,1,
C02868,CG02298,1,
C02869,CG02299,1,
C02870,CG02300,1,
C02871,CG02301,1,
C02872,CG02302,1,
C02874,CG02304,1,
C02875,CG02305,1,
C02876,CG02306,1,
C02881,CG02311,1,
C02884,CG02314,1,
C02886,CG02316,1,
C02887,CG02317,1,
C02889,CG02319,1,
C02890,CG02320,1,
C02891,CG02321,1,
C02892,CG02322,1,
C02893,CG02323,1,
C02894,CG02324,1,
C02895,CG02325,1,
C02896,CG02326,1,
C02898,CG02328,1,
C02899,CG02329,1,
C02900,CG02330,1,
C02901,CG02331,1,
C02902,CG02332,1,
C02903,CG02333,1,
C02904,CG02334,1,
C02906,CG02336,1,
C02908,CG02338,1,
C02909,CG02339,1,
C02910,CG02340,1,
C02911,CG02341,1,
C02912,CG02342,1,
C02913,CG02343,1,
C02914,CG02344,1,
C02916,CG02346,1,
C02917,CG02347,1,
C02918,CG02348,1,
C02919,CG02349,1,
C02920,CG02350,1,
C02923,CG02353,1,
C02924,CG02354,1,
C02926,CG02356,1,
C02928,CG02358,1,
C02929,CG02359,1,
C02931,CG02361,1,
C02932,CG02362,1,
C02933,CG02363,1,
C02934,CG02364,1,
C02936,CG02366,1,
C02938,CG02368,1,
C02941,CG02371,1,
C02942,CG02372,1,
C02943,CG02373,1,
C02944,CG02374,1,
C02945,CG02375,1,
C02946,CG02376,1,
C02947,CG02377,1,
C02951,CG02381,1,
C02956,CG02386,1,
C02957,CG02387,1,
C02958,CG02388,1,
C02959,CG02389,1,
C02960,CG02390,1,
C02964,CG02394,1,
C02966,CG02396,1,
C02967,CG02397,1,
C02968,CG02398,1,
C02969,CG02399,1,
C02971,CG02401,1,
C02972,CG02402,1,
C02973,CG02403,1,
C02974,CG02404,1,
C02975,CG02405,1,
C02976,CG02406,1,
C02977,CG02407,1,
C02978,CG02408,1,
C02979,CG02409,1,
C02980,CG02410,1,
C02981,CG02411,1,
C02983,CG02413,1,
C02986,CG02416,1,
C02988,CG02418,1,
C02989,CG02419,1,
C02991,CG02421,1,
C02992,CG02422,1,
C02993,CG02423,1,
C02994,CG02424,1,
C02996,CG02426,1,
C02997,CG02427,1,
C02998,CG02428,1,
C03000,CG02430,1,
