id_a,id_b,block_keys
C00002,C00222,k_name_domain+k_name_street+k_initial_acct
C00003,C00018,k_name_domain+k_name_street+k_name_swap+k_name_acct+k_initial_acct
C00004,C00111,k_email
C00006,C00295,k_initial_acct
C00009,C00046,k_email
C00010,C00118,k_email+k_name_domain+k_name_street+k_name_swap+k_name_acct+k_initial_acct
C00014,C00098,k_name_acct+k_initial_acct
C00015,C00269,k_name_domain+k_name_street+k_initial_acct
C00024,C00271,k_name_domain+k_name_street+k_name_swap+k_name_acct+k_initial_acct
C00027,C00139,k_phone
C00029,C00286,k_email
C00031,C00160,k_name_domain+k_name_street+k_name_swap+k_name_acct+k_initial_acct
C00032,C00125,k_email+k_name_domain+k_name_street+k_name_swap+k_name_acct+k_initial_acct
C00033,C00082,k_name_acct+k_initial_acct
C00038,C00094,k_phone+k_name_domain+k_name_street+k_name_swap+k_name_acct+k_initial_acct
C00039,C00178,k_phone+k_name_street+k_initial_acct
C00040,C00106,k_phone
C00041,C00195,k_name_domain+k_name_street+k_initial_acct
C00043,C00244,k_phone
C00044,C00182,k_phone+k_name_acct+k_initial_acct
C00049,C00248,k_name_acct+k_initial_acct
C00050,C00089,k_phone+k_name_domain+k_name_swap+k_name_acct+k_initial_acct
C00052,C00199,k_name_domain+k_name_street+k_name_swap+k_name_acct+k_initial_acct
C00054,C00121,k_email+k_name_domain+k_name_swap+k_name_acct+k_initial_acct
C00055,C00103,k_phone
C00056,C00272,k_email
C00057,C00296,k_phone
C00059,C00198,k_phone+k_name_domain+k_name_street+k_name_swap+k_name_acct+k_initial_acct
C00060,C00099,k_email+k_name_domain+k_name_swap+k_name_acct+k_initial_acct
C00061,C00163,k_phone
C00062,C00245,k_phone+k_initial_acct
C00063,C00270,k_phone
C00066,C00255,k_phone
C00067,C00124,k_name_street+k_name_acct+k_initial_acct
C00068,C00196,k_email+k_name_domain+k_name_swap+k_name_acct+k_initial_acct
C00069,C00169,k_name_domain+k_name_street+k_name_swap+k_name_acct+k_initial_acct
C00071,C00135,k_phone
C00075,C00268,k_phone+k_name_domain+k_name_swap+k_name_acct+k_initial_acct
C00078,C00250,k_phone+k_initial_acct
C00079,C00100,k_phone+k_name_acct+k_initial_acct
C00081,C00142,k_name_street+k_name_acct+k_initial_acct
C00085,C00102,k_name_domain+k_name_swap+k_name_acct+k_initial_acct
C00088,C00246,k_phone
C00090,C00134,k_name_domain+k_name_swap+k_name_acct+k_initial_acct
C00092,C00223,k_phone+k_name_acct+k_initial_acct
C00095,C00141,k_phone+k_name_domain+k_name_street+k_name_swap+k_name_acct+k_initial_acct
C00101,C00107,k_phone+k_name_acct+k_initial_acct
C00108,C00219,k_phone+k_name_acct
C00109,C00236,k_phone
C00112,C00136,k_name_acct+k_initial_acct
C00117,C00287,k_name_domain+k_name_street+k_name_swap+k_name_acct+k_initial_acct
C00119,C00261,k_phone
C00122,C00215,k_phone+k_name_acct
C00123,C00188,k_phone+k_name_domain+k_name_swap+k_name_acct+k_initial_acct
C00130,C00138,k_initial_acct
C00131,C00285,k_email
C00132,C00155,k_email+k_name_domain+k_name_swap+k_name_acct+k_initial_acct
C00133,C00170,k_name_domain+k_name_swap+k_name_acct+k_initial_acct
C00144,C00192,k_phone+k_name_acct
C00145,C00220,k_phone+k_name_domain+k_name_street+k_name_swap+k_name_acct+k_initial_acct
C00146,C00191,k_email
C00149,C00253,k_phone+k_name_acct
C00154,C00212,k_name_domain+k_name_street+k_initial_acct
C00156,C00165,k_phone+k_name_acct+k_initial_acct
C00157,C00159,k_phone+k_name_domain+k_name_swap+k_name_acct+k_initial_acct
C00162,C00267,k_phone+k_name_acct
C00164,C00221,k_phone+k_name_acct
C00166,C00260,k_phone+k_name_domain+k_name_swap+k_name_acct+k_initial_acct
C00167,C00193,k_phone
C00171,C00262,k_name_domain+k_name_street+k_initial_acct
C00172,C00251,k_name_domain+k_name_street+k_name_swap+k_name_acct+k_initial_acct
C00173,C00275,k_phone+k_name_acct
C00186,C00266,k_email
C00189,C00231,k_phone+k_name_domain+k_name_swap+k_name_acct+k_initial_acct
C00194,C00209,k_phone+k_name_acct+k_initial_acct
C00201,C00290,k_phone+k_name_street
C00202,C00282,k_email
C00203,C00264,k_phone
C00210,C00292,k_name_domain+k_name_swap+k_name_acct+k_initial_acct
C00214,C00252,k_name_acct+k_initial_acct
C00217,C00289,k_email
C00218,C00224,k_name_acct+k_initial_acct
C00228,C00237,k_email
C00233,C00284,k_phone
C00247,C00294,k_name_street
C00283,C00291,k_name_domain+k_name_street+k_name_swap+k_name_acct+k_initial_acct
