contact_id,account_id,first_name,last_name,email,phone,title,address,city,state,zip,source_system,updated_at,first_norm,last_norm,email_norm,phone_norm,address_norm,k_email,k_phone,name_a,name_b,k_name_domain,k_name_street,k_name_swap,master_account_id,k_name_acct,k_initial_acct
C00001,A00152,Olivia,Lee,olivia.lee@northgateconsulting.com,3462800115,CFO,,,,,crm,2023-03-16,olivia,lee,olivia.lee@northgateconsulting.com,+13462800115,,olivia.lee@northgateconsulting.com,+13462800115,oL000,lO410,oL000|northgateconsulting.com,,lO410oL000|northgateconsulting.com,A00152,lO410oL000|A00152,oL000|A00152
C00002,A00038,Susan,Lewis,susan.lewis@evergreenautorepair.com,+1 950 268 4627,Purchasing Agent,3914 Elm Avenue,Portland,OR,97229,billing,2023-05-31,susan,lewis,susan.lewis@evergreenautorepair.com,+19502684627,3914 elm ave,susan.lewis@evergreenautorepair.com,+19502684627,sL200,lS250,sL200|evergreenautorepair.com,sL200|3914|elm|972,lS250sL200|evergreenautorepair.com,A00038,lS250sL200|A00038,sL200|A00038
C00003,A00047,Linda,Lopez,linda.lopez@atlaslegalservices.com,(975) 462-9081,CFO,335 Main Boulevard,Denver,CO,80226,billing,2024-12-17,linda,lopez,linda.lopez@atlaslegalservices.com,+19754629081,335 main blvd,linda.lopez@atlaslegalservices.com,+19754629081,lL120,lL530,lL120|atlaslegalservices.com,lL120|335|main|802,lL120lL530|atlaslegalservices.com,A00062,lL120lL530|A00062,lL120|A00062
C00004,,Olivia,Lopez,elizabethlopez0197@gmail.com,814-647-7548,Engineer,,,,,web_form,2024-05-31,olivia,lopez,elizabethlopez0197@gmail.com,+18146477548,,elizabethlopez0197@gmail.com,+18146477548,oL120,lO410,,,,,,
C00005,A00126,Thomas,Thompson,thomas.thompson@harborpointsoftware.com,8872230197,Office Manager,1938 Cedar Drive,Boston,MA,02155,trade_show,2022-05-02,thomas,thompson,thomas.thompson@harborpointsoftware.com,+18872230197,1938 cedar dr,thomas.thompson@harborpointsoftware.com,+18872230197,tT512,tT520,tT512|harborpointsoftware.com,tT512|1938|cedar|021,tT512tT520|harborpointsoftware.com,A00126,tT512tT520|A00126,tT512|A00126
C00006,A00153,L.,Wilson,,,CFO,,,,,billing,2026-05-13,l,wilson,,,,,,lW425,wL000,,,,A00153,lW425wL000|A00153,lW425|A00153
C00007,A00113,Elizabeth,Johnson,elizabeth.johnson@harborpointdesign.com,769-924-2354,Owner,5661 Oak Avenue,Atlanta,GA,30373,billing,2026-04-10,elizabeth,johnson,elizabeth.johnson@harborpointdesign.com,+17699242354,5661 oak ave,elizabeth.johnson@harborpointdesign.com,+17699242354,eJ525,jE421,eJ525|harborpointdesign.com,eJ525|5661|oak|303,eJ525jE421|harborpointdesign.com,A00113,eJ525jE421|A00113,eJ525|A00113
C00008,A00109,Jennifer,Martinez,jennifer.martinez@summitdesign.com,490.606.6156,VP Sales,,,,,trade_show,2025-09-07,jennifer,martinez,jennifer.martinez@summitdesign.com,+14906066156,,jennifer.martinez@summitdesign.com,+14906066156,jM635,mJ516,jM635|summitdesign.com,,jM635mJ516|summitdesign.com,A00109,jM635mJ516|A00109,jM635|A00109
C00009,,Katherine,Anderson,katherineanderson0205@gmail.com,776-586-6136,CFO,,,,,erp,2024-10-02,katherine,anderson,katherineanderson0205@gmail.com,+17765866136,,katherineanderson0205@gmail.com,+17765866136,kA536,aK365,,,,,,
C00010,A00159,Thomas,Kim,thomas.kim@blueridgeautorepair.com,532.724.2251,VP Sales,,,,,web_form,2026-07-16,thomas,kim,thomas.kim@blueridgeautorepair.com,+15327242251,,thomas.kim@blueridgeautorepair.com,+15327242251,tK500,kT520,tK500|blueridgeautorepair.com,,kT520tK500|blueridgeautorepair.com,A00159,kT520tK500|A00159,tK500|A00159
C00011,,Linda,Lewis,,+1 348 445 2961,CFO,,,,,web_form,2023-12-24,linda,lewis,,+13484452961,,,+13484452961,lL200,lL530,,,,,,
C00012,A00114,Nathan,Walker,nathan.walker@harborpointinsurance.com,(424) 961-3077,Owner,4486 Hill Boulevard,Portland,OR,97277,crm,2025-02-07,nathan,walker,nathan.walker@harborpointinsurance.com,+14249613077,4486 hill blvd,nathan.walker@harborpointinsurance.com,+14249613077,nW426,wN350,nW426|harborpointinsurance.com,nW426|4486|hill|972,nW426wN350|harborpointinsurance.com,A00114,nW426wN350|A00114,nW426|A00114
C00013,A00081,William,Williams,william.williams@keystoneroofing.com,480.947.2957,Director of Operations,,,,,billing,2022-02-13,william,williams,william.williams@keystoneroofing.com,+14809472957,,william.williams@keystoneroofing.com,+14809472957,wW452,wW450,wW452|keystoneroofing.com,,wW450wW452|keystoneroofing.com,A00081,wW450wW452|A00081,wW452|A00081
C00014,A00097,Margaret,Garcia,margaret.garcia@atlasbakery.com,(510) 587-5073,VP Sales,,,,,billing,2026-05-16,margaret,garcia,margaret.garcia@atlasbakery.com,+15105875073,,margaret.garcia@atlasbakery.com,+15105875073,mG620,gM626,mG620|atlasbakery.com,,gM626mG620|atlasbakery.com,A00127,gM626mG620|A00127,mG620|A00127
C00015,A00072,William,Taylor,william.taylor@harborpointroofing.com,+1 737 688 7112,VP Sales,9441 Church Boulevard,Chicago,IL,60669,trade_show,2023-04-10,william,taylor,william.taylor@harborpointroofing.com,+17376887112,9441 church blvd,william.taylor@harborpointroofing.com,+17376887112,wT460,tW450,wT460|harborpointroofing.com,wT460|9441|church|606,tW450wT460|harborpointroofing.com,A00072,tW450wT460|A00072,wT460|A00072
C00016,A00106,Joseph,Patel,joseph.patel@keystoneplumbing.com,8896721136,Engineer,,,,,erp,2024-08-31,joseph,patel,joseph.patel@keystoneplumbing.com,+18896721136,,joseph.patel@keystoneplumbing.com,+18896721136,jP340,pJ210,jP340|keystoneplumbing.com,,jP340pJ210|keystoneplumbing.com,A00106,jP340pJ210|A00106,jP340|A00106
C00017,A00011,Patricia,Martin,patricia.martin@blueridgestaffing.com,(218) 482-8241,Engineer,,,,,web_form,2022-06-25,patricia,martin,patricia.martin@blueridgestaffing.com,+12184828241,,patricia.martin@blueridgestaffing.com,+12184828241,pM635,mP362,pM635|blueridgestaffing.com,,mP362pM635|blueridgestaffing.com,A00011,mP362pM635|A00011,pM635|A00011
C00018,A00047,Linda,Lopez,linda.lopez.jr@atlaslegalservices.com,+1 822 511 5790,Purchasing Agent,335 Main Boulevard,Denver,CO,80226,billing,2024-12-17,linda,lopez,linda.lopez.jr@atlaslegalservices.com,+18225115790,335 main blvd,linda.lopez.jr@atlaslegalservices.com,+18225115790,lL120,lL530,lL120|atlaslegalservices.com,lL120|335|main|802,lL120lL530|atlaslegalservices.com,A00062,lL120lL530|A00062,lL120|A00062
C00019,A00048,Richard,Harris,richard.harris@keystonestaffing.com,515.679.3887,CFO,8673 Cedar Drive,Chicago,IL,60685,crm,2024-03-10,richard,harris,richard.harris@keystonestaffing.com,+15156793887,8673 cedar dr,richard.harris@keystonestaffing.com,+15156793887,rH620,hR263,rH620|keystonestaffing.com,rH620|8673|cedar|606,hR263rH620|keystonestaffing.com,A00048,hR263rH620|A00048,rH620|A00048
C00020,A00168,Kevin,Moore,kevin.moore@harborpointanalytics.com,+1 660 485 1258,CFO,6135 Oak Boulevard,Seattle,WA,98139,billing,2022-09-14,kevin,moore,kevin.moore@harborpointanalytics.com,+16604851258,6135 oak blvd,kevin.moore@harborpointanalytics.com,+16604851258,kM600,mK150,kM600|harborpointanalytics.com,kM600|6135|oak|981,kM600mK150|harborpointanalytics.com,A00168,kM600mK150|A00168,kM600|A00168
C00021,A00161,Elizabeth,Johnson,elizabeth.johnson@stonebridgeautorepair.com,(933) 452-6244,Purchasing Agent,,,,,billing,2025-02-26,elizabeth,johnson,elizabeth.johnson@stonebridgeautorepair.com,+19334526244,,elizabeth.johnson@stonebridgeautorepair.com,+19334526244,eJ525,jE421,eJ525|stonebridgeautorepair.com,,eJ525jE421|stonebridgeautorepair.com,A00161,eJ525jE421|A00161,eJ525|A00161
C00022,A00053,Marcus,Lewis,marcus.lewis@mapleleafautorepair.com,5302499188,Office Manager,9470 Church Road,Denver,CO,80299,trade_show,2023-08-31,marcus,lewis,marcus.lewis@mapleleafautorepair.com,+15302499188,9470 church rd,marcus.lewis@mapleleafautorepair.com,+15302499188,mL200,lM622,mL200|mapleleafautorepair.com,mL200|9470|church|802,lM622mL200|mapleleafautorepair.com,A00053,lM622mL200|A00053,mL200|A00053
C00023,A00159,Christopher,Hall,christopher.hall@blueridgeautorepair.com,677-801-3592,Purchasing Agent,,,,,erp,2023-06-05,christopher,hall,christopher.hall@blueridgeautorepair.com,+16778013592,,christopher.hall@blueridgeautorepair.com,+16778013592,cH400,hC623,cH400|blueridgeautorepair.com,,cH400hC623|blueridgeautorepair.com,A00159,cH400hC623|A00159,cH400|A00159
C00024,A00016,Jennifer,Hall,jennifer.hall@evergreenlandscaping.com,(720) 322-8744,Owner,8279 Main Drive,Nashville,TN,37201,crm,2023-12-08,jennifer,hall,jennifer.hall@evergreenlandscaping.com,+17203228744,8279 main dr,jennifer.hall@evergreenlandscaping.com,+17203228744,jH400,hJ516,jH400|evergreenlandscaping.com,jH400|8279|main|372,hJ516jH400|evergreenlandscaping.com,A00016,hJ516jH400|A00016,jH400|A00016
C00025,,Anthony,Moore,,+1 683 567 7132,Purchasing Agent,,,,,crm,2025-03-21,anthony,moore,,+16835677132,,,+16835677132,aM600,mA535,,,,,,
C00026,,Linda,Lewis,,,CFO,,,,,crm,2025-01-02,linda,lewis,,,,,,lL200,lL530,,,,,,
C00027,A00025,Omar,Thompson,omar.thompson@meridianstaffing.com,(279) 386-2597,Purchasing Agent,,,,,crm,2024-06-16,omar,thompson,omar.thompson@meridianstaffing.com,+12793862597,,omar.thompson@meridianstaffing.com,+12793862597,oT512,tO560,oT512|meridianstaffing.com,,oT512tO560|meridianstaffing.com,A00025,oT512tO560|A00025,oT512|A00025
C00028,A00152,Anthony,Walker,support@northgateconsulting.com,,Purchasing Agent,,,,,billing,2022-06-21,anthony,walker,support@northgateconsulting.com,,,,,aW426,wA535,aW426|northgateconsulting.com,,aW426wA535|northgateconsulting.com,A00152,aW426wA535|A00152,aW426|A00152
C00029,,Christopher,Thomas,christopherthomas0042@gmail.com,,VP Sales,,,,,billing,2022-12-05,christopher,thomas,christopherthomas0042@gmail.com,,,christopherthomas0042@gmail.com,,cT520,tC623,,,,,,
C00030,A00083,Priya,Brown,priya.brown@blueridgeconsulting.com,+1 533 653 1922,Office Manager,,,,,web_form,2022-10-18,priya,brown,priya.brown@blueridgeconsulting.com,+15336531922,,priya.brown@blueridgeconsulting.com,+15336531922,pB650,bP600,pB650|blueridgeconsulting.com,,bP600pB650|blueridgeconsulting.com,A00083,bP600pB650|A00083,pB650|A00083
C00031,A00100,David,Brown,david.brown@sterlingdesign.com,(720) 431-1316,Director of Operations,4722 Washington Avenue,Phoenix,AZ,85092,trade_show,2025-09-26,david,brown,david.brown@sterlingdesign.com,+17204311316,4722 washington ave,david.brown@sterlingdesign.com,+17204311316,dB650,bD130,dB650|sterlingdesign.com,dB650|4722|washington|850,bD130dB650|sterlingdesign.com,A00100,bD130dB650|A00100,dB650|A00100
C00032,A00070,Priya,Moore,priya.moore@pioneerautorepair.com,927.335.7151,Purchasing Agent,,,,,web_form,2022-05-07,priya,moore,priya.moore@pioneerautorepair.com,+19273357151,,priya.moore@pioneerautorepair.com,+19273357151,pM600,mP600,pM600|pioneerautorepair.com,,mP600pM600|pioneerautorepair.com,A00084,mP600pM600|A00084,pM600|A00084
C00033,A00022,Margaret,Young,margaret.young@keystonedesign.com,311-308-3639,Director of Operations,,,,,billing,2022-01-29,margaret,young,margaret.young@keystonedesign.com,+13113083639,,margaret.young@keystonedesign.com,+13113083639,mY520,yM626,mY520|keystonedesign.com,,mY520yM626|keystonedesign.com,A00022,mY520yM626|A00022,mY520|A00022
C00034,A00001,Patricia,Wilson,patricia.wilson@redwoodconsulting.com,+1 565 503 5186,Office Manager,,,,,billing,2024-04-11,patricia,wilson,patricia.wilson@redwoodconsulting.com,+15655035186,,patricia.wilson@redwoodconsulting.com,+15655035186,pW425,wP362,pW425|redwoodconsulting.com,,pW425wP362|redwoodconsulting.com,A00001,pW425wP362|A00001,pW425|A00001
C00035,A00074,Wei,Thompson,wei.thompson@evergreenplumbing.com,(604) 754-8285,CFO,,,,,web_form,2024-06-11,wei,thompson,wei.thompson@evergreenplumbing.com,+16047548285,,wei.thompson@evergreenplumbing.com,+16047548285,wT512,tW000,wT512|evergreenplumbing.com,,tW000wT512|evergreenplumbing.com,A00074,tW000wT512|A00074,wT512|A00074
C00036,A00067,Thomas,Nguyen,thomas.nguyen@summitdental.com,8362523191,Engineer,,,,,crm,2025-07-31,thomas,nguyen,thomas.nguyen@summitdental.com,+18362523191,,thomas.nguyen@summitdental.com,+18362523191,tN250,nT520,tN250|summitdental.com,,nT520tN250|summitdental.com,A00067,nT520tN250|A00067,tN250|A00067
C00037,A00014,Wei,Wilson,wei.wilson@evergreendesign.com,+1 260 547 9704,Owner,,,,,web_form,2022-02-12,wei,wilson,wei.wilson@evergreendesign.com,+12605479704,,wei.wilson@evergreendesign.com,+12605479704,wW425,wW000,wW425|evergreendesign.com,,wW000wW425|evergreendesign.com,A00014,wW000wW425|A00014,wW425|A00014
C00038,A00047,Liz,Anderson,liz.anderson@atlaslegalservices.com,836-710-3648,CFO,7993 Park Boulevard,Austin,TX,78774,crm,2022-03-12,elizabeth,anderson,liz.anderson@atlaslegalservices.com,+18367103648,7993 park blvd,liz.anderson@atlaslegalservices.com,+18367103648,eA536,aE421,eA536|atlaslegalservices.com,eA536|7993|park|787,aE421eA536|atlaslegalservices.com,A00062,aE421eA536|A00062,eA536|A00062
C00039,A00134,H.,Taylor,,9528859513,Director of Operations,7178 OAK DR,Columbus,OH,43280,crm,2025-02-06,h,taylor,,+19528859513,7178 oak dr,,+19528859513,hT460,tH000,,hT460|7178|oak|432,,A00134,hT460tH000|A00134,hT460|A00134
C00040,,Richard,Rodriguez,richardrodriguez0231@gmail.com,(313) 338-9563,Purchasing Agent,,,,,erp,2023-05-09,richard,rodriguez,richardrodriguez0231@gmail.com,+13133389563,,richardrodriguez0231@gmail.com,+13133389563,rR362,rR263,,,,,,
C00041,A00048,Carlos,Smith,carlos.smith@keystonestaffing.com,+1 834 976 1378,Engineer,6502 Lake Street,Seattle,WA,98199,billing,2023-02-05,carlos,smith,carlos.smith@keystonestaffing.com,+18349761378,6502 lake st,carlos.smith@keystonestaffing.com,+18349761378,cS530,sC642,cS530|keystonestaffing.com,cS530|6502|lake|981,cS530sC642|keystonestaffing.com,A00048,cS530sC642|A00048,cS530|A00048
C00042,A00136,Aisha,Hall,aisha.hall@evergreenplumbing.com,650.346.1113,Director of Operations,,,,,crm,2025-02-01,aisha,hall,aisha.hall@evergreenplumbing.com,+16503461113,,aisha.hall@evergreenplumbing.com,+16503461113,aH400,hA200,aH400|evergreenplumbing.com,,aH400hA200|evergreenplumbing.com,A00074,aH400hA200|A00074,aH400|A00074
C00043,,Jennifer,Lee,jenniferlee0221@gmail.com,230.278.0639,Office Manager,,,,,trade_show,2022-04-05,jennifer,lee,jenniferlee0221@gmail.com,+12302780639,,jenniferlee0221@gmail.com,+12302780639,jL000,lJ516,,,,,,
C00044,A00139,Aisha,Anderson,aisha.anderson@graniteanalytics.com,+1 691 434 9709,Office Manager,,,,,trade_show,2022-11-23,aisha,anderson,aisha.anderson@graniteanalytics.com,+16914349709,,aisha.anderson@graniteanalytics.com,+16914349709,aA536,aA200,aA536|graniteanalytics.com,,aA200aA536|graniteanalytics.com,A00139,aA200aA536|A00139,aA536|A00139
C00045,A00069,Maria,Allen,maria.allen@sterlinganalytics.com,668-520-6566,VP Sales,,,,,erp,2022-01-19,maria,allen,maria.allen@sterlinganalytics.com,+16685206566,,maria.allen@sterlinganalytics.com,+16685206566,mA450,aM600,mA450|sterlinganalytics.com,,aM600mA450|sterlinganalytics.com,A00069,aM600mA450|A00069,mA450|A00069
C00046,,Priya,Anderson,katherineanderson0205@gmail.com,396-857-5941,Director of Operations,,,,,crm,2022-11-02,priya,anderson,katherineanderson0205@gmail.com,+13968575941,,katherineanderson0205@gmail.com,+13968575941,pA536,aP600,,,,,,
C00047,A00168,Daniel,Johnson,info@harborpointanalytics.com,,VP Sales,,,,,billing,2022-12-21,daniel,johnson,info@harborpointanalytics.com,,,,,dJ525,jD540,dJ525|harborpointanalytics.com,,dJ525jD540|harborpointanalytics.com,A00168,dJ525jD540|A00168,dJ525|A00168
C00048,A00074,Anthony,Jackson,anthony.jackson@evergreenplumbing.com,5238043838,Purchasing Agent,,,,,crm,2022-07-02,anthony,jackson,anthony.jackson@evergreenplumbing.com,+15238043838,,anthony.jackson@evergreenplumbing.com,+15238043838,aJ250,jA535,aJ250|evergreenplumbing.com,,aJ250jA535|evergreenplumbing.com,A00074,aJ250jA535|A00074,aJ250|A00074
C00049,A00035,Yuki,Johnson,yuki.johnson@sterlingelectric.com,+1 731 200 4113,CFO,,,,,billing,2026-01-31,yuki,johnson,yuki.johnson@sterlingelectric.com,+17312004113,,yuki.johnson@sterlingelectric.com,+17312004113,yJ525,jY200,yJ525|sterlingelectric.com,,jY200yJ525|sterlingelectric.com,A00035,jY200yJ525|A00035,yJ525|A00035
C00050,A00112,James,Hall,james.hall@summitanalytics.com,(573) 737-7843,CFO,,,,,erp,2026-02-24,james,hall,james.hall@summitanalytics.com,+15737377843,,james.hall@summitanalytics.com,+15737377843,jH400,hJ520,jH400|summitanalytics.com,,hJ520jH400|summitanalytics.com,A00112,hJ520jH400|A00112,jH400|A00112
C00051,,Olivia,Nguyen,,,VP Sales,,,,,erp,2023-10-27,olivia,nguyen,,,,,,oN250,nO410,,,,,,
C00052,A00106,Deborah,Davis,deborah.davis.jr@keystoneplumbing.com,398-216-2999,Owner,1475 Main Drive,Nashville,TN,37257,erp,2025-03-03,deborah,davis,deborah.davis.jr@keystoneplumbing.com,+13982162999,1475 main dr,deborah.davis.jr@keystoneplumbing.com,+13982162999,dD120,dD160,dD120|keystoneplumbing.com,dD120|1475|main|372,dD120dD160|keystoneplumbing.com,A00106,dD120dD160|A00106,dD120|A00106
C00053,A00089,James,Garcia,james.garcia@ironwooddesign.com,+1 719 531 5865,Owner,,,,,trade_show,2023-06-03,james,garcia,james.garcia@ironwooddesign.com,+17195315865,,james.garcia@ironwooddesign.com,+17195315865,jG620,gJ520,jG620|ironwooddesign.com,,gJ520jG620|ironwooddesign.com,A00089,gJ520jG620|A00089,jG620|A00089
C00054,A00132,Christopher,Miller,christopher.miller@graniteroofing.com,242.908.7580,Office Manager,,,,,billing,2022-11-19,christopher,miller,christopher.miller@graniteroofing.com,+12429087580,,christopher.miller@graniteroofing.com,+12429087580,cM460,mC623,cM460|graniteroofing.com,,cM460mC623|graniteroofing.com,A00064,cM460mC623|A00064,cM460|A00064
C00055,A00036,Daniel,Lewis,daniel.lewis@brightpathdental.com,(766) 603-5109,Director of Operations,,,,,web_form,2022-12-01,daniel,lewis,daniel.lewis@brightpathdental.com,+17666035109,,daniel.lewis@brightpathdental.com,+17666035109,dL200,lD540,dL200|brightpathdental.com,,dL200lD540|brightpathdental.com,A00036,dL200lD540|A00036,dL200|A00036
C00056,,Grace,Brown,gracebrown0044@gmail.com,,Engineer,,,,,billing,2022-02-12,grace,brown,gracebrown0044@gmail.com,,,gracebrown0044@gmail.com,,gB650,bG620,,,,,,
C00057,A00047,Grace,Anderson,grace.anderson@atlaslegalservices.com,462.547.4678,Purchasing Agent,,,,,crm,2025-09-03,grace,anderson,grace.anderson@atlaslegalservices.com,+14625474678,,grace.anderson@atlaslegalservices.com,+14625474678,gA536,aG620,gA536|atlaslegalservices.com,,aG620gA536|atlaslegalservices.com,A00062,aG620gA536|A00062,gA536|A00062
C00058,A00106,Nathan,Brown,nathan.brown@keystoneplumbing.com,4004905283,Purchasing Agent,,,,,web_form,2025-06-10,nathan,brown,nathan.brown@keystoneplumbing.com,+14004905283,,nathan.brown@keystoneplumbing.com,+14004905283,nB650,bN350,nB650|keystoneplumbing.com,,bN350nB650|keystoneplumbing.com,A00106,bN350nB650|A00106,nB650|A00106
C00059,A00075,James,Harris,james.harris@atlaselectric.com,7604554631,VP Sales,4740 Washington Street,Austin,TX,78792,trade_show,2025-06-26,james,harris,james.harris@atlaselectric.com,+17604554631,4740 washington st,james.harris@atlaselectric.com,+17604554631,jH620,hJ520,jH620|atlaselectric.com,jH620|4740|washington|787,hJ520jH620|atlaselectric.com,A00075,hJ520jH620|A00075,jH620|A00075
C00060,A00061,Hannah,Martinez,hannah.martinez@meridianlegalservices.com,(928) 232-3255,Director of Operations,,,,,crm,2022-02-14,hannah,martinez,hannah.martinez@meridianlegalservices.com,+19282323255,,hannah.martinez@meridianlegalservices.com,+19282323255,hM635,mH500,hM635|meridianlegalservices.com,,hM635mH500|meridianlegalservices.com,A00061,hM635mH500|A00061,hM635|A00061
C00061,A00066,David,Nguyen,david.nguyen@keystonesoftware.com,(567) 973-5993,CFO,,,,,web_form,2023-08-05,david,nguyen,david.nguyen@keystonesoftware.com,+15679735993,,david.nguyen@keystonesoftware.com,+15679735993,dN250,nD130,dN250|keystonesoftware.com,,dN250nD130|keystonesoftware.com,A00066,dN250nD130|A00066,dN250|A00066
C00062,A00107,Katherine,Miller,katherine.miller@summitdesign.com,852.253.2501,Engineer,,,,,web_form,2023-06-17,katherine,miller,katherine.miller@summitdesign.com,+18522532501,,katherine.miller@summitdesign.com,+18522532501,kM460,mK365,kM460|summitdesign.com,,kM460mK365|summitdesign.com,A00107,kM460mK365|A00107,kM460|A00107
C00063,,Joseph,Martin,josephmartin0229@gmail.com,811.335.2914,Owner,,,,,web_form,2023-04-13,joseph,martin,josephmartin0229@gmail.com,+18113352914,,josephmartin0229@gmail.com,+18113352914,jM635,mJ210,,,,,,
C00064,A00004,Luis,Anderson,office@keystoneautorepair.com,,Office Manager,,,,,trade_show,2022-08-05,luis,anderson,office@keystoneautorepair.com,,,,,lA536,aL200,lA536|keystoneautorepair.com,,aL200lA536|keystoneautorepair.com,A00004,aL200lA536|A00004,lA536|A00004
C00065,,David,Thompson,davidthompson0181@gmail.com,471.966.1848,Office Manager,300 Main Street,Denver,CO,80215,trade_show,2025-04-10,david,thompson,davidthompson0181@gmail.com,+14719661848,300 main st,davidthompson0181@gmail.com,+14719661848,dT512,tD130,,dT512|300|main|802,,,,
C00066,,Jennifer,Anderson,jenniferanderson0225@gmail.com,506.662.0399,Owner,,,,,web_form,2023-12-16,jennifer,anderson,jenniferanderson0225@gmail.com,+15066620399,,jenniferanderson0225@gmail.com,+15066620399,jA536,aJ516,,,,,,
C00067,A00076,Yuki,Lopez,yuki.lopez@harborpointlandscaping.com,+1 479 457 1674,Owner,7915 Park Avenue,Chicago,IL,60622,billing,2025-12-04,yuki,lopez,yuki.lopez@harborpointlandscaping.com,+14794571674,7915 park ave,yuki.lopez@harborpointlandscaping.com,+14794571674,yL120,lY200,yL120|harborpointlandscaping.com,yL120|7915|park|606,lY200yL120|harborpointlandscaping.com,A00076,lY200yL120|A00076,yL120|A00076
C00068,A00030,Nathan,Brown,nathan.brown@meridianlandscaping.com,963-811-5962,Office Manager,,,,,crm,2025-05-24,nathan,brown,nathan.brown@meridianlandscaping.com,+19638115962,,nathan.brown@meridianlandscaping.com,+19638115962,nB650,bN350,nB650|meridianlandscaping.com,,bN350nB650|meridianlandscaping.com,A00030,bN350nB650|A00030,nB650|A00030
C00069,A00101,Richard,Jackson,richard.jackson@silvercreekinsurance.com,490-540-9879,VP Sales,346 Hill Avenue,Boston,MA,02122,billing,2023-10-04,richard,jackson,richard.jackson@silvercreekinsurance.com,+14905409879,346 hill ave,richard.jackson@silvercreekinsurance.com,+14905409879,rJ250,jR263,rJ250|silvercreekinsurance.com,rJ250|346|hill|021,jR263rJ250|silvercreekinsurance.com,A00101,jR263rJ250|A00101,rJ250|A00101
C00070,A00148,Marcus,Harris,marcus.harris@copperhillstaffing.com,(326) 485-2641,CFO,,,,,billing,2023-04-14,marcus,harris,marcus.harris@copperhillstaffing.com,+13264852641,,marcus.harris@copperhillstaffing.com,+13264852641,mH620,hM622,mH620|copperhillstaffing.com,,hM622mH620|copperhillstaffing.com,A00148,hM622mH620|A00148,mH620|A00148
C00071,,Patricia,Lewis,patricialewis0239@gmail.com,600-996-6995,Owner,,,,,crm,2022-06-09,patricia,lewis,patricialewis0239@gmail.com,+16009966995,,patricialewis0239@gmail.com,+16009966995,pL200,lP362,,,,,,
C00072,A00155,Susan,Lopez,susan.lopez@cedarbakery.com,(473) 774-4976,Purchasing Agent,,,,,crm,2025-12-18,susan,lopez,susan.lopez@cedarbakery.com,+14737744976,,susan.lopez@cedarbakery.com,+14737744976,sL120,lS250,sL120|cedarbakery.com,,lS250sL120|cedarbakery.com,A00155,lS250sL120|A00155,sL120|A00155
C00073,A00124,Luis,Anderson,luis.anderson@evergreenlegalservices.com,728-654-3970,VP Sales,,,,,billing,2025-10-14,luis,anderson,luis.anderson@evergreenlegalservices.com,+17286543970,,luis.anderson@evergreenlegalservices.com,+17286543970,lA536,aL200,lA536|evergreenlegalservices.com,,aL200lA536|evergreenlegalservices.com,A00124,aL200lA536|A00124,lA536|A00124
C00074,A00061,Priya,Nguyen,admin@meridianlegalservices.com,+1 325 448 4125,Purchasing Agent,,,,,billing,2022-06-23,priya,nguyen,admin@meridianlegalservices.com,+13254484125,,,+13254484125,pN250,nP600,pN250|meridianlegalservices.com,,nP600pN250|meridianlegalservices.com,A00061,nP600pN250|A00061,pN250|A00061
C00075,A00089,Jennifer,Thompson,jennifer.thompson@ironwooddesign.com,(782) 254-4415,Purchasing Agent,,,,,trade_show,2024-05-13,jennifer,thompson,jennifer.thompson@ironwooddesign.com,+17822544415,,jennifer.thompson@ironwooddesign.com,+17822544415,jT512,tJ516,jT512|ironwooddesign.com,,jT512tJ516|ironwooddesign.com,A00089,jT512tJ516|A00089,jT512|A00089
C00076,A00120,Yuki,Nguyen,yuki.nguyen@falconlandscaping.com,531.433.2917,Engineer,8033 Sunset Road,Austin,TX,78712,erp,2024-09-27,yuki,nguyen,yuki.nguyen@falconlandscaping.com,+15314332917,8033 sunset rd,yuki.nguyen@falconlandscaping.com,+15314332917,yN250,nY200,yN250|falconlandscaping.com,yN250|8033|sunset|787,nY200yN250|falconlandscaping.com,A00120,nY200yN250|A00120,yN250|A00120
C00077,A00083,Omar,Smith,omar.smith@blueridgeconsulting.com,6733700491,CFO,576 Church Street,Nashville,TN,37268,crm,2026-03-02,omar,smith,omar.smith@blueridgeconsulting.com,+16733700491,576 church st,omar.smith@blueridgeconsulting.com,+16733700491,oS530,sO560,oS530|blueridgeconsulting.com,oS530|576|church|372,oS530sO560|blueridgeconsulting.com,A00083,oS530sO560|A00083,oS530|A00083
C00078,A00011,Aisha,Nguyen,aisha.nguyen@blueridgestaffing.com,+1 444 670 5568,Purchasing Agent,,,,,trade_show,2022-06-24,aisha,nguyen,aisha.nguyen@blueridgestaffing.com,+14446705568,,aisha.nguyen@blueridgestaffing.com,+14446705568,aN250,nA200,aN250|blueridgestaffing.com,,aN250nA200|blueridgestaffing.com,A00011,aN250nA200|A00011,aN250|A00011
C00079,A00153,William,Jackson,william.jackson@redwoodconsulting.com,+1 713 825 8557,Purchasing Agent,,,,,trade_show,2024-01-06,william,jackson,william.jackson@redwoodconsulting.com,+17138258557,,william.jackson@redwoodconsulting.com,+17138258557,wJ250,jW450,wJ250|redwoodconsulting.com,,jW450wJ250|redwoodconsulting.com,A00153,jW450wJ250|A00153,wJ250|A00153
C00080,A00162,Priya,Thompson,priya.thompson@keystoneinsurance.com,+1 501 921 9170,CFO,9500 Church Road,Columbus,OH,43212,erp,2026-01-11,priya,thompson,priya.thompson@keystoneinsurance.com,+15019219170,9500 church rd,priya.thompson@keystoneinsurance.com,+15019219170,pT512,tP600,pT512|keystoneinsurance.com,pT512|9500|church|432,pT512tP600|keystoneinsurance.com,A00162,pT512tP600|A00162,pT512|A00162
C00081,A00062,Thomas,Miller,,,Owner,4664 Lake Avenue,Phoenix,AZ,85050,web_form,2024-02-06,thomas,miller,,,4664 lake ave,,,tM460,mT520,,tM460|4664|lake|850,,A00062,mT520tM460|A00062,tM460|A00062
C00082,A00040,Margaret,Young,,,Director of Operations,,,,,trade_show,2025-07-29,margaret,young,,,,,,mY520,yM626,,,,A00022,mY520yM626|A00022,mY520|A00022
C00083,,William,Allen,williamallen0176@gmail.com,479.760.9284,Director of Operations,,,,,crm,2023-04-29,william,allen,williamallen0176@gmail.com,+14797609284,,williamallen0176@gmail.com,+14797609284,wA450,aW450,,,,,,
C00084,,David,Young,davidyoung0164@gmail.com,9666678023,Office Manager,,,,,crm,2023-06-05,david,young,davidyoung0164@gmail.com,+19666678023,,davidyoung0164@gmail.com,+19666678023,dY520,yD130,,,,,,
C00085,A00011,Luis,Johnson,luis.johnson@blueridgestaffing.com,+1 354 947 5865,Owner,1867 Lake Road,Seattle,WA,98175,trade_show,2022-04-08,luis,johnson,luis.johnson@blueridgestaffing.com,+13549475865,1867 lake rd,luis.johnson@blueridgestaffing.com,+13549475865,lJ525,jL200,lJ525|blueridgestaffing.com,lJ525|1867|lake|981,jL200lJ525|blueridgestaffing.com,A00011,jL200lJ525|A00011,lJ525|A00011
C00086,A00148,Hannah,Clark,hannah.clark@copperhillstaffing.com,842-772-1300,Engineer,5947 Sunset Drive,Columbus,OH,43229,trade_show,2026-05-08,hannah,clark,hannah.clark@copperhillstaffing.com,+18427721300,5947 sunset dr,hannah.clark@copperhillstaffing.com,+18427721300,hC462,cH500,hC462|copperhillstaffing.com,hC462|5947|sunset|432,cH500hC462|copperhillstaffing.com,A00148,cH500hC462|A00148,hC462|A00148
C00087,A00114,Omar,Young,omar.young@harborpointinsurance.com,+1 476 401 2420,Office Manager,5420 Maple Drive,Austin,TX,78743,crm,2022-11-03,omar,young,omar.young@harborpointinsurance.com,+14764012420,5420 maple dr,omar.young@harborpointinsurance.com,+14764012420,oY520,yO560,oY520|harborpointinsurance.com,oY520|5420|maple|787,oY520yO560|harborpointinsurance.com,A00114,oY520yO560|A00114,oY520|A00114
C00088,A00049,Joseph,Johnson,joseph.johnson@redwoodanalytics.com,811.445.1758,VP Sales,,,,,crm,2022-01-13,joseph,johnson,joseph.johnson@redwoodanalytics.com,+18114451758,,joseph.johnson@redwoodanalytics.com,+18114451758,jJ525,jJ210,jJ525|redwoodanalytics.com,,jJ210jJ525|redwoodanalytics.com,A00049,jJ210jJ525|A00049,jJ525|A00049
C00089,A00112,Jim,Hall,jim.hall@summitanalytics.com,573-737-7843,CFO,,,,,crm,2025-12-05,james,hall,jim.hall@summitanalytics.com,+15737377843,,jim.hall@summitanalytics.com,+15737377843,jH400,hJ520,jH400|summitanalytics.com,,hJ520jH400|summitanalytics.com,A00112,hJ520jH400|A00112,jH400|A00112
C00090,A00089,Sarah,Wilson,sarah.wilson@ironwooddesign.com,773.420.3522,CFO,,,,,trade_show,2025-08-13,sarah,wilson,sarah.wilson@ironwooddesign.com,+17734203522,,sarah.wilson@ironwooddesign.com,+17734203522,sW425,wS600,sW425|ironwooddesign.com,,sW425wS600|ironwooddesign.com,A00089,sW425wS600|A00089,sW425|A00089
C00091,A00128,Margaret,Smith,margaret.smith@ironwoodlandscaping.com,730.378.8371,CFO,,,,,crm,2023-09-21,margaret,smith,margaret.smith@ironwoodlandscaping.com,+17303788371,,margaret.smith@ironwoodlandscaping.com,+17303788371,mS530,sM626,mS530|ironwoodlandscaping.com,,mS530sM626|ironwoodlandscaping.com,A00128,mS530sM626|A00128,mS530|A00128
C00092,A00065,Daniel,Thompson,daniel.thompson@mapleleafdesign.com,646-493-8658,CFO,,,,,billing,2025-03-11,daniel,thompson,daniel.thompson@mapleleafdesign.com,+16464938658,,daniel.thompson@mapleleafdesign.com,+16464938658,dT512,tD540,dT512|mapleleafdesign.com,,dT512tD540|mapleleafdesign.com,A00007,dT512tD540|A00007,dT512|A00007
C00093,A00045,David,Garcia,david.garcia@brightpathroofing.com,+1 209 614 6767,VP Sales,,,,,billing,2024-09-08,david,garcia,david.garcia@brightpathroofing.com,+12096146767,,david.garcia@brightpathroofing.com,+12096146767,dG620,gD130,dG620|brightpathroofing.com,,dG620gD130|brightpathroofing.com,A00118,dG620gD130|A00118,dG620|A00118
C00094,A00062,Elizabeth,Anderson,elizabeth.anderson@atlaslegalservices.com,836.710.3648,CFO,7993 Park Boulevard,Austin,TX,78774,erp,2026-01-10,elizabeth,anderson,elizabeth.anderson@atlaslegalservices.com,+18367103648,7993 park blvd,elizabeth.anderson@atlaslegalservices.com,+18367103648,eA536,aE421,eA536|atlaslegalservices.com,eA536|7993|park|787,aE421eA536|atlaslegalservices.com,A00062,aE421eA536|A00062,eA536|A00062
C00095,A00120,Elizabeth,Harris,elizabeth.harris@falconlandscaping.com,981-668-9919,Owner,7740 Maple Drive,Austin,TX,78787,trade_show,2025-01-10,elizabeth,harris,elizabeth.harris@falconlandscaping.com,+19816689919,7740 maple dr,elizabeth.harris@falconlandscaping.com,+19816689919,eH620,hE421,eH620|falconlandscaping.com,eH620|7740|maple|787,eH620hE421|falconlandscaping.com,A00120,eH620hE421|A00120,eH620|A00120
C00096,A00001,Richard,Harris,richard.harris@redwoodconsulting.com,(581) 408-7877,CFO,9192 Main Drive,Chicago,IL,60680,web_form,2024-05-14,richard,harris,richard.harris@redwoodconsulting.com,+15814087877,9192 main dr,richard.harris@redwoodconsulting.com,+15814087877,rH620,hR263,rH620|redwoodconsulting.com,rH620|9192|main|606,hR263rH620|redwoodconsulting.com,A00001,hR263rH620|A00001,rH620|A00001
C00097,A00070,Aisha,Kim,aisha.kim@pioneerautorepair.com,9315761871,Director of Operations,,,,,web_form,2026-08-13,aisha,kim,aisha.kim@pioneerautorepair.com,+19315761871,,aisha.kim@pioneerautorepair.com,+19315761871,aK500,kA200,aK500|pioneerautorepair.com,,aK500kA200|pioneerautorepair.com,A00084,aK500kA200|A00084,aK500|A00084
C00098,A00127,Margaret,Garcia,,,VP Sales,,,,,crm,2023-04-09,margaret,garcia,,,,,,mG620,gM626,,,,A00127,gM626mG620|A00127,mG620|A00127
C00099,A00061,Hannah,Martinez,hannah.martinez@meridianlegalservices.com,785.864.9002,Office Manager,9783 Oak Boulevard,Denver,CO,80222,crm,2022-08-24,hannah,martinez,hannah.martinez@meridianlegalservices.com,+17858649002,9783 oak blvd,hannah.martinez@meridianlegalservices.com,+17858649002,hM635,mH500,hM635|meridianlegalservices.com,hM635|9783|oak|802,hM635mH500|meridianlegalservices.com,A00061,hM635mH500|A00061,hM635|A00061
C00100,A00153,William,Jackson,williamjackson0025@gmail.com,7138258557,Purchasing Agent,,,,,trade_show,2022-01-21,william,jackson,williamjackson0025@gmail.com,+17138258557,,williamjackson0025@gmail.com,+17138258557,wJ250,jW450,,,,A00153,jW450wJ250|A00153,wJ250|A00153
C00101,A00016,Carlos,Wilson,carlos.wilson@evergreenlandscaping.com,(515) 268-7889,Purchasing Agent,,,,,crm,2023-02-02,carlos,wilson,carlos.wilson@evergreenlandscaping.com,+15152687889,,carlos.wilson@evergreenlandscaping.com,+15152687889,cW425,wC642,cW425|evergreenlandscaping.com,,cW425wC642|evergreenlandscaping.com,A00016,cW425wC642|A00016,cW425|A00016
C00102,A00011,Luis,Johnson,ljohnson@blueridgestaffing.com,+1 746 426 6020,Director of Operations,,,,,trade_show,2025-06-06,luis,johnson,ljohnson@blueridgestaffing.com,+17464266020,,ljohnson@blueridgestaffing.com,+17464266020,lJ525,jL200,lJ525|blueridgestaffing.com,,jL200lJ525|blueridgestaffing.com,A00011,jL200lJ525|A00011,lJ525|A00011
C00103,,Daniel,Lewis,daniellewis0233@gmail.com,+1 766 603 5109,Director of Operations,,,,,trade_show,2023-12-06,daniel,lewis,daniellewis0233@gmail.com,+17666035109,,daniellewis0233@gmail.com,+17666035109,dL200,lD540,,,,,,
C00104,,Joseph,Brown,josephbrown0166@gmail.com,254-797-6181,Owner,,,,,web_form,2025-03-06,joseph,brown,josephbrown0166@gmail.com,+12547976181,,josephbrown0166@gmail.com,+12547976181,jB650,bJ210,,,,,,
C00105,A00107,Maria,Allen,maria.allen@summitdesign.com,(569) 724-6139,Engineer,,,,,billing,2025-12-10,maria,allen,maria.allen@summitdesign.com,+15697246139,,maria.allen@summitdesign.com,+15697246139,mA450,aM600,mA450|summitdesign.com,,aM600mA450|summitdesign.com,A00107,aM600mA450|A00107,mA450|A00107
C00106,,Deborah,Williams,deborahwilliams0232@gmail.com,(313) 338-9563,VP Sales,,,,,billing,2022-05-06,deborah,williams,deborahwilliams0232@gmail.com,+13133389563,,deborahwilliams0232@gmail.com,+13133389563,dW452,wD160,,,,,,
C00107,A00016,Carlos,Wilson,carloswilson0029@gmail.com,+1 515 268 7889,Purchasing Agent,,,,,trade_show,2023-10-27,carlos,wilson,carloswilson0029@gmail.com,+15152687889,,carloswilson0029@gmail.com,+15152687889,cW425,wC642,,,,A00016,cW425wC642|A00016,cW425|A00016
C00108,A00155,Jackson,Thmoas,,(850) 482-4078,CFO,,,,,crm,2022-03-17,jackson,thmoas,,+18504824078,,,+18504824078,jT520,tJ250,,,,A00155,jT520tJ250|A00155,jT520|A00155
C00109,A00081,Hannah,Lopez,hannah.lopez@keystoneroofing.com,6935301215,Purchasing Agent,,,,,billing,2023-05-19,hannah,lopez,hannah.lopez@keystoneroofing.com,+16935301215,,hannah.lopez@keystoneroofing.com,+16935301215,hL120,lH500,hL120|keystoneroofing.com,,hL120lH500|keystoneroofing.com,A00081,hL120lH500|A00081,hL120|A00081
C00110,,Priya,Rodriguez,priyarodriguez0129@gmail.com,733-368-1873,Office Manager,,,,,billing,2022-07-28,priya,rodriguez,priyarodriguez0129@gmail.com,+17333681873,,priyarodriguez0129@gmail.com,+17333681873,pR362,rP600,,,,,,
C00111,,Elizabeth,Lopez,elizabethlopez0197@gmail.com,+1 560 470 3847,Engineer,,,,,billing,2022-05-02,elizabeth,lopez,elizabethlopez0197@gmail.com,+15604703847,,elizabethlopez0197@gmail.com,+15604703847,eL120,lE421,,,,,,
C00112,A00050,Luis,Davis,luis.davis@sterlingdesign.com,(407) 599-6533,VP Sales,,,,,erp,2024-07-30,luis,davis,luis.davis@sterlingdesign.com,+14075996533,,luis.davis@sterlingdesign.com,+14075996533,lD120,dL200,lD120|sterlingdesign.com,,dL200lD120|sterlingdesign.com,A00100,dL200lD120|A00100,lD120|A00100
C00113,A00134,Katherine,Davis,katherine.davis@beaconsoftware.com,4425535226,Director of Operations,1994 Hill Drive,Nashville,TN,37259,erp,2023-02-13,katherine,davis,katherine.davis@beaconsoftware.com,+14425535226,1994 hill dr,katherine.davis@beaconsoftware.com,+14425535226,kD120,dK365,kD120|beaconsoftware.com,kD120|1994|hill|372,dK365kD120|beaconsoftware.com,A00134,dK365kD120|A00134,kD120|A00134
C00114,A00169,Thomas,Nguyen,,,Engineer,,,,,web_form,2022-10-24,thomas,nguyen,,,,,,tN250,nT520,,,,A00169,nT520tN250|A00169,tN250|A00169
C00115,A00059,Michael,Martinez,michael.martinez@beaconelectric.com,585-297-0460,Office Manager,,,,,crm,2025-03-06,michael,martinez,michael.martinez@beaconelectric.com,+15852970460,,michael.martinez@beaconelectric.com,+15852970460,mM635,mM240,mM635|beaconelectric.com,,mM240mM635|beaconelectric.com,A00059,mM240mM635|A00059,mM635|A00059
C00116,A00046,Aisha,Taylor,aisha.taylor@redwoodautorepair.com,255-297-6801,CFO,,,,,erp,2025-06-02,aisha,taylor,aisha.taylor@redwoodautorepair.com,+12552976801,,aisha.taylor@redwoodautorepair.com,+12552976801,aT460,tA200,aT460|redwoodautorepair.com,,aT460tA200|redwoodautorepair.com,A00046,aT460tA200|A00046,aT460|A00046
C00117,A00085,James,Harris,james.harris@evergreenlandscaping.com,589.882.0373,Purchasing Agent,660 Elm Street,Nashville,TN,37241,web_form,2022-03-27,james,harris,james.harris@evergreenlandscaping.com,+15898820373,660 elm st,james.harris@evergreenlandscaping.com,+15898820373,jH620,hJ520,jH620|evergreenlandscaping.com,jH620|660|elm|372,hJ520jH620|evergreenlandscaping.com,A00085,hJ520jH620|A00085,jH620|A00085
C00118,A00159,Thomas,Kim,thomas.kim@blueridgeautorepair.com,9707184677,CFO,,,,,erp,2022-03-08,thomas,kim,thomas.kim@blueridgeautorepair.com,+19707184677,,thomas.kim@blueridgeautorepair.com,+19707184677,tK500,kT520,tK500|blueridgeautorepair.com,,kT520tK500|blueridgeautorepair.com,A00159,kT520tK500|A00159,tK500|A00159
C00119,,Linda,Johnson,lindajohnson0238@gmail.com,507-800-9109,Purchasing Agent,,,,,crm,2023-04-03,linda,johnson,lindajohnson0238@gmail.com,+15078009109,,lindajohnson0238@gmail.com,+15078009109,lJ525,jL530,,,,,,
C00120,A00010,Katherine,Taylor,katherine.taylor@copperhillsoftware.com,519-557-6799,CFO,,,,,web_form,2025-11-17,katherine,taylor,katherine.taylor@copperhillsoftware.com,+15195576799,,katherine.taylor@copperhillsoftware.com,+15195576799,kT460,tK365,kT460|copperhillsoftware.com,,kT460tK365|copperhillsoftware.com,A00010,kT460tK365|A00010,kT460|A00010
C00121,A00132,Christopher,Miller,christopher.miller@graniteroofing.com,504.317.6273,Owner,4372 Washington Avenue,Austin,TX,78766,crm,2024-08-13,christopher,miller,christopher.miller@graniteroofing.com,+15043176273,4372 washington ave,christopher.miller@graniteroofing.com,+15043176273,cM460,mC623,cM460|graniteroofing.com,cM460|4372|washington|787,cM460mC623|graniteroofing.com,A00064,cM460mC623|A00064,cM460|A00064
C00122,A00084,Hannah,Miller,hannah.miller@pioneerautorepair.com,+1 220 369 0145,Owner,9834 Elm Street,Portland,OR,97291,trade_show,2024-06-30,hannah,miller,hannah.miller@pioneerautorepair.com,+12203690145,9834 elm st,hannah.miller@pioneerautorepair.com,+12203690145,hM460,mH500,hM460|pioneerautorepair.com,hM460|9834|elm|972,hM460mH500|pioneerautorepair.com,A00084,hM460mH500|A00084,hM460|A00084
C00123,A00137,Joe,Smith,joe.smith@silvercreekconsulting.com,201-913-1464,Director of Operations,,,,,billing,2025-04-21,joseph,smith,joe.smith@silvercreekconsulting.com,+12019131464,,joe.smith@silvercreekconsulting.com,+12019131464,jS530,sJ210,jS530|silvercreekconsulting.com,,jS530sJ210|silvercreekconsulting.com,A00137,jS530sJ210|A00137,jS530|A00137
C00124,A00165,Yuki,Lopez,,,Owner,7915 Park Avenue,Chicago,IL,60622,crm,2026-07-29,yuki,lopez,,,7915 park ave,,,yL120,lY200,,yL120|7915|park|606,,A00076,lY200yL120|A00076,yL120|A00076
C00125,A00084,Priya,Moore,priya.moore@pioneerautorepair.com,+1 461 410 1430,Office Manager,,,,,erp,2023-06-22,priya,moore,priya.moore@pioneerautorepair.com,+14614101430,,priya.moore@pioneerautorepair.com,+14614101430,pM600,mP600,pM600|pioneerautorepair.com,,mP600pM600|pioneerautorepair.com,A00084,mP600pM600|A00084,pM600|A00084
C00126,A00038,Joseph,Moore,joseph.moore@evergreenautorepair.com,+1 673 667 3035,VP Sales,,,,,trade_show,2025-12-23,joseph,moore,joseph.moore@evergreenautorepair.com,+16736673035,,joseph.moore@evergreenautorepair.com,+16736673035,jM600,mJ210,jM600|evergreenautorepair.com,,jM600mJ210|evergreenautorepair.com,A00038,jM600mJ210|A00038,jM600|A00038
C00127,A00149,Carlos,Thomas,carlos.thomas@stonebridgeautorepair.com,730.670.6797,Engineer,4968 Sunset Boulevard,Boston,MA,02118,erp,2024-06-08,carlos,thomas,carlos.thomas@stonebridgeautorepair.com,+17306706797,4968 sunset blvd,carlos.thomas@stonebridgeautorepair.com,+17306706797,cT520,tC642,cT520|stonebridgeautorepair.com,cT520|4968|sunset|021,cT520tC642|stonebridgeautorepair.com,A00161,cT520tC642|A00161,cT520|A00161
C00128,,Daniel,Thomas,danielthomas0130@gmail.com,5133793838,CFO,,,,,billing,2025-11-03,daniel,thomas,danielthomas0130@gmail.com,+15133793838,,danielthomas0130@gmail.com,+15133793838,dT520,tD540,,,,,,
C00129,A00056,Luis,Wilson,luis.wilson@beaconelectric.com,550-264-3632,Engineer,,,,,erp,2023-01-01,luis,wilson,luis.wilson@beaconelectric.com,+15502643632,,luis.wilson@beaconelectric.com,+15502643632,lW425,wL200,lW425|beaconelectric.com,,lW425wL200|beaconelectric.com,A00059,lW425wL200|A00059,lW425|A00059
C00130,A00094,K.,Martin,,,Office Manager,,,,,web_form,2024-08-02,k,martin,,,,,,kM635,mK000,,,,A00069,kM635mK000|A00069,kM635|A00069
C00131,,Yuki,Davis,yukidavis0207@gmail.com,4342427768,Director of Operations,,,,,erp,2024-12-27,yuki,davis,yukidavis0207@gmail.com,+14342427768,,yukidavis0207@gmail.com,+14342427768,yD120,dY200,,,,,,
C00132,A00128,Priya,Allen,priya.allen@ironwoodlandscaping.com,735.452.5441,Purchasing Agent,,,,,erp,2023-06-02,priya,allen,priya.allen@ironwoodlandscaping.com,+17354525441,,priya.allen@ironwoodlandscaping.com,+17354525441,pA450,aP600,pA450|ironwoodlandscaping.com,,aP600pA450|ironwoodlandscaping.com,A00128,aP600pA450|A00128,pA450|A00128
C00133,A00001,Sarah,Young,syoung@redwoodconsulting.com,(359) 395-7787,Owner,632 Washington Drive,Boston,MA,02143,trade_show,2026-01-15,sarah,young,syoung@redwoodconsulting.com,+13593957787,632 washington dr,syoung@redwoodconsulting.com,+13593957787,sY520,yS600,sY520|redwoodconsulting.com,sY520|632|washington|021,sY520yS600|redwoodconsulting.com,A00001,sY520yS600|A00001,sY520|A00001
C00134,A00089,Sarah,Wilson,swilson@ironwooddesign.com,266.955.5189,Office Manager,,,,,erp,2024-12-07,sarah,wilson,swilson@ironwooddesign.com,+12669555189,,swilson@ironwooddesign.com,+12669555189,sW425,wS600,sW425|ironwooddesign.com,,sW425wS600|ironwooddesign.com,A00089,sW425wS600|A00089,sW425|A00089
C00135,A00164,Patricia,Lewis,patricia.lewis@riverbendplumbing.com,+1 600 996 6995,Owner,,,,,crm,2022-11-20,patricia,lewis,patricia.lewis@riverbendplumbing.com,+16009966995,,patricia.lewis@riverbendplumbing.com,+16009966995,pL200,lP362,pL200|riverbendplumbing.com,,lP362pL200|riverbendplumbing.com,A00005,lP362pL200|A00005,pL200|A00005
C00136,A00096,Luis,Davis,,,VP Sales,,,,,erp,2025-08-26,luis,davis,,,,,,lD120,dL200,,,,A00100,dL200lD120|A00100,lD120|A00100
C00137,A00072,Kevin,Hall,kevin.hall@harborpointroofing.com,329-761-5378,Director of Operations,,,,,web_form,2024-09-08,kevin,hall,kevin.hall@harborpointroofing.com,+13297615378,,kevin.hall@harborpointroofing.com,+13297615378,kH400,hK150,kH400|harborpointroofing.com,,hK150kH400|harborpointroofing.com,A00072,hK150kH400|A00072,kH400|A00072
C00138,A00069,Katherine,Martin,katherine.martin@sterlinganalytics.com,+1 418 356 4086,Office Manager,,,,,crm,2026-07-29,katherine,martin,katherine.martin@sterlinganalytics.com,+14183564086,,katherine.martin@sterlinganalytics.com,+14183564086,kM635,mK365,kM635|sterlinganalytics.com,,kM635mK365|sterlinganalytics.com,A00069,kM635mK365|A00069,kM635|A00069
C00139,,Omar,Thompson,omarthompson0237@gmail.com,+1 279 386 2597,Purchasing Agent,,,,,erp,2026-03-18,omar,thompson,omarthompson0237@gmail.com,+12793862597,,omarthompson0237@gmail.com,+12793862597,oT512,tO560,,,,,,
C00140,A00106,Olivia,Clark,olivia.clark@keystoneplumbing.com,248-831-3823,Owner,6977 Lake Avenue,Portland,OR,97249,crm,2025-05-05,olivia,clark,olivia.clark@keystoneplumbing.com,+12488313823,6977 lake ave,olivia.clark@keystoneplumbing.com,+12488313823,oC462,cO410,oC462|keystoneplumbing.com,oC462|6977|lake|972,cO410oC462|keystoneplumbing.com,A00106,cO410oC462|A00106,oC462|A00106
C00141,A00120,Liz,Harris,liz.harris@falconlandscaping.com,(981) 668-9919,Owner,7740 Maple Drive,Austin,TX,78787,billing,2025-11-01,elizabeth,harris,liz.harris@falconlandscaping.com,+19816689919,7740 maple dr,liz.harris@falconlandscaping.com,+19816689919,eH620,hE421,eH620|falconlandscaping.com,eH620|7740|maple|787,eH620hE421|falconlandscaping.com,A00120,eH620hE421|A00120,eH620|A00120
C00142,A00047,Thomas,Miller,thomas.miller@atlaslegalservices.com,6049129848,Owner,4664 Lake Avenue,Phoenix,AZ,85050,erp,2024-07-04,thomas,miller,thomas.miller@atlaslegalservices.com,+16049129848,4664 lake ave,thomas.miller@atlaslegalservices.com,+16049129848,tM460,mT520,tM460|atlaslegalservices.com,tM460|4664|lake|850,mT520tM460|atlaslegalservices.com,A00062,mT520tM460|A00062,tM460|A00062
C00143,A00113,Omar,Taylor,omar.taylor@harborpointdesign.com,+1 442 818 5966,VP Sales,,,,,billing,2025-06-01,omar,taylor,omar.taylor@harborpointdesign.com,+14428185966,,omar.taylor@harborpointdesign.com,+14428185966,oT460,tO560,oT460|harborpointdesign.com,,oT460tO560|harborpointdesign.com,A00113,oT460tO560|A00113,oT460|A00113
C00144,A00036,Garcia,Jenniifer,,697-805-8990,VP Sales,,,,,web_form,2024-11-12,garcia,jenniifer,,+16978058990,,,+16978058990,gJ516,jG620,,,,A00036,gJ516jG620|A00036,gJ516|A00036
C00145,A00023,James,Kim,james.kim@evergreeninsurance.com,220-816-1695,VP Sales,8208 Washington Drive,Portland,OR,97235,crm,2024-01-14,james,kim,james.kim@evergreeninsurance.com,+12208161695,8208 washington dr,james.kim@evergreeninsurance.com,+12208161695,jK500,kJ520,jK500|evergreeninsurance.com,jK500|8208|washington|972,jK500kJ520|evergreeninsurance.com,A00023,jK500kJ520|A00023,jK500|A00023
C00146,,Patricia,White,patriciawhite0041@gmail.com,5632145581,CFO,,,,,web_form,2023-01-19,patricia,white,patriciawhite0041@gmail.com,+15632145581,,patriciawhite0041@gmail.com,+15632145581,pW300,wP362,,,,,,
C00147,A00049,Maria,Johnson,maria.johnson@redwoodanalytics.com,(329) 325-0428,Office Manager,,,,,trade_show,2026-05-22,maria,johnson,maria.johnson@redwoodanalytics.com,+13293250428,,maria.johnson@redwoodanalytics.com,+13293250428,mJ525,jM600,mJ525|redwoodanalytics.com,,jM600mJ525|redwoodanalytics.com,A00049,jM600mJ525|A00049,mJ525|A00049
C00148,A00136,Grace,Davis,grace.davis@evergreenplumbing.com,650.298.6681,CFO,,,,,web_form,2026-07-08,grace,davis,grace.davis@evergreenplumbing.com,+16502986681,,grace.davis@evergreenplumbing.com,+16502986681,gD120,dG620,gD120|evergreenplumbing.com,,dG620gD120|evergreenplumbing.com,A00074,dG620gD120|A00074,gD120|A00074
C00149,A00055,Aisha,Moore,aisha.moore@brightpathlegalservices.com,+1 386 513 0158,Owner,,,,,web_form,2026-02-16,aisha,moore,aisha.moore@brightpathlegalservices.com,+13865130158,,aisha.moore@brightpathlegalservices.com,+13865130158,aM600,mA200,aM600|brightpathlegalservices.com,,aM600mA200|brightpathlegalservices.com,A00088,aM600mA200|A00088,aM600|A00088
C00150,A00014,Anthony,Lewis,anthony.lewis@evergreendesign.com,(611) 841-5030,Owner,,,,,trade_show,2024-06-07,anthony,lewis,anthony.lewis@evergreendesign.com,+16118415030,,anthony.lewis@evergreendesign.com,+16118415030,aL200,lA535,aL200|evergreendesign.com,,aL200lA535|evergreendesign.com,A00014,aL200lA535|A00014,aL200|A00014
C00151,A00114,Kevin,Miller,kevin.miller@harborpointinsurance.com,325-988-9029,CFO,5928 Maple Boulevard,Portland,OR,97202,web_form,2026-03-04,kevin,miller,kevin.miller@harborpointinsurance.com,+13259889029,5928 maple blvd,kevin.miller@harborpointinsurance.com,+13259889029,kM460,mK150,kM460|harborpointinsurance.com,kM460|5928|maple|972,kM460mK150|harborpointinsurance.com,A00114,kM460mK150|A00114,kM460|A00114
C00152,,Hannah,Thomas,hannahthomas0139@gmail.com,2434734491,Purchasing Agent,,,,,trade_show,2022-11-05,hannah,thomas,hannahthomas0139@gmail.com,+12434734491,,hannahthomas0139@gmail.com,+12434734491,hT520,tH500,,,,,,
C00153,A00128,Aisha,Hall,aisha.hall@ironwoodlandscaping.com,560.525.0381,VP Sales,,,,,trade_show,2026-03-23,aisha,hall,aisha.hall@ironwoodlandscaping.com,+15605250381,,aisha.hall@ironwoodlandscaping.com,+15605250381,aH400,hA200,aH400|ironwoodlandscaping.com,,aH400hA200|ironwoodlandscaping.com,A00128,aH400hA200|A00128,aH400|A00128
C00154,A00129,Margaret,Allen,margaret.allen@redwoodstaffing.com,595-310-6709,Director of Operations,7083 Church Road,Nashville,TN,37264,billing,2022-10-06,margaret,allen,margaret.allen@redwoodstaffing.com,+15953106709,7083 church rd,margaret.allen@redwoodstaffing.com,+15953106709,mA450,aM626,mA450|redwoodstaffing.com,mA450|7083|church|372,aM626mA450|redwoodstaffing.com,A00129,aM626mA450|A00129,mA450|A00129
C00155,A00128,Priya,Allen,priya.allen@ironwoodlandscaping.com,(352) 284-1257,VP Sales,,,,,billing,2024-09-28,priya,allen,priya.allen@ironwoodlandscaping.com,+13522841257,,priya.allen@ironwoodlandscaping.com,+13522841257,pA450,aP600,pA450|ironwoodlandscaping.com,,aP600pA450|ironwoodlandscaping.com,A00128,aP600pA450|A00128,pA450|A00128
C00156,A00119,Omar,Allen,omarallen0026@gmail.com,292-497-1169,Office Manager,,,,,web_form,2024-02-14,omar,allen,omarallen0026@gmail.com,+12924971169,,omarallen0026@gmail.com,+12924971169,oA450,aO560,,,,A00119,aO560oA450|A00119,oA450|A00119
C00157,A00166,William,Rodriguez,william.rodriguez@cedarlandscaping.com,(303) 308-9278,Director of Operations,,,,,crm,2022-03-22,william,rodriguez,william.rodriguez@cedarlandscaping.com,+13033089278,,william.rodriguez@cedarlandscaping.com,+13033089278,wR362,rW450,wR362|cedarlandscaping.com,,rW450wR362|cedarlandscaping.com,A00166,rW450wR362|A00166,wR362|A00166
C00158,A00149,Jennifer,Rodriguez,jennifer.rodriguez@stonebridgeautorepair.com,614.207.4863,Director of Operations,8337 Hill Street,Boston,MA,02116,billing,2026-07-02,jennifer,rodriguez,jennifer.rodriguez@stonebridgeautorepair.com,+16142074863,8337 hill st,jennifer.rodriguez@stonebridgeautorepair.com,+16142074863,jR362,rJ516,jR362|stonebridgeautorepair.com,jR362|8337|hill|021,jR362rJ516|stonebridgeautorepair.com,A00161,jR362rJ516|A00161,jR362|A00161
C00159,A00166,Will,Rodriguez,will.rodriguez@cedarlandscaping.com,(303) 308-9278,Director of Operations,,,,,crm,2026-02-17,william,rodriguez,will.rodriguez@cedarlandscaping.com,+13033089278,,will.rodriguez@cedarlandscaping.com,+13033089278,wR362,rW450,wR362|cedarlandscaping.com,,rW450wR362|cedarlandscaping.com,A00166,rW450wR362|A00166,wR362|A00166
C00160,A00100,David,Brown,david.brown.jr@sterlingdesign.com,+1 679 564 9564,VP Sales,4722 Washington Avenue,Phoenix,AZ,85092,trade_show,2025-09-26,david,brown,david.brown.jr@sterlingdesign.com,+16795649564,4722 washington ave,david.brown.jr@sterlingdesign.com,+16795649564,dB650,bD130,dB650|sterlingdesign.com,dB650|4722|washington|850,bD130dB650|sterlingdesign.com,A00100,bD130dB650|A00100,dB650|A00100
C00161,A00097,Anthony,Miller,anthony.miller@atlasbakery.com,378-451-9831,Owner,,,,,crm,2022-09-14,anthony,miller,anthony.miller@atlasbakery.com,+13784519831,,anthony.miller@atlasbakery.com,+13784519831,aM460,mA535,aM460|atlasbakery.com,,aM460mA535|atlasbakery.com,A00127,aM460mA535|A00127,aM460|A00127
C00162,A00051,Anthony,Nguyen,anthony.nguyen@evergreenlogistics.com,7987520787,VP Sales,2598 Oak Avenue,Columbus,OH,43238,erp,2023-09-05,anthony,nguyen,anthony.nguyen@evergreenlogistics.com,+17987520787,2598 oak ave,anthony.nguyen@evergreenlogistics.com,+17987520787,aN250,nA535,aN250|evergreenlogistics.com,aN250|2598|oak|432,aN250nA535|evergreenlogistics.com,A00051,aN250nA535|A00051,aN250|A00051
C00163,A00080,Nguyen,Davvid,,(567) 973-5993,CFO,,,,,crm,2024-12-05,nguyen,davvid,,+15679735993,,,+15679735993,nD130,dN250,,,,A00080,dN250nD130|A00080,nD130|A00080
C00164,A00142,Rodriguez,Chrristopher,,328-956-6428,Engineer,,,,,trade_show,2022-07-08,rodriguez,chrristopher,,+13289566428,,,+13289566428,rC623,cR362,,,,A00052,cR362rC623|A00052,rC623|A00052
C00165,A00119,Omar,Allen,omar.allen@ironwoodsoftware.com,292.497.1169,Office Manager,,,,,web_form,2024-09-09,omar,allen,omar.allen@ironwoodsoftware.com,+12924971169,,omar.allen@ironwoodsoftware.com,+12924971169,oA450,aO560,oA450|ironwoodsoftware.com,,aO560oA450|ironwoodsoftware.com,A00119,aO560oA450|A00119,oA450|A00119
C00166,A00017,Margaret,Wilson,margaret.wilson@copperhillconsulting.com,+1 903 466 5082,VP Sales,,,,,trade_show,2026-08-06,margaret,wilson,margaret.wilson@copperhillconsulting.com,+19034665082,,margaret.wilson@copperhillconsulting.com,+19034665082,mW425,wM626,mW425|copperhillconsulting.com,,mW425wM626|copperhillconsulting.com,A00122,mW425wM626|A00122,mW425|A00122
C00167,,Sarah,Martinez,sarahmartinez0224@gmail.com,313-290-3303,Office Manager,,,,,billing,2025-04-13,sarah,martinez,sarahmartinez0224@gmail.com,+13132903303,,sarahmartinez0224@gmail.com,+13132903303,sM635,mS600,,,,,,
C00168,A00043,Kevin,Hall,kevin.hall@redwoodinsurance.com,8252274110,CFO,3730 Elm Road,Austin,TX,78729,erp,2026-04-16,kevin,hall,kevin.hall@redwoodinsurance.com,+18252274110,3730 elm rd,kevin.hall@redwoodinsurance.com,+18252274110,kH400,hK150,kH400|redwoodinsurance.com,kH400|3730|elm|787,hK150kH400|redwoodinsurance.com,A00043,hK150kH400|A00043,kH400|A00043
C00169,A00101,Richard,Jackson,richard.jackson.jr@silvercreekinsurance.com,931.938.7537,Purchasing Agent,346 Hill Avenue,Boston,MA,02122,billing,2023-10-04,richard,jackson,richard.jackson.jr@silvercreekinsurance.com,+19319387537,346 hill ave,richard.jackson.jr@silvercreekinsurance.com,+19319387537,rJ250,jR263,rJ250|silvercreekinsurance.com,rJ250|346|hill|021,jR263rJ250|silvercreekinsurance.com,A00101,jR263rJ250|A00101,rJ250|A00101
C00170,A00001,Sarah,Young,sarah.young@redwoodconsulting.com,626.981.3537,CFO,,,,,billing,2025-04-25,sarah,young,sarah.young@redwoodconsulting.com,+16269813537,,sarah.young@redwoodconsulting.com,+16269813537,sY520,yS600,sY520|redwoodconsulting.com,,sY520yS600|redwoodconsulting.com,A00001,sY520yS600|A00001,sY520|A00001
C00171,A00097,Joseph,Davis,joseph.davis@atlasbakery.com,+1 465 332 2068,Office Manager,8350 Cedar Road,Atlanta,GA,30399,erp,2024-10-01,joseph,davis,joseph.davis@atlasbakery.com,+14653322068,8350 cedar rd,joseph.davis@atlasbakery.com,+14653322068,jD120,dJ210,jD120|atlasbakery.com,jD120|8350|cedar|303,dJ210jD120|atlasbakery.com,A00127,dJ210jD120|A00127,jD120|A00127
C00172,A00140,Elizabeth,Thomas,elizabeth.thomas.jr@mapleleafbakery.com,(775) 905-0026,Purchasing Agent,9187 Maple Drive,Nashville,TN,37210,trade_show,2024-11-06,elizabeth,thomas,elizabeth.thomas.jr@mapleleafbakery.com,+17759050026,9187 maple dr,elizabeth.thomas.jr@mapleleafbakery.com,+17759050026,eT520,tE421,eT520|mapleleafbakery.com,eT520|9187|maple|372,eT520tE421|mapleleafbakery.com,A00140,eT520tE421|A00140,eT520|A00140
C00173,A00098,Katherine,Allen,katherine.allen@beaconconsulting.com,+1 294 302 3957,Owner,,,,,crm,2026-05-26,katherine,allen,katherine.allen@beaconconsulting.com,+12943023957,,katherine.allen@beaconconsulting.com,+12943023957,kA450,aK365,kA450|beaconconsulting.com,,aK365kA450|beaconconsulting.com,A00098,aK365kA450|A00098,kA450|A00098
C00174,,Anthony,Walker,,,Owner,,,,,erp,2023-07-26,anthony,walker,,,,,,aW426,wA535,,,,,,
C00175,A00043,William,Clark,william.clark@redwoodinsurance.com,(828) 537-7036,Director of Operations,,,,,crm,2026-03-06,william,clark,william.clark@redwoodinsurance.com,+18285377036,,william.clark@redwoodinsurance.com,+18285377036,wC462,cW450,wC462|redwoodinsurance.com,,cW450wC462|redwoodinsurance.com,A00043,cW450wC462|A00043,wC462|A00043
C00176,A00168,Nathan,Anderson,nathan.anderson@harborpointanalytics.com,281-448-8579,Engineer,,,,,web_form,2023-05-18,nathan,anderson,nathan.anderson@harborpointanalytics.com,+12814488579,,nathan.anderson@harborpointanalytics.com,+12814488579,nA536,aN350,nA536|harborpointanalytics.com,,aN350nA536|harborpointanalytics.com,A00168,aN350nA536|A00168,nA536|A00168
C00177,A00061,Robert,Hall,robert.hall@meridianlegalservices.com,(690) 668-8771,Engineer,,,,,crm,2023-01-20,robert,hall,robert.hall@meridianlegalservices.com,+16906688771,,robert.hall@meridianlegalservices.com,+16906688771,rH400,hR163,rH400|meridianlegalservices.com,,hR163rH400|meridianlegalservices.com,A00061,hR163rH400|A00061,rH400|A00061
C00178,A00146,Hannah,Taylor,hannah.taylor@beaconsoftware.com,(952) 885-9513,Director of Operations,7178 Oak Drive,Columbus,OH,43280,crm,2023-03-27,hannah,taylor,hannah.taylor@beaconsoftware.com,+19528859513,7178 oak dr,hannah.taylor@beaconsoftware.com,+19528859513,hT460,tH500,hT460|beaconsoftware.com,hT460|7178|oak|432,hT460tH500|beaconsoftware.com,A00134,hT460tH500|A00134,hT460|A00134
C00179,A00159,William,Williams,william.williams@blueridgeautorepair.com,6065280456,Engineer,,,,,crm,2023-01-27,william,williams,william.williams@blueridgeautorepair.com,+16065280456,,william.williams@blueridgeautorepair.com,+16065280456,wW452,wW450,wW452|blueridgeautorepair.com,,wW450wW452|blueridgeautorepair.com,A00159,wW450wW452|A00159,wW452|A00159
C00180,A00133,Sarah,Lopez,sarah.lopez@blueridgeinsurance.com,919-284-7071,Owner,6497 Cedar Boulevard,Nashville,TN,37257,trade_show,2025-04-01,sarah,lopez,sarah.lopez@blueridgeinsurance.com,+19192847071,6497 cedar blvd,sarah.lopez@blueridgeinsurance.com,+19192847071,sL120,lS600,sL120|blueridgeinsurance.com,sL120|6497|cedar|372,lS600sL120|blueridgeinsurance.com,A00133,lS600sL120|A00133,sL120|A00133
C00181,A00076,Christopher,Harris,christopher.harris@harborpointlandscaping.com,451.322.5015,Office Manager,,,,,billing,2024-10-16,christopher,harris,christopher.harris@harborpointlandscaping.com,+14513225015,,christopher.harris@harborpointlandscaping.com,+14513225015,cH620,hC623,cH620|harborpointlandscaping.com,,cH620hC623|harborpointlandscaping.com,A00076,cH620hC623|A00076,cH620|A00076
C00182,A00139,Aisha,Anderson,aishaanderson0027@gmail.com,691-434-9709,Office Manager,,,,,trade_show,2026-03-30,aisha,anderson,aishaanderson0027@gmail.com,+16914349709,,aishaanderson0027@gmail.com,+16914349709,aA536,aA200,,,,A00139,aA200aA536|A00139,aA536|A00139
C00183,A00080,Nathan,Moore,nathan.moore@keystonesoftware.com,555.598.3694,Director of Operations,,,,,erp,2022-08-27,nathan,moore,nathan.moore@keystonesoftware.com,+15555983694,,nathan.moore@keystonesoftware.com,+15555983694,nM600,mN350,nM600|keystonesoftware.com,,mN350nM600|keystonesoftware.com,A00080,mN350nM600|A00080,nM600|A00080
C00184,A00168,Deborah,Lee,deborah.lee@harborpointanalytics.com,582-932-8653,CFO,,,,,erp,2025-11-26,deborah,lee,deborah.lee@harborpointanalytics.com,+15829328653,,deborah.lee@harborpointanalytics.com,+15829328653,dL000,lD160,dL000|harborpointanalytics.com,,dL000lD160|harborpointanalytics.com,A00168,dL000lD160|A00168,dL000|A00168
C00185,A00061,David,Martin,admin@meridianlegalservices.com,509-757-0903,Office Manager,,,,,erp,2025-07-13,david,martin,admin@meridianlegalservices.com,+15097570903,,,+15097570903,dM635,mD130,dM635|meridianlegalservices.com,,dM635mD130|meridianlegalservices.com,A00061,dM635mD130|A00061,dM635|A00061
C00186,,Margaret,Allen,marcusallen0199@gmail.com,2386278396,Owner,,,,,billing,2026-02-27,margaret,allen,marcusallen0199@gmail.com,+12386278396,,marcusallen0199@gmail.com,+12386278396,mA450,aM626,,,,,,
C00187,A00001,Patricia,Walker,patricia.walker@redwoodconsulting.com,852.393.0576,Engineer,,,,,erp,2022-08-02,patricia,walker,patricia.walker@redwoodconsulting.com,+18523930576,,patricia.walker@redwoodconsulting.com,+18523930576,pW426,wP362,pW426|redwoodconsulting.com,,pW426wP362|redwoodconsulting.com,A00001,pW426wP362|A00001,pW426|A00001
C00188,A00137,Joseph,Smith,joseph.smith@silvercreekconsulting.com,+1 201 913 1464,Director of Operations,,,,,erp,2026-05-16,joseph,smith,joseph.smith@silvercreekconsulting.com,+12019131464,,joseph.smith@silvercreekconsulting.com,+12019131464,jS530,sJ210,jS530|silvercreekconsulting.com,,jS530sJ210|silvercreekconsulting.com,A00137,jS530sJ210|A00137,jS530|A00137
C00189,A00028,Chris,Rodriguez,chris.rodriguez@graniteautorepair.com,+1 866 645 1129,Director of Operations,,,,,web_form,2026-07-09,christopher,rodriguez,chris.rodriguez@graniteautorepair.com,+18666451129,,chris.rodriguez@graniteautorepair.com,+18666451129,cR362,rC623,cR362|graniteautorepair.com,,cR362rC623|graniteautorepair.com,A00028,cR362rC623|A00028,cR362|A00028
C00190,A00152,William,Jackson,support@northgateconsulting.com,489-379-0809,Owner,,,,,web_form,2023-08-06,william,jackson,support@northgateconsulting.com,+14893790809,,,+14893790809,wJ250,jW450,wJ250|northgateconsulting.com,,jW450wJ250|northgateconsulting.com,A00152,jW450wJ250|A00152,wJ250|A00152
C00191,,Patricia,White,patriciawhite0041@gmail.com,,CFO,,,,,crm,2025-10-29,patricia,white,patriciawhite0041@gmail.com,,,patriciawhite0041@gmail.com,,pW300,wP362,,,,,,
C00192,A00036,Jennifer,Garcia,jennifer.garcia@brightpathdental.com,697-805-8990,VP Sales,,,,,trade_show,2025-01-13,jennifer,garcia,jennifer.garcia@brightpathdental.com,+16978058990,,jennifer.garcia@brightpathdental.com,+16978058990,jG620,gJ516,jG620|brightpathdental.com,,gJ516jG620|brightpathdental.com,A00036,gJ516jG620|A00036,jG620|A00036
C00193,,Elizabeth,Harris,elizabethharris0223@gmail.com,(313) 290-3303,Purchasing Agent,,,,,billing,2024-09-14,elizabeth,harris,elizabethharris0223@gmail.com,+13132903303,,elizabethharris0223@gmail.com,+13132903303,eH620,hE421,,,,,,
C00194,A00047,Aisha,Lopez,aisha.lopez@atlaslegalservices.com,6182495443,Purchasing Agent,,,,,crm,2026-02-18,aisha,lopez,aisha.lopez@atlaslegalservices.com,+16182495443,,aisha.lopez@atlaslegalservices.com,+16182495443,aL120,lA200,aL120|atlaslegalservices.com,,aL120lA200|atlaslegalservices.com,A00062,aL120lA200|A00062,aL120|A00062
C00195,A00048,Christopher,Smith,christopher.smith@keystonestaffing.com,(660) 301-5665,Engineer,6502 Lake Street,Seattle,WA,98199,billing,2023-02-05,christopher,smith,christopher.smith@keystonestaffing.com,+16603015665,6502 lake st,christopher.smith@keystonestaffing.com,+16603015665,cS530,sC623,cS530|keystonestaffing.com,cS530|6502|lake|981,cS530sC623|keystonestaffing.com,A00048,cS530sC623|A00048,cS530|A00048
C00196,A00030,Nathan,Brown,nathan.brown@meridianlandscaping.com,(718) 620-7316,Engineer,,,,,web_form,2025-08-29,nathan,brown,nathan.brown@meridianlandscaping.com,+17186207316,,nathan.brown@meridianlandscaping.com,+17186207316,nB650,bN350,nB650|meridianlandscaping.com,,bN350nB650|meridianlandscaping.com,A00030,bN350nB650|A00030,nB650|A00030
C00197,A00125,Grace,Johnson,grace.johnson@keystonestaffing.com,(254) 989-4746,CFO,,,,,billing,2026-06-27,grace,johnson,grace.johnson@keystonestaffing.com,+12549894746,,grace.johnson@keystonestaffing.com,+12549894746,gJ525,jG620,gJ525|keystonestaffing.com,,gJ525jG620|keystonestaffing.com,A00125,gJ525jG620|A00125,gJ525|A00125
C00198,A00075,Jimmy,Harris,jimmy.harris@atlaselectric.com,+1 760 455 4631,VP Sales,4740 Washington Street,Austin,TX,78792,web_form,2025-06-03,james,harris,jimmy.harris@atlaselectric.com,+17604554631,4740 washington st,jimmy.harris@atlaselectric.com,+17604554631,jH620,hJ520,jH620|atlaselectric.com,jH620|4740|washington|787,hJ520jH620|atlaselectric.com,A00075,hJ520jH620|A00075,jH620|A00075
C00199,A00106,Deborah,Davis,deborah.davis@keystoneplumbing.com,8162669554,Purchasing Agent,1475 Main Drive,Nashville,TN,37257,erp,2025-03-03,deborah,davis,deborah.davis@keystoneplumbing.com,+18162669554,1475 main dr,deborah.davis@keystoneplumbing.com,+18162669554,dD120,dD160,dD120|keystoneplumbing.com,dD120|1475|main|372,dD120dD160|keystoneplumbing.com,A00106,dD120dD160|A00106,dD120|A00106
C00200,A00129,Jennifer,Harris,support@redwoodstaffing.com,644-407-5385,Owner,,,,,trade_show,2025-03-03,jennifer,harris,support@redwoodstaffing.com,+16444075385,,,+16444075385,jH620,hJ516,jH620|redwoodstaffing.com,,hJ516jH620|redwoodstaffing.com,A00129,hJ516jH620|A00129,jH620|A00129
C00201,,Olivia,Lee,olivialee0234@gmail.com,960-827-0481,Engineer,2877 LAKE BLVD,Boston,MA,02168,billing,2025-09-14,olivia,lee,olivialee0234@gmail.com,+19608270481,2877 lake blvd,olivialee0234@gmail.com,+19608270481,oL000,lO410,,oL000|2877|lake|021,,,,
C00202,,Grace,Rodriguez,gracerodriguez0043@gmail.com,+1 898 960 9692,Office Manager,,,,,erp,2024-03-07,grace,rodriguez,gracerodriguez0043@gmail.com,+18989609692,,gracerodriguez0043@gmail.com,+18989609692,gR362,rG620,,,,,,
C00203,,Patricia,Hall,patriciahall0240@gmail.com,282-441-9471,Engineer,,,,,billing,2022-01-22,patricia,hall,patriciahall0240@gmail.com,+12824419471,,patriciahall0240@gmail.com,+12824419471,pH400,hP362,,,,,,
C00204,,Joseph,Lopez,josephlopez0149@gmail.com,+1 398 662 7872,Engineer,,,,,web_form,2025-05-19,joseph,lopez,josephlopez0149@gmail.com,+13986627872,,josephlopez0149@gmail.com,+13986627872,jL120,lJ210,,,,,,
C00205,A00004,Maria,Thompson,office@keystoneautorepair.com,(939) 479-6998,Engineer,,,,,web_form,2023-01-22,maria,thompson,office@keystoneautorepair.com,+19394796998,,,+19394796998,mT512,tM600,mT512|keystoneautorepair.com,,mT512tM600|keystoneautorepair.com,A00004,mT512tM600|A00004,mT512|A00004
C00206,A00055,Grace,Wilson,grace.wilson@brightpathlegalservices.com,+1 997 417 0031,Director of Operations,,,,,billing,2024-06-16,grace,wilson,grace.wilson@brightpathlegalservices.com,+19974170031,,grace.wilson@brightpathlegalservices.com,+19974170031,gW425,wG620,gW425|brightpathlegalservices.com,,gW425wG620|brightpathlegalservices.com,A00088,gW425wG620|A00088,gW425|A00088
C00207,A00004,Maria,Wilson,maria.wilson@keystoneautorepair.com,530.418.7282,VP Sales,,,,,erp,2023-02-08,maria,wilson,maria.wilson@keystoneautorepair.com,+15304187282,,maria.wilson@keystoneautorepair.com,+15304187282,mW425,wM600,mW425|keystoneautorepair.com,,mW425wM600|keystoneautorepair.com,A00004,mW425wM600|A00004,mW425|A00004
C00208,,Marcus,Anderson,marcusanderson0125@gmail.com,(937) 828-2312,Engineer,1052 Lake Road,Portland,OR,97278,web_form,2022-04-14,marcus,anderson,marcusanderson0125@gmail.com,+19378282312,1052 lake rd,marcusanderson0125@gmail.com,+19378282312,mA536,aM622,,mA536|1052|lake|972,,,,
C00209,A00062,Aisha,Lopez,aishalopez0030@gmail.com,618-249-5443,Purchasing Agent,,,,,web_form,2025-10-03,aisha,lopez,aishalopez0030@gmail.com,+16182495443,,aishalopez0030@gmail.com,+16182495443,aL120,lA200,,,,A00062,aL120lA200|A00062,aL120|A00062
C00210,A00013,Richard,Thompson,richard.thompson@graniteroofing.com,383.878.7080,Office Manager,,,,,trade_show,2024-06-14,richard,thompson,richard.thompson@graniteroofing.com,+13838787080,,richard.thompson@graniteroofing.com,+13838787080,rT512,tR263,rT512|graniteroofing.com,,rT512tR263|graniteroofing.com,A00064,rT512tR263|A00064,rT512|A00064
C00211,A00075,Yuki,Clark,yuki.clark@atlaselectric.com,461.546.4223,CFO,,,,,crm,2025-12-25,yuki,clark,yuki.clark@atlaselectric.com,+14615464223,,yuki.clark@atlaselectric.com,+14615464223,yC462,cY200,yC462|atlaselectric.com,,cY200yC462|atlaselectric.com,A00075,cY200yC462|A00075,yC462|A00075
C00212,A00129,Michael,Allen,michael.allen@redwoodstaffing.com,(951) 530-6075,Director of Operations,7083 Church Road,Nashville,TN,37264,billing,2022-10-06,michael,allen,michael.allen@redwoodstaffing.com,+19515306075,7083 church rd,michael.allen@redwoodstaffing.com,+19515306075,mA450,aM240,mA450|redwoodstaffing.com,mA450|7083|church|372,aM240mA450|redwoodstaffing.com,A00129,aM240mA450|A00129,mA450|A00129
C00213,A00049,Michael,Smith,michael.smith@redwoodanalytics.com,8352359952,Engineer,364 Cedar Drive,Boston,MA,02149,crm,2022-09-30,michael,smith,michael.smith@redwoodanalytics.com,+18352359952,364 cedar dr,michael.smith@redwoodanalytics.com,+18352359952,mS530,sM240,mS530|redwoodanalytics.com,mS530|364|cedar|021,mS530sM240|redwoodanalytics.com,A00049,mS530sM240|A00049,mS530|A00049
C00214,A00146,Christopher,White,,,Office Manager,,,,,trade_show,2026-07-16,christopher,white,,,,,,cW300,wC623,,,,A00134,cW300wC623|A00134,cW300|A00134
C00215,A00070,Miller,Hannh,,+1 220 369 0145,Owner,9834 Elm Street,Portland,OR,97291,crm,2026-05-06,miller,hannh,,+12203690145,9834 elm st,,+12203690145,mH500,hM460,,mH500|9834|elm|972,,A00084,hM460mH500|A00084,mH500|A00084
C00216,,Anthony,Walker,,(892) 655-4445,Owner,,,,,crm,2026-03-06,anthony,walker,,+18926554445,,,+18926554445,aW426,wA535,,,,,,
C00217,,Robert,Brown,robertbrown0203@gmail.com,+1 528 281 0101,Purchasing Agent,,,,,web_form,2024-03-02,robert,brown,robertbrown0203@gmail.com,+15282810101,,robertbrown0203@gmail.com,+15282810101,rB650,bR163,,,,,,
C00218,A00165,David,Martinez,,,CFO,,,,,web_form,2023-01-04,david,martinez,,,,,,dM635,mD130,,,,A00076,dM635mD130|A00076,dM635|A00076
C00219,A00155,Thomas,Jackson,thomas.jackson@cedarbakery.com,8504824078,CFO,,,,,billing,2026-03-25,thomas,jackson,thomas.jackson@cedarbakery.com,+18504824078,,thomas.jackson@cedarbakery.com,+18504824078,tJ250,jT520,tJ250|cedarbakery.com,,jT520tJ250|cedarbakery.com,A00155,jT520tJ250|A00155,tJ250|A00155
C00220,A00023,Jim,Kim,jim.kim@evergreeninsurance.com,220.816.1695,VP Sales,8208 Washington Drive,Portland,OR,97235,billing,2023-07-05,james,kim,jim.kim@evergreeninsurance.com,+12208161695,8208 washington dr,jim.kim@evergreeninsurance.com,+12208161695,jK500,kJ520,jK500|evergreeninsurance.com,jK500|8208|washington|972,jK500kJ520|evergreeninsurance.com,A00023,jK500kJ520|A00023,jK500|A00023
C00221,A00052,Christopher,Rodriguez,christopher.rodriguez@evergreendental.com,+1 328 956 6428,Engineer,,,,,trade_show,2025-03-24,christopher,rodriguez,christopher.rodriguez@evergreendental.com,+13289566428,,christopher.rodriguez@evergreendental.com,+13289566428,cR362,rC623,cR362|evergreendental.com,,cR362rC623|evergreendental.com,A00052,cR362rC623|A00052,cR362|A00052
C00222,A00038,Sarah,Lewis,sarah.lewis@evergreenautorepair.com,909.786.2095,Purchasing Agent,3914 Elm Avenue,Portland,OR,97229,billing,2023-05-31,sarah,lewis,sarah.lewis@evergreenautorepair.com,+19097862095,3914 elm ave,sarah.lewis@evergreenautorepair.com,+19097862095,sL200,lS600,sL200|evergreenautorepair.com,sL200|3914|elm|972,lS600sL200|evergreenautorepair.com,A00038,lS600sL200|A00038,sL200|A00038
C00223,A00065,Daniel,Thompson,danielthompson0028@gmail.com,6464938658,CFO,,,,,erp,2024-09-26,daniel,thompson,danielthompson0028@gmail.com,+16464938658,,danielthompson0028@gmail.com,+16464938658,dT512,tD540,,,,A00007,dT512tD540|A00007,dT512|A00007
C00224,A00076,David,Martinez,david.martinez@harborpointlandscaping.com,309.785.8732,CFO,,,,,web_form,2026-02-06,david,martinez,david.martinez@harborpointlandscaping.com,+13097858732,,david.martinez@harborpointlandscaping.com,+13097858732,dM635,mD130,dM635|harborpointlandscaping.com,,dM635mD130|harborpointlandscaping.com,A00076,dM635mD130|A00076,dM635|A00076
C00225,A00019,Nathan,Smith,nathan.smith@evergreenlandscaping.com,5467903374,Engineer,,,,,crm,2023-01-02,nathan,smith,nathan.smith@evergreenlandscaping.com,+15467903374,,nathan.smith@evergreenlandscaping.com,+15467903374,nS530,sN350,nS530|evergreenlandscaping.com,,nS530sN350|evergreenlandscaping.com,A00019,nS530sN350|A00019,nS530|A00019
C00226,A00024,Nathan,Hall,admin@cedarlegalservices.com,,CFO,,,,,erp,2026-01-29,nathan,hall,admin@cedarlegalservices.com,,,,,nH400,hN350,nH400|cedarlegalservices.com,,hN350nH400|cedarlegalservices.com,A00024,hN350nH400|A00024,nH400|A00024
C00227,A00168,Anthony,Lewis,info@harborpointanalytics.com,8823345104,CFO,7919 Park Avenue,Phoenix,AZ,85064,erp,2022-02-21,anthony,lewis,info@harborpointanalytics.com,+18823345104,7919 park ave,,+18823345104,aL200,lA535,aL200|harborpointanalytics.com,aL200|7919|park|850,aL200lA535|harborpointanalytics.com,A00168,aL200lA535|A00168,aL200|A00168
C00228,,Robert,Wilson,robertwilson0201@gmail.com,+1 554 381 4427,Director of Operations,,,,,erp,2025-12-23,robert,wilson,robertwilson0201@gmail.com,+15543814427,,robertwilson0201@gmail.com,+15543814427,rW425,wR163,,,,,,
C00229,A00098,Omar,Johnson,omar.johnson@beaconconsulting.com,5122272458,Engineer,,,,,trade_show,2024-02-07,omar,johnson,omar.johnson@beaconconsulting.com,+15122272458,,omar.johnson@beaconconsulting.com,+15122272458,oJ525,jO560,oJ525|beaconconsulting.com,,jO560oJ525|beaconconsulting.com,A00098,jO560oJ525|A00098,oJ525|A00098
C00230,A00019,Grace,Kim,grace.kim@evergreenlandscaping.com,(740) 963-2943,Engineer,6332 Elm Boulevard,Denver,CO,80239,trade_show,2025-12-05,grace,kim,grace.kim@evergreenlandscaping.com,+17409632943,6332 elm blvd,grace.kim@evergreenlandscaping.com,+17409632943,gK500,kG620,gK500|evergreenlandscaping.com,gK500|6332|elm|802,gK500kG620|evergreenlandscaping.com,A00019,gK500kG620|A00019,gK500|A00019
C00231,A00028,Christopher,Rodriguez,christopher.rodriguez@graniteautorepair.com,(866) 645-1129,Director of Operations,,,,,billing,2023-10-12,christopher,rodriguez,christopher.rodriguez@graniteautorepair.com,+18666451129,,christopher.rodriguez@graniteautorepair.com,+18666451129,cR362,rC623,cR362|graniteautorepair.com,,cR362rC623|graniteautorepair.com,A00028,cR362rC623|A00028,cR362|A00028
C00232,A00089,Susan,Kim,susan.kim@ironwooddesign.com,+1 394 535 5243,Office Manager,,,,,crm,2022-05-28,susan,kim,susan.kim@ironwooddesign.com,+13945355243,,susan.kim@ironwooddesign.com,+13945355243,sK500,kS250,sK500|ironwooddesign.com,,kS250sK500|ironwooddesign.com,A00089,kS250sK500|A00089,sK500|A00089
C00233,,Hannah,Thompson,hannahthompson0228@gmail.com,2166973667,CFO,,,,,billing,2023-10-15,hannah,thompson,hannahthompson0228@gmail.com,+12166973667,,hannahthompson0228@gmail.com,+12166973667,hT512,tH500,,,,,,
C00234,A00022,William,Jackson,william.jackson@keystonedesign.com,+1 917 348 0869,Director of Operations,,,,,crm,2025-08-23,william,jackson,william.jackson@keystonedesign.com,+19173480869,,william.jackson@keystonedesign.com,+19173480869,wJ250,jW450,wJ250|keystonedesign.com,,jW450wJ250|keystonedesign.com,A00022,jW450wJ250|A00022,wJ250|A00022
C00235,A00055,Maria,Lee,maria.lee@brightpathlegalservices.com,(347) 847-5222,VP Sales,1849 Church Avenue,Seattle,WA,98147,billing,2025-10-07,maria,lee,maria.lee@brightpathlegalservices.com,+13478475222,1849 church ave,maria.lee@brightpathlegalservices.com,+13478475222,mL000,lM600,mL000|brightpathlegalservices.com,mL000|1849|church|981,lM600mL000|brightpathlegalservices.com,A00088,lM600mL000|A00088,mL000|A00088
C00236,,Hannah,Lopez,hannahlopez0235@gmail.com,+1 693 530 1215,Purchasing Agent,,,,,crm,2022-02-16,hannah,lopez,hannahlopez0235@gmail.com,+16935301215,,hannahlopez0235@gmail.com,+16935301215,hL120,lH500,,,,,,
C00237,,Maria,Wilson,robertwilson0201@gmail.com,+1 990 470 6574,Director of Operations,,,,,crm,2023-12-06,maria,wilson,robertwilson0201@gmail.com,+19904706574,,robertwilson0201@gmail.com,+19904706574,mW425,wM600,,,,,,
C00238,A00086,Richard,Williams,richard.williams@oakmontanalytics.com,(717) 358-1078,Owner,5588 Cedar Avenue,Nashville,TN,37223,web_form,2022-08-11,richard,williams,richard.williams@oakmontanalytics.com,+17173581078,5588 cedar ave,richard.williams@oakmontanalytics.com,+17173581078,rW452,wR263,rW452|oakmontanalytics.com,rW452|5588|cedar|372,rW452wR263|oakmontanalytics.com,A00086,rW452wR263|A00086,rW452|A00086
C00239,A00165,Nathan,Smith,nathan.smith@harborpointlandscaping.com,665-200-9623,Purchasing Agent,,,,,web_form,2025-11-16,nathan,smith,nathan.smith@harborpointlandscaping.com,+16652009623,,nathan.smith@harborpointlandscaping.com,+16652009623,nS530,sN350,nS530|harborpointlandscaping.com,,nS530sN350|harborpointlandscaping.com,A00076,nS530sN350|A00076,nS530|A00076
C00240,A00024,Carlos,Walker,admin@cedarlegalservices.com,335-777-1429,Office Manager,8770 Oak Road,Phoenix,AZ,85006,erp,2022-06-01,carlos,walker,admin@cedarlegalservices.com,+13357771429,8770 oak rd,,+13357771429,cW426,wC642,cW426|cedarlegalservices.com,cW426|8770|oak|850,cW426wC642|cedarlegalservices.com,A00024,cW426wC642|A00024,cW426|A00024
C00241,A00098,Katherine,Thompson,katherine.thompson@beaconconsulting.com,+1 887 561 2124,Director of Operations,,,,,erp,2025-01-10,katherine,thompson,katherine.thompson@beaconconsulting.com,+18875612124,,katherine.thompson@beaconconsulting.com,+18875612124,kT512,tK365,kT512|beaconconsulting.com,,kT512tK365|beaconconsulting.com,A00098,kT512tK365|A00098,kT512|A00098
C00242,A00123,Richard,Williams,richard.williams@stonebridgelegalservices.com,414.326.0969,Director of Operations,,,,,crm,2024-06-16,richard,williams,richard.williams@stonebridgelegalservices.com,+14143260969,,richard.williams@stonebridgelegalservices.com,+14143260969,rW452,wR263,rW452|stonebridgelegalservices.com,,rW452wR263|stonebridgelegalservices.com,A00079,rW452wR263|A00079,rW452|A00079
C00243,A00016,Linda,Martin,linda.martin@evergreenlandscaping.com,892-336-9658,Director of Operations,,,,,web_form,2026-05-01,linda,martin,linda.martin@evergreenlandscaping.com,+18923369658,,linda.martin@evergreenlandscaping.com,+18923369658,lM635,mL530,lM635|evergreenlandscaping.com,,lM635mL530|evergreenlandscaping.com,A00016,lM635mL530|A00016,lM635|A00016
C00244,,Linda,Rodriguez,lindarodriguez0222@gmail.com,(230) 278-0639,Office Manager,,,,,trade_show,2025-05-20,linda,rodriguez,lindarodriguez0222@gmail.com,+12302780639,,lindarodriguez0222@gmail.com,+12302780639,lR362,rL530,,,,,,
C00245,A00107,K.,Miller,,+1 852 253 2501,Engineer,,,,,billing,2025-08-19,k,miller,,+18522532501,,,+18522532501,kM460,mK000,,,,A00107,kM460mK000|A00107,kM460|A00107
C00246,A00027,J.,Johnson,,8114451758,VP Sales,,,,,crm,2025-11-06,j,johnson,,+18114451758,,,+18114451758,jJ525,jJ000,,,,A00027,jJ000jJ525|A00027,jJ525|A00027
C00247,A00058,Jennifer,Lopez,jennifer.lopez@atlaslandscaping.com,5562853417,CFO,6698 Main Boulevard,Nashville,TN,37248,erp,2023-07-31,jennifer,lopez,jennifer.lopez@atlaslandscaping.com,+15562853417,6698 main blvd,jennifer.lopez@atlaslandscaping.com,+15562853417,jL120,lJ516,jL120|atlaslandscaping.com,jL120|6698|main|372,jL120lJ516|atlaslandscaping.com,A00058,jL120lJ516|A00058,jL120|A00058
C00248,A00082,Yuki,Johnson,,,CFO,,,,,web_form,2025-01-05,yuki,johnson,,,,,,yJ525,jY200,,,,A00035,jY200yJ525|A00035,yJ525|A00035
C00249,A00051,Christopher,Lopez,christopher.lopez@evergreenlogistics.com,+1 842 359 9900,Purchasing Agent,7461 Cedar Street,Nashville,TN,37271,billing,2025-09-16,christopher,lopez,christopher.lopez@evergreenlogistics.com,+18423599900,7461 cedar st,christopher.lopez@evergreenlogistics.com,+18423599900,cL120,lC623,cL120|evergreenlogistics.com,cL120|7461|cedar|372,cL120lC623|evergreenlogistics.com,A00051,cL120lC623|A00051,cL120|A00051
C00250,A00011,A.,Nguyen,,+1 444 670 5568,Purchasing Agent,,,,,crm,2025-08-07,a,nguyen,,+14446705568,,,+14446705568,aN250,nA000,,,,A00011,aN250nA000|A00011,aN250|A00011
C00251,A00140,Elizabeth,Thomas,elizabeth.thomas@mapleleafbakery.com,(524) 697-0154,Office Manager,9187 Maple Drive,Nashville,TN,37210,trade_show,2024-11-06,elizabeth,thomas,elizabeth.thomas@mapleleafbakery.com,+15246970154,9187 maple dr,elizabeth.thomas@mapleleafbakery.com,+15246970154,eT520,tE421,eT520|mapleleafbakery.com,eT520|9187|maple|372,eT520tE421|mapleleafbakery.com,A00140,eT520tE421|A00140,eT520|A00140
C00252,A00134,Christopher,White,christopher.white@beaconsoftware.com,721-964-4310,Office Manager,,,,,billing,2023-12-05,christopher,white,christopher.white@beaconsoftware.com,+17219644310,,christopher.white@beaconsoftware.com,+17219644310,cW300,wC623,cW300|beaconsoftware.com,,cW300wC623|beaconsoftware.com,A00134,cW300wC623|A00134,cW300|A00134
C00253,A00055,Moore,Aisah,,3865130158,Owner,,,,,erp,2023-04-06,moore,aisah,,+13865130158,,,+13865130158,mA200,aM600,,,,A00088,aM600mA200|A00088,mA200|A00088
C00254,A00129,Katherine,Clark,support@redwoodstaffing.com,954.986.5748,Office Manager,,,,,billing,2025-08-10,katherine,clark,support@redwoodstaffing.com,+19549865748,,,+19549865748,kC462,cK365,kC462|redwoodstaffing.com,,cK365kC462|redwoodstaffing.com,A00129,cK365kC462|A00129,kC462|A00129
C00255,,Michael,Lee,michaellee0226@gmail.com,(506) 662-0399,Director of Operations,,,,,crm,2022-12-01,michael,lee,michaellee0226@gmail.com,+15066620399,,michaellee0226@gmail.com,+15066620399,mL000,lM240,,,,,,
C00256,A00018,Patricia,Jackson,patricia.jackson@riverbenddental.com,2035536340,Owner,,,,,billing,2026-06-22,patricia,jackson,patricia.jackson@riverbenddental.com,+12035536340,,patricia.jackson@riverbenddental.com,+12035536340,pJ250,jP362,pJ250|riverbenddental.com,,jP362pJ250|riverbenddental.com,A00018,jP362pJ250|A00018,pJ250|A00018
C00257,A00061,Sarah,Miller,sarah.miller@meridianlegalservices.com,+1 248 800 7896,CFO,2699 Church Avenue,Austin,TX,78788,crm,2026-05-19,sarah,miller,sarah.miller@meridianlegalservices.com,+12488007896,2699 church ave,sarah.miller@meridianlegalservices.com,+12488007896,sM460,mS600,sM460|meridianlegalservices.com,sM460|2699|church|787,mS600sM460|meridianlegalservices.com,A00061,mS600sM460|A00061,sM460|A00061
C00258,A00130,Maria,Johnson,maria.johnson@mapleleafplumbing.com,+1 881 314 3965,Purchasing Agent,3444 Church Boulevard,Atlanta,GA,30305,billing,2022-01-21,maria,johnson,maria.johnson@mapleleafplumbing.com,+18813143965,3444 church blvd,maria.johnson@mapleleafplumbing.com,+18813143965,mJ525,jM600,mJ525|mapleleafplumbing.com,mJ525|3444|church|303,jM600mJ525|mapleleafplumbing.com,A00130,jM600mJ525|A00130,mJ525|A00130
C00259,A00089,Carlos,Kim,carlos.kim@ironwooddesign.com,742-715-6295,CFO,,,,,web_form,2022-05-27,carlos,kim,carlos.kim@ironwooddesign.com,+17427156295,,carlos.kim@ironwooddesign.com,+17427156295,cK500,kC642,cK500|ironwooddesign.com,,cK500kC642|ironwooddesign.com,A00089,cK500kC642|A00089,cK500|A00089
C00260,A00017,Maggie,Wilson,maggie.wilson@copperhillconsulting.com,9034665082,VP Sales,,,,,erp,2023-11-29,margaret,wilson,maggie.wilson@copperhillconsulting.com,+19034665082,,maggie.wilson@copperhillconsulting.com,+19034665082,mW425,wM626,mW425|copperhillconsulting.com,,mW425wM626|copperhillconsulting.com,A00122,mW425wM626|A00122,mW425|A00122
C00261,A00085,Linda,Johnson,linda.johnson@evergreenlandscaping.com,+1 507 800 9109,Purchasing Agent,,,,,trade_show,2024-12-14,linda,johnson,linda.johnson@evergreenlandscaping.com,+15078009109,,linda.johnson@evergreenlandscaping.com,+15078009109,lJ525,jL530,lJ525|evergreenlandscaping.com,,jL530lJ525|evergreenlandscaping.com,A00085,jL530lJ525|A00085,lJ525|A00085
C00262,A00097,James,Davis,james.davis@atlasbakery.com,+1 872 847 1815,Office Manager,8350 Cedar Road,Atlanta,GA,30399,erp,2024-10-01,james,davis,james.davis@atlasbakery.com,+18728471815,8350 cedar rd,james.davis@atlasbakery.com,+18728471815,jD120,dJ520,jD120|atlasbakery.com,jD120|8350|cedar|303,dJ520jD120|atlasbakery.com,A00127,dJ520jD120|A00127,jD120|A00127
C00263,,Olivia,Nguyen,,9706219667,VP Sales,,,,,trade_show,2023-07-11,olivia,nguyen,,+19706219667,,,+19706219667,oN250,nO410,,,,,,
C00264,A00130,Patricia,Hall,patricia.hall@mapleleafplumbing.com,282-441-9471,Engineer,,,,,trade_show,2024-09-13,patricia,hall,patricia.hall@mapleleafplumbing.com,+12824419471,,patricia.hall@mapleleafplumbing.com,+12824419471,pH400,hP362,pH400|mapleleafplumbing.com,,hP362pH400|mapleleafplumbing.com,A00130,hP362pH400|A00130,pH400|A00130
C00265,A00062,Priya,Hall,priya.hall@atlaslegalservices.com,327-854-9830,CFO,4058 Oak Boulevard,Atlanta,GA,30351,crm,2022-10-16,priya,hall,priya.hall@atlaslegalservices.com,+13278549830,4058 oak blvd,priya.hall@atlaslegalservices.com,+13278549830,pH400,hP600,pH400|atlaslegalservices.com,pH400|4058|oak|303,hP600pH400|atlaslegalservices.com,A00062,hP600pH400|A00062,pH400|A00062
C00266,,Marcus,Allen,marcusallen0199@gmail.com,8389941329,Owner,,,,,erp,2024-06-25,marcus,allen,marcusallen0199@gmail.com,+18389941329,,marcusallen0199@gmail.com,+18389941329,mA450,aM622,,,,,,
C00267,A00138,Nguyen,Antony,,+1 798 752 0787,VP Sales,2598 Oak Avenue,Columbus,OH,43238,crm,2022-08-01,nguyen,antony,,+17987520787,2598 oak ave,,+17987520787,nA535,aN250,,nA535|2598|oak|432,,A00051,aN250nA535|A00051,nA535|A00051
C00268,A00089,Jen,Thompson,jen.thompson@ironwooddesign.com,782-254-4415,Purchasing Agent,,,,,billing,2024-08-26,jennifer,thompson,jen.thompson@ironwooddesign.com,+17822544415,,jen.thompson@ironwooddesign.com,+17822544415,jT512,tJ516,jT512|ironwooddesign.com,,jT512tJ516|ironwooddesign.com,A00089,jT512tJ516|A00089,jT512|A00089
C00269,A00039,Wei,Taylor,wei.taylor@harborpointroofing.com,297-474-5854,VP Sales,9441 Church Boulevard,Chicago,IL,60669,trade_show,2023-04-10,wei,taylor,wei.taylor@harborpointroofing.com,+12974745854,9441 church blvd,wei.taylor@harborpointroofing.com,+12974745854,wT460,tW000,wT460|harborpointroofing.com,wT460|9441|church|606,tW000wT460|harborpointroofing.com,A00072,tW000wT460|A00072,wT460|A00072
C00270,,Deborah,Johnson,deborahjohnson0230@gmail.com,811-335-2914,VP Sales,,,,,trade_show,2025-06-06,deborah,johnson,deborahjohnson0230@gmail.com,+18113352914,,deborahjohnson0230@gmail.com,+18113352914,dJ525,jD160,,,,,,
C00271,A00016,Jennifer,Hall,jennifer.hall.jr@evergreenlandscaping.com,920.416.8629,Purchasing Agent,8279 Main Drive,Nashville,TN,37201,crm,2023-12-08,jennifer,hall,jennifer.hall.jr@evergreenlandscaping.com,+19204168629,8279 main dr,jennifer.hall.jr@evergreenlandscaping.com,+19204168629,jH400,hJ516,jH400|evergreenlandscaping.com,jH400|8279|main|372,hJ516jH400|evergreenlandscaping.com,A00016,hJ516jH400|A00016,jH400|A00016
C00272,,Grace,Brown,gracebrown0044@gmail.com,307-746-1963,Engineer,,,,,trade_show,2023-10-23,grace,brown,gracebrown0044@gmail.com,+13077461963,,gracebrown0044@gmail.com,+13077461963,gB650,bG620,,,,,,
C00273,A00120,Omar,Nguyen,omar.nguyen@falconlandscaping.com,741-531-1833,Engineer,8033 Sunset Road,Austin,TX,78712,erp,2024-09-27,omar,nguyen,omar.nguyen@falconlandscaping.com,+17415311833,8033 sunset rd,omar.nguyen@falconlandscaping.com,+17415311833,oN250,nO560,oN250|falconlandscaping.com,oN250|8033|sunset|787,nO560oN250|falconlandscaping.com,A00120,nO560oN250|A00120,oN250|A00120
C00274,,Anthony,Moore,,,Purchasing Agent,,,,,billing,2025-03-13,anthony,moore,,,,,,aM600,mA535,,,,,,
C00275,A00098,Allen,Ktherine,,+1 294 302 3957,Owner,,,,,billing,2025-04-23,allen,ktherine,,+12943023957,,,+12943023957,aK365,kA450,,,,A00098,aK365kA450|A00098,aK365|A00098
C00276,A00155,Michael,Anderson,michael.anderson@cedarbakery.com,(706) 904-0390,Office Manager,6821 Sunset Street,Austin,TX,78740,crm,2026-04-21,michael,anderson,michael.anderson@cedarbakery.com,+17069040390,6821 sunset st,michael.anderson@cedarbakery.com,+17069040390,mA536,aM240,mA536|cedarbakery.com,mA536|6821|sunset|787,aM240mA536|cedarbakery.com,A00155,aM240mA536|A00155,mA536|A00155
C00277,A00138,Christopher,Davis,christopher.davis@evergreenlogistics.com,503.673.2294,Director of Operations,,,,,web_form,2024-05-10,christopher,davis,christopher.davis@evergreenlogistics.com,+15036732294,,christopher.davis@evergreenlogistics.com,+15036732294,cD120,dC623,cD120|evergreenlogistics.com,,cD120dC623|evergreenlogistics.com,A00051,cD120dC623|A00051,cD120|A00051
C00278,A00168,Omar,Smith,omar.smith@harborpointanalytics.com,335.854.4236,VP Sales,,,,,crm,2023-07-22,omar,smith,omar.smith@harborpointanalytics.com,+13358544236,,omar.smith@harborpointanalytics.com,+13358544236,oS530,sO560,oS530|harborpointanalytics.com,,oS530sO560|harborpointanalytics.com,A00168,oS530sO560|A00168,oS530|A00168
C00279,A00038,Olivia,Lee,olivia.lee@evergreenautorepair.com,370-754-3462,Office Manager,7314 Cedar Drive,Columbus,OH,43207,erp,2025-12-14,olivia,lee,olivia.lee@evergreenautorepair.com,+13707543462,7314 cedar dr,olivia.lee@evergreenautorepair.com,+13707543462,oL000,lO410,oL000|evergreenautorepair.com,oL000|7314|cedar|432,lO410oL000|evergreenautorepair.com,A00038,lO410oL000|A00038,oL000|A00038
C00280,A00080,Christopher,Hall,christopher.hall@keystonesoftware.com,7546034144,Owner,,,,,billing,2024-09-26,christopher,hall,christopher.hall@keystonesoftware.com,+17546034144,,christopher.hall@keystonesoftware.com,+17546034144,cH400,hC623,cH400|keystonesoftware.com,,cH400hC623|keystonesoftware.com,A00080,cH400hC623|A00080,cH400|A00080
C00281,A00029,Maria,Wilson,maria.wilson@beaconconsulting.com,8092564104,Purchasing Agent,5751 Washington Boulevard,Columbus,OH,43225,erp,2023-10-17,maria,wilson,maria.wilson@beaconconsulting.com,+18092564104,5751 washington blvd,maria.wilson@beaconconsulting.com,+18092564104,mW425,wM600,mW425|beaconconsulting.com,mW425|5751|washington|432,mW425wM600|beaconconsulting.com,A00029,mW425wM600|A00029,mW425|A00029
C00282,,Grace,Rodriguez,gracerodriguez0043@gmail.com,,Office Manager,,,,,erp,2022-06-21,grace,rodriguez,gracerodriguez0043@gmail.com,,,gracerodriguez0043@gmail.com,,gR362,rG620,,,,,,
C00283,A00154,Grace,Smith,grace.smith@atlaslandscaping.com,9393399201,CFO,3305 Main Drive,Phoenix,AZ,85004,trade_show,2022-04-05,grace,smith,grace.smith@atlaslandscaping.com,+19393399201,3305 main dr,grace.smith@atlaslandscaping.com,+19393399201,gS530,sG620,gS530|atlaslandscaping.com,gS530|3305|main|850,gS530sG620|atlaslandscaping.com,A00154,gS530sG620|A00154,gS530|A00154
C00284,,Hannah,Johnson,hannahjohnson0227@gmail.com,2166973667,Owner,,,,,crm,2022-10-11,hannah,johnson,hannahjohnson0227@gmail.com,+12166973667,,hannahjohnson0227@gmail.com,+12166973667,hJ525,jH500,,,,,,
C00285,,Daniel,Davis,yukidavis0207@gmail.com,(638) 898-2616,Director of Operations,,,,,web_form,2025-08-08,daniel,davis,yukidavis0207@gmail.com,+16388982616,,yukidavis0207@gmail.com,+16388982616,dD120,dD540,,,,,,
C00286,,Christopher,Thomas,christopherthomas0042@gmail.com,7108283011,VP Sales,,,,,trade_show,2023-06-08,christopher,thomas,christopherthomas0042@gmail.com,+17108283011,,christopherthomas0042@gmail.com,+17108283011,cT520,tC623,,,,,,
C00287,A00085,James,Harris,james.harris.jr@evergreenlandscaping.com,8412244477,Director of Operations,660 Elm Street,Nashville,TN,37241,web_form,2022-03-27,james,harris,james.harris.jr@evergreenlandscaping.com,+18412244477,660 elm st,james.harris.jr@evergreenlandscaping.com,+18412244477,jH620,hJ520,jH620|evergreenlandscaping.com,jH620|660|elm|372,hJ520jH620|evergreenlandscaping.com,A00085,hJ520jH620|A00085,jH620|A00085
C00288,A00124,Thomas,Thompson,thomas.thompson@evergreenlegalservices.com,(230) 957-9470,Engineer,,,,,billing,2023-10-08,thomas,thompson,thomas.thompson@evergreenlegalservices.com,+12309579470,,thomas.thompson@evergreenlegalservices.com,+12309579470,tT512,tT520,tT512|evergreenlegalservices.com,,tT512tT520|evergreenlegalservices.com,A00124,tT512tT520|A00124,tT512|A00124
C00289,,Sarah,Brown,robertbrown0203@gmail.com,+1 449 440 9644,CFO,,,,,billing,2023-04-10,sarah,brown,robertbrown0203@gmail.com,+14494409644,,robertbrown0203@gmail.com,+14494409644,sB650,bS600,,,,,,
C00290,A00146,Olivia,Lee,olivia.lee@beaconsoftware.com,+1 960 827 0481,Engineer,2877 Lake Boulevard,Boston,MA,02168,erp,2025-03-12,olivia,lee,olivia.lee@beaconsoftware.com,+19608270481,2877 lake blvd,olivia.lee@beaconsoftware.com,+19608270481,oL000,lO410,oL000|beaconsoftware.com,oL000|2877|lake|021,lO410oL000|beaconsoftware.com,A00134,lO410oL000|A00134,oL000|A00134
C00291,A00154,Grace,Smith,grace.smith.jr@atlaslandscaping.com,(643) 256-9921,Owner,3305 Main Drive,Phoenix,AZ,85004,trade_show,2022-04-05,grace,smith,grace.smith.jr@atlaslandscaping.com,+16432569921,3305 main dr,grace.smith.jr@atlaslandscaping.com,+16432569921,gS530,sG620,gS530|atlaslandscaping.com,gS530|3305|main|850,gS530sG620|atlaslandscaping.com,A00154,gS530sG620|A00154,gS530|A00154
C00292,A00064,Richard,Thompson,rthompson@graniteroofing.com,(786) 916-1772,Purchasing Agent,,,,,crm,2024-03-16,richard,thompson,rthompson@graniteroofing.com,+17869161772,,rthompson@graniteroofing.com,+17869161772,rT512,tR263,rT512|graniteroofing.com,,rT512tR263|graniteroofing.com,A00064,rT512tR263|A00064,rT512|A00064
C00293,A00165,Priya,Williams,priya.williams@harborpointlandscaping.com,2797686539,CFO,,,,,billing,2023-02-26,priya,williams,priya.williams@harborpointlandscaping.com,+12797686539,,priya.williams@harborpointlandscaping.com,+12797686539,pW452,wP600,pW452|harborpointlandscaping.com,,pW452wP600|harborpointlandscaping.com,A00076,pW452wP600|A00076,pW452|A00076
C00294,A00154,Jennifer,Lopez,,,CFO,6698 MAIN BLVD,Nashville,TN,37248,web_form,2025-10-22,jennifer,lopez,,,6698 main blvd,,,jL120,lJ516,,jL120|6698|main|372,,A00154,jL120lJ516|A00154,jL120|A00154
C00295,A00153,Linda,Wilson,linda.wilson@redwoodconsulting.com,3168277195,CFO,,,,,billing,2023-01-25,linda,wilson,linda.wilson@redwoodconsulting.com,+13168277195,,linda.wilson@redwoodconsulting.com,+13168277195,lW425,wL530,lW425|redwoodconsulting.com,,lW425wL530|redwoodconsulting.com,A00153,lW425wL530|A00153,lW425|A00153
C00296,,Grace,Anderson,graceanderson0236@gmail.com,4625474678,Purchasing Agent,,,,,web_form,2023-10-28,grace,anderson,graceanderson0236@gmail.com,+14625474678,,graceanderson0236@gmail.com,+14625474678,gA536,aG620,,,,,,
