id_a,id_b,block_keys,hard_decision,hard_rule,error,score,confidence,p_diff,p_maybe,p_same,name_same,details_conflict,lookalike,decision,rule,detail
C00002,C00222,k_name_domain+k_name_street+k_initial_acct,,,,0.5,0.25,0.62,0.27,0.11,0.42,0.68,0.41,no_match,signals_low,"-1.8 points: phone_differs -2.0, same_account +2.0, own_address_equal +1.5, details_conflict -1.4, lookalike -1.2, holistic_score -0.8, title_equal +0.5, name_same -0.5"
C00003,C00018,k_name_domain+k_name_street+k_name_swap+k_name_acct+k_initial_acct,,,,0.54,0.23,0.49,0.48,0.03,0.42,0.8,0.68,no_match,signals_low,"-3.3 points: lookalike -2.0, phone_differs -2.0, same_account +2.0, details_conflict -1.6, own_address_equal +1.5, holistic_score -0.7, name_same -0.5"
C00004,C00111,k_email,,,,1.6,0.4,0.07,0.26,0.67,0.64,0.56,0.3,review,signals_mid,"+2.2 points: email_equal +4.0, phone_differs -2.0, details_conflict -1.1, holistic_score +0.9, lookalike -0.9, name_same +0.8, title_equal +0.5"
C00006,C00295,k_initial_acct,,,,1.94,0.91,0.0,0.06,0.94,0.93,0.08,0.08,merge,signals_high,"+6.1 points: name_same +2.6, same_account +2.0, holistic_score +1.4, title_equal +0.5, lookalike -0.2, details_conflict -0.2"
C00009,C00046,k_email,,,,0.72,0.0,0.44,0.4,0.16,0.28,0.75,0.55,review,shared_identifier,"would reject (signals_low) but they share k_email. -2.9 points: email_equal +4.0, phone_differs -2.0, lookalike -1.7, details_conflict -1.5, name_same -1.3, holistic_score -0.4"
C00010,C00118,k_email+k_name_domain+k_name_street+k_name_swap+k_name_acct+k_initial_acct,merge,same_email,,,,,,,,,,merge,same_email,hard rule same_email
C00014,C00098,k_name_acct+k_initial_acct,,,,1.98,0.98,0.0,0.01,0.99,0.97,0.06,0.05,merge,signals_high,"+6.5 points: name_same +2.8, same_account +2.0, holistic_score +1.5, title_equal +0.5, lookalike -0.2, details_conflict -0.1"
C00015,C00269,k_name_domain+k_name_street+k_initial_acct,,,,0.53,0.2,0.62,0.22,0.16,0.37,0.71,0.44,no_match,signals_low,"-2.2 points: phone_differs -2.0, same_account +2.0, own_address_equal +1.5, details_conflict -1.4, lookalike -1.3, name_same -0.8, holistic_score -0.7, title_equal +0.5"
C00024,C00271,k_name_domain+k_name_street+k_name_swap+k_name_acct+k_initial_acct,,,,0.61,0.22,0.45,0.49,0.06,0.47,0.76,0.66,no_match,signals_low,"-2.8 points: phone_differs -2.0, same_account +2.0, lookalike -2.0, details_conflict -1.5, own_address_equal +1.5, holistic_score -0.6, name_same -0.2"
C00027,C00139,k_phone,,,,1.97,0.95,0.0,0.03,0.97,0.94,0.44,0.14,merge,signals_high,"+6.3 points: phone_equal +3.0, name_same +2.6, holistic_score +1.5, details_conflict -0.9, title_equal +0.5, lookalike -0.4"
C00029,C00286,k_email,merge,same_email,,,,,,,,,,merge,same_email,hard rule same_email
C00031,C00160,k_name_domain+k_name_street+k_name_swap+k_name_acct+k_initial_acct,,,,0.47,0.29,0.54,0.44,0.02,0.36,0.83,0.73,no_match,signals_low,"-4.0 points: lookalike -2.2, phone_differs -2.0, same_account +2.0, details_conflict -1.7, own_address_equal +1.5, name_same -0.8, holistic_score -0.8"
C00032,C00125,k_email+k_name_domain+k_name_street+k_name_swap+k_name_acct+k_initial_acct,merge,same_email,,,,,,,,,,merge,same_email,hard rule same_email
C00033,C00082,k_name_acct+k_initial_acct,,,,1.99,0.98,0.0,0.01,0.99,0.96,0.06,0.06,merge,signals_high,"+6.4 points: name_same +2.8, same_account +2.0, holistic_score +1.5, title_equal +0.5, lookalike -0.2, details_conflict -0.1"
C00038,C00094,k_phone+k_name_domain+k_name_street+k_name_swap+k_name_acct+k_initial_acct,,,,2.0,1.0,0.0,0.0,1.0,0.97,0.16,0.04,merge,signals_high,"+10.9 points: phone_equal +3.0, name_same +2.8, same_account +2.0, holistic_score +1.5, own_address_equal +1.5, title_equal +0.5, details_conflict -0.3, lookalike -0.1"
C00039,C00178,k_phone+k_name_street+k_initial_acct,,,,1.99,0.99,0.0,0.0,1.0,0.96,0.08,0.06,merge,signals_high,"+10.9 points: phone_equal +3.0, name_same +2.8, same_account +2.0, own_address_equal +1.5, holistic_score +1.5, title_equal +0.5, lookalike -0.2, details_conflict -0.2"
C00040,C00106,k_phone,,,,0.07,0.89,0.93,0.06,0.01,0.07,0.76,0.45,review,shared_identifier,"would reject (signals_low) but they share k_phone. -3.8 points: phone_equal +3.0, name_same -2.6, details_conflict -1.5, holistic_score -1.4, lookalike -1.4"
C00041,C00195,k_name_domain+k_name_street+k_initial_acct,,,,0.84,0.0,0.43,0.29,0.28,0.44,0.7,0.44,no_match,signals_low,"-1.3 points: phone_differs -2.0, same_account +2.0, own_address_equal +1.5, details_conflict -1.4, lookalike -1.3, title_equal +0.5, name_same -0.4, holistic_score -0.2"
C00043,C00244,k_phone,,,,0.22,0.67,0.83,0.13,0.04,0.08,0.71,0.41,review,shared_identifier,"would reject (signals_low) but they share k_phone. -3.3 points: phone_equal +3.0, name_same -2.5, details_conflict -1.4, lookalike -1.2, holistic_score -1.2"
C00044,C00182,k_phone+k_name_acct+k_initial_acct,,,,1.99,0.99,0.0,0.01,0.99,0.95,0.38,0.07,merge,signals_high,"+8.7 points: phone_equal +3.0, name_same +2.7, same_account +2.0, holistic_score +1.5, details_conflict -0.8, title_equal +0.5, lookalike -0.2"
C00049,C00248,k_name_acct+k_initial_acct,,,,1.97,0.96,0.0,0.03,0.97,0.96,0.06,0.05,merge,signals_high,"+6.4 points: name_same +2.8, same_account +2.0, holistic_score +1.5, title_equal +0.5, lookalike -0.2, details_conflict -0.1"
C00050,C00089,k_phone+k_name_domain+k_name_swap+k_name_acct+k_initial_acct,,,,2.0,0.99,0.0,0.0,1.0,0.95,0.37,0.06,merge,signals_high,"+8.8 points: phone_equal +3.0, name_same +2.7, same_account +2.0, holistic_score +1.5, details_conflict -0.7, title_equal +0.5, lookalike -0.2"
C00052,C00199,k_name_domain+k_name_street+k_name_swap+k_name_acct+k_initial_acct,,,,1.28,0.39,0.06,0.6,0.34,0.74,0.78,0.25,review,signals_mid,"+1.0 points: phone_differs -2.0, same_account +2.0, details_conflict -1.6, own_address_equal +1.5, name_same +1.4, lookalike -0.8, holistic_score +0.4"
C00054,C00121,k_email+k_name_domain+k_name_swap+k_name_acct+k_initial_acct,merge,same_email,,,,,,,,,,merge,same_email,hard rule same_email
C00055,C00103,k_phone,,,,1.96,0.93,0.0,0.04,0.96,0.93,0.45,0.13,merge,signals_high,"+6.2 points: phone_equal +3.0, name_same +2.6, holistic_score +1.4, details_conflict -0.9, title_equal +0.5, lookalike -0.4"
C00056,C00272,k_email,merge,same_email,,,,,,,,,,merge,same_email,hard rule same_email
C00057,C00296,k_phone,,,,1.93,0.89,0.0,0.07,0.93,0.93,0.36,0.16,merge,signals_high,"+6.3 points: phone_equal +3.0, name_same +2.6, holistic_score +1.4, details_conflict -0.7, title_equal +0.5, lookalike -0.5"
C00059,C00198,k_phone+k_name_domain+k_name_street+k_name_swap+k_name_acct+k_initial_acct,,,,1.97,0.96,0.0,0.02,0.98,0.92,0.51,0.1,merge,signals_high,"+9.7 points: phone_equal +3.0, name_same +2.5, same_account +2.0, own_address_equal +1.5, holistic_score +1.5, details_conflict -1.0, title_equal +0.5, lookalike -0.3"
C00060,C00099,k_email+k_name_domain+k_name_swap+k_name_acct+k_initial_acct,merge,same_email,,,,,,,,,,merge,same_email,hard rule same_email
C00061,C00163,k_phone,,,,1.55,0.32,0.03,0.4,0.57,0.8,0.74,0.23,review,signals_mid,"+2.0 points: phone_equal +3.0, different_account -2.0, name_same +1.8, details_conflict -1.5, holistic_score +0.8, lookalike -0.7, title_equal +0.5"
C00062,C00245,k_phone+k_initial_acct,,,,1.99,0.99,0.0,0.01,0.99,0.94,0.08,0.06,merge,signals_high,"+9.3 points: phone_equal +3.0, name_same +2.6, same_account +2.0, holistic_score +1.5, title_equal +0.5, lookalike -0.2, details_conflict -0.2"
C00063,C00270,k_phone,,,,0.11,0.84,0.92,0.05,0.03,0.06,0.67,0.46,review,shared_identifier,"would reject (signals_low) but they share k_phone. -3.7 points: phone_equal +3.0, name_same -2.6, lookalike -1.4, details_conflict -1.3, holistic_score -1.3"
C00066,C00255,k_phone,,,,0.19,0.71,0.85,0.11,0.04,0.08,0.67,0.51,review,shared_identifier,"would reject (signals_low) but they share k_phone. -3.6 points: phone_equal +3.0, name_same -2.5, lookalike -1.5, details_conflict -1.3, holistic_score -1.2"
C00067,C00124,k_name_street+k_name_acct+k_initial_acct,,,,1.99,0.99,0.0,0.01,0.99,0.97,0.06,0.06,merge,signals_high,"+8.0 points: name_same +2.8, same_account +2.0, own_address_equal +1.5, holistic_score +1.5, title_equal +0.5, lookalike -0.2, details_conflict -0.1"
C00068,C00196,k_email+k_name_domain+k_name_swap+k_name_acct+k_initial_acct,merge,same_email,,,,,,,,,,merge,same_email,hard rule same_email
C00069,C00169,k_name_domain+k_name_street+k_name_swap+k_name_acct+k_initial_acct,,,,0.34,0.5,0.68,0.3,0.02,0.33,0.83,0.76,no_match,signals_low,"-4.5 points: lookalike -2.3, phone_differs -2.0, same_account +2.0, details_conflict -1.7, own_address_equal +1.5, name_same -1.0, holistic_score -1.0"
C00071,C00135,k_phone,,,,1.99,0.99,0.0,0.01,0.99,0.95,0.24,0.1,merge,signals_high,"+6.9 points: phone_equal +3.0, name_same +2.7, holistic_score +1.5, title_equal +0.5, details_conflict -0.5, lookalike -0.3"
C00075,C00268,k_phone+k_name_domain+k_name_swap+k_name_acct+k_initial_acct,,,,2.0,0.99,0.0,0.0,1.0,0.96,0.33,0.06,merge,signals_high,"+8.9 points: phone_equal +3.0, name_same +2.8, same_account +2.0, holistic_score +1.5, details_conflict -0.7, title_equal +0.5, lookalike -0.2"
C00078,C00250,k_phone+k_initial_acct,,,,1.99,0.99,0.0,0.01,0.99,0.95,0.06,0.06,merge,signals_high,"+9.4 points: phone_equal +3.0, name_same +2.7, same_account +2.0, holistic_score +1.5, title_equal +0.5, lookalike -0.2, details_conflict -0.1"
C00079,C00100,k_phone+k_name_acct+k_initial_acct,,,,1.99,0.99,0.0,0.01,0.99,0.95,0.39,0.08,merge,signals_high,"+8.7 points: phone_equal +3.0, name_same +2.7, same_account +2.0, holistic_score +1.5, details_conflict -0.8, title_equal +0.5, lookalike -0.2"
C00081,C00142,k_name_street+k_name_acct+k_initial_acct,,,,2.0,1.0,0.0,0.0,1.0,0.97,0.07,0.05,merge,signals_high,"+8.0 points: name_same +2.8, same_account +2.0, holistic_score +1.5, own_address_equal +1.5, title_equal +0.5, lookalike -0.2, details_conflict -0.1"
C00085,C00102,k_name_domain+k_name_swap+k_name_acct+k_initial_acct,,,,1.57,0.36,0.01,0.41,0.58,0.78,0.72,0.16,review,signals_mid,"+0.6 points: phone_differs -2.0, same_account +2.0, name_same +1.7, details_conflict -1.4, holistic_score +0.9, lookalike -0.5"
C00088,C00246,k_phone,,,,1.39,0.37,0.01,0.58,0.41,0.69,0.67,0.3,review,signals_mid,"+1.0 points: phone_equal +3.0, different_account -2.0, details_conflict -1.3, name_same +1.1, lookalike -0.9, holistic_score +0.6, title_equal +0.5"
C00090,C00134,k_name_domain+k_name_swap+k_name_acct+k_initial_acct,,,,1.11,0.72,0.04,0.81,0.15,0.57,0.81,0.18,no_match,signals_low,"-1.6 points: phone_differs -2.0, same_account +2.0, details_conflict -1.6, lookalike -0.5, name_same +0.4, holistic_score +0.2"
C00092,C00223,k_phone+k_name_acct+k_initial_acct,,,,1.98,0.97,0.0,0.02,0.98,0.94,0.46,0.08,merge,signals_high,"+8.4 points: phone_equal +3.0, name_same +2.6, same_account +2.0, holistic_score +1.5, details_conflict -0.9, title_equal +0.5, lookalike -0.2"
C00095,C00141,k_phone+k_name_domain+k_name_street+k_name_swap+k_name_acct+k_initial_acct,,,,2.0,1.0,0.0,0.0,1.0,0.97,0.23,0.05,merge,signals_high,"+10.7 points: phone_equal +3.0, name_same +2.8, same_account +2.0, holistic_score +1.5, own_address_equal +1.5, title_equal +0.5, details_conflict -0.5, lookalike -0.2"
C00101,C00107,k_phone+k_name_acct+k_initial_acct,,,,1.99,0.99,0.0,0.01,0.99,0.95,0.36,0.07,merge,signals_high,"+8.8 points: phone_equal +3.0, name_same +2.7, same_account +2.0, holistic_score +1.5, details_conflict -0.7, title_equal +0.5, lookalike -0.2"
C00108,C00219,k_phone+k_name_acct,,,,1.95,0.93,0.01,0.02,0.97,0.92,0.18,0.08,merge,signals_high,"+8.8 points: phone_equal +3.0, name_same +2.5, same_account +2.0, holistic_score +1.4, title_equal +0.5, details_conflict -0.4, lookalike -0.2"
C00109,C00236,k_phone,,,,1.97,0.96,0.0,0.03,0.97,0.94,0.4,0.13,merge,signals_high,"+6.4 points: phone_equal +3.0, name_same +2.6, holistic_score +1.5, details_conflict -0.8, title_equal +0.5, lookalike -0.4"
C00112,C00136,k_name_acct+k_initial_acct,,,,1.98,0.97,0.0,0.02,0.98,0.96,0.06,0.06,merge,signals_high,"+6.4 points: name_same +2.8, same_account +2.0, holistic_score +1.5, title_equal +0.5, lookalike -0.2, details_conflict -0.1"
C00117,C00287,k_name_domain+k_name_street+k_name_swap+k_name_acct+k_initial_acct,,,,0.59,0.27,0.44,0.52,0.04,0.42,0.79,0.63,no_match,signals_low,"-3.1 points: phone_differs -2.0, same_account +2.0, lookalike -1.9, details_conflict -1.6, own_address_equal +1.5, holistic_score -0.6, name_same -0.5"
C00119,C00261,k_phone,,,,1.97,0.96,0.0,0.03,0.97,0.91,0.28,0.14,merge,signals_high,"+6.4 points: phone_equal +3.0, name_same +2.5, holistic_score +1.5, details_conflict -0.6, title_equal +0.5, lookalike -0.4"
C00122,C00215,k_phone+k_name_acct,,,,1.97,0.95,0.01,0.02,0.97,0.93,0.12,0.07,merge,signals_high,"+9.1 points: phone_equal +3.0, name_same +2.6, same_account +2.0, holistic_score +1.5, title_equal +0.5, details_conflict -0.2, lookalike -0.2"
C00123,C00188,k_phone+k_name_domain+k_name_swap+k_name_acct+k_initial_acct,,,,2.0,1.0,0.0,0.0,1.0,0.97,0.34,0.05,merge,signals_high,"+9.0 points: phone_equal +3.0, name_same +2.8, same_account +2.0, holistic_score +1.5, details_conflict -0.7, title_equal +0.5, lookalike -0.2"
C00130,C00138,k_initial_acct,,,,1.98,0.97,0.0,0.02,0.98,0.95,0.09,0.06,merge,signals_high,"+6.3 points: name_same +2.7, same_account +2.0, holistic_score +1.5, title_equal +0.5, details_conflict -0.2, lookalike -0.2"
C00131,C00285,k_email,,,,0.75,0.0,0.42,0.41,0.17,0.28,0.73,0.49,review,shared_identifier,"would reject (signals_low) but they share k_email. -2.1 points: email_equal +4.0, phone_differs -2.0, lookalike -1.5, details_conflict -1.5, name_same -1.3, title_equal +0.5, holistic_score -0.4"
C00132,C00155,k_email+k_name_domain+k_name_swap+k_name_acct+k_initial_acct,merge,same_email,,,,,,,,,,merge,same_email,hard rule same_email
C00133,C00170,k_name_domain+k_name_swap+k_name_acct+k_initial_acct,,,,1.46,0.28,0.01,0.52,0.47,0.76,0.76,0.15,review,signals_mid,"+0.3 points: phone_differs -2.0, same_account +2.0, name_same +1.6, details_conflict -1.5, holistic_score +0.7, lookalike -0.4"
C00144,C00192,k_phone+k_name_acct,,,,1.99,0.99,0.0,0.0,1.0,0.97,0.07,0.05,merge,signals_high,"+9.5 points: phone_equal +3.0, name_same +2.8, same_account +2.0, holistic_score +1.5, title_equal +0.5, lookalike -0.2, details_conflict -0.1"
C00145,C00220,k_phone+k_name_domain+k_name_street+k_name_swap+k_name_acct+k_initial_acct,,,,1.99,0.99,0.0,0.0,1.0,0.95,0.4,0.07,merge,signals_high,"+10.2 points: phone_equal +3.0, name_same +2.7, same_account +2.0, own_address_equal +1.5, holistic_score +1.5, details_conflict -0.8, title_equal +0.5, lookalike -0.2"
C00146,C00191,k_email,merge,same_email,,,,,,,,,,merge,same_email,hard rule same_email
C00149,C00253,k_phone+k_name_acct,,,,1.97,0.96,0.0,0.02,0.98,0.94,0.23,0.06,merge,signals_high,"+9.0 points: phone_equal +3.0, name_same +2.6, same_account +2.0, holistic_score +1.5, title_equal +0.5, details_conflict -0.5, lookalike -0.2"
C00154,C00212,k_name_domain+k_name_street+k_initial_acct,,,,0.05,0.92,0.97,0.02,0.01,0.16,0.73,0.6,no_match,signals_low,"-4.7 points: name_same -2.0, phone_differs -2.0, same_account +2.0, lookalike -1.8, own_address_equal +1.5, details_conflict -1.5, holistic_score -1.4, title_equal +0.5"
C00156,C00165,k_phone+k_name_acct+k_initial_acct,,,,2.0,1.0,0.0,0.0,1.0,0.97,0.24,0.05,merge,signals_high,"+9.2 points: phone_equal +3.0, name_same +2.8, same_account +2.0, holistic_score +1.5, title_equal +0.5, details_conflict -0.5, lookalike -0.2"
C00157,C00159,k_phone+k_name_domain+k_name_swap+k_name_acct+k_initial_acct,,,,1.99,0.99,0.0,0.0,1.0,0.95,0.36,0.08,merge,signals_high,"+8.7 points: phone_equal +3.0, name_same +2.7, same_account +2.0, holistic_score +1.5, details_conflict -0.7, title_equal +0.5, lookalike -0.2"
C00162,C00267,k_phone+k_name_acct,,,,1.97,0.95,0.01,0.02,0.97,0.94,0.23,0.07,merge,signals_high,"+8.9 points: phone_equal +3.0, name_same +2.6, same_account +2.0, holistic_score +1.5, title_equal +0.5, details_conflict -0.5, lookalike -0.2"
C00164,C00221,k_phone+k_name_acct,,,,1.99,0.98,0.0,0.01,0.99,0.96,0.11,0.06,merge,signals_high,"+9.3 points: phone_equal +3.0, name_same +2.8, same_account +2.0, holistic_score +1.5, title_equal +0.5, details_conflict -0.2, lookalike -0.2"
C00166,C00260,k_phone+k_name_domain+k_name_swap+k_name_acct+k_initial_acct,,,,1.98,0.98,0.0,0.01,0.99,0.94,0.45,0.08,merge,signals_high,"+8.5 points: phone_equal +3.0, name_same +2.6, same_account +2.0, holistic_score +1.5, details_conflict -0.9, title_equal +0.5, lookalike -0.2"
C00167,C00193,k_phone,,,,0.09,0.86,0.92,0.06,0.02,0.06,0.66,0.38,review,shared_identifier,"would reject (signals_low) but they share k_phone. -3.5 points: phone_equal +3.0, name_same -2.6, holistic_score -1.4, details_conflict -1.3, lookalike -1.1"
C00171,C00262,k_name_domain+k_name_street+k_initial_acct,,,,0.24,0.63,0.8,0.15,0.05,0.23,0.73,0.42,no_match,signals_low,"-3.5 points: phone_differs -2.0, same_account +2.0, name_same -1.6, own_address_equal +1.5, details_conflict -1.5, lookalike -1.3, holistic_score -1.1, title_equal +0.5"
C00172,C00251,k_name_domain+k_name_street+k_name_swap+k_name_acct+k_initial_acct,,,,1.21,0.39,0.1,0.59,0.31,0.72,0.76,0.29,review,signals_mid,"+0.7 points: phone_differs -2.0, same_account +2.0, details_conflict -1.5, own_address_equal +1.5, name_same +1.3, lookalike -0.9, holistic_score +0.3"
C00173,C00275,k_phone+k_name_acct,,,,1.97,0.96,0.0,0.02,0.98,0.93,0.12,0.07,merge,signals_high,"+9.1 points: phone_equal +3.0, name_same +2.6, same_account +2.0, holistic_score +1.5, title_equal +0.5, details_conflict -0.2, lookalike -0.2"
C00186,C00266,k_email,,,,1.37,0.06,0.18,0.27,0.55,0.49,0.67,0.48,review,signals_mid,"+0.2 points: email_equal +4.0, phone_differs -2.0, lookalike -1.4, details_conflict -1.3, holistic_score +0.6, title_equal +0.5, name_same -0.1"
C00189,C00231,k_phone+k_name_domain+k_name_swap+k_name_acct+k_initial_acct,,,,2.0,1.0,0.0,0.0,1.0,0.97,0.31,0.05,merge,signals_high,"+9.1 points: phone_equal +3.0, name_same +2.8, same_account +2.0, holistic_score +1.5, details_conflict -0.6, title_equal +0.5, lookalike -0.2"
C00194,C00209,k_phone+k_name_acct+k_initial_acct,,,,1.99,0.99,0.0,0.0,1.0,0.96,0.35,0.05,merge,signals_high,"+8.9 points: phone_equal +3.0, name_same +2.8, same_account +2.0, holistic_score +1.5, details_conflict -0.7, title_equal +0.5, lookalike -0.2"
C00201,C00290,k_phone+k_name_street,,,,1.99,0.98,0.0,0.01,0.99,0.95,0.33,0.09,merge,signals_high,"+8.3 points: phone_equal +3.0, name_same +2.7, own_address_equal +1.5, holistic_score +1.5, details_conflict -0.7, title_equal +0.5, lookalike -0.3"
C00202,C00282,k_email,merge,same_email,,,,,,,,,,merge,same_email,hard rule same_email
C00203,C00264,k_phone,,,,1.97,0.96,0.0,0.03,0.97,0.93,0.25,0.15,merge,signals_high,"+6.6 points: phone_equal +3.0, name_same +2.6, holistic_score +1.5, details_conflict -0.5, title_equal +0.5, lookalike -0.4"
C00210,C00292,k_name_domain+k_name_swap+k_name_acct+k_initial_acct,,,,1.39,0.39,0.01,0.59,0.4,0.72,0.74,0.16,no_match,signals_low,"-0.1 points: phone_differs -2.0, same_account +2.0, details_conflict -1.5, name_same +1.3, holistic_score +0.6, lookalike -0.5"
C00214,C00252,k_name_acct+k_initial_acct,,,,1.99,0.98,0.0,0.01,0.99,0.96,0.09,0.06,merge,signals_high,"+6.4 points: name_same +2.8, same_account +2.0, holistic_score +1.5, title_equal +0.5, details_conflict -0.2, lookalike -0.2"
C00217,C00289,k_email,,,,0.17,0.74,0.86,0.12,0.02,0.21,0.82,0.63,review,shared_identifier,"would reject (signals_low) but they share k_email. -4.5 points: email_equal +4.0, phone_differs -2.0, lookalike -1.9, name_same -1.7, details_conflict -1.6, holistic_score -1.2"
C00218,C00224,k_name_acct+k_initial_acct,,,,1.99,0.98,0.0,0.01,0.99,0.95,0.09,0.06,merge,signals_high,"+6.3 points: name_same +2.7, same_account +2.0, holistic_score +1.5, title_equal +0.5, details_conflict -0.2, lookalike -0.2"
C00228,C00237,k_email,,,,0.44,0.34,0.63,0.3,0.07,0.23,0.76,0.57,review,shared_identifier,"would reject (signals_low) but they share k_email. -3.2 points: email_equal +4.0, phone_differs -2.0, lookalike -1.7, name_same -1.6, details_conflict -1.5, holistic_score -0.8, title_equal +0.5"
C00233,C00284,k_phone,,,,1.07,0.63,0.09,0.75,0.16,0.42,0.74,0.48,review,shared_identifier,"would reject (signals_low) but they share k_phone. -0.3 points: phone_equal +3.0, details_conflict -1.5, lookalike -1.4, name_same -0.5, holistic_score +0.1"
C00247,C00294,k_name_street,,,,1.64,0.47,0.0,0.35,0.65,0.92,0.22,0.2,review,signals_mid,"+2.4 points: name_same +2.5, different_account -2.0, own_address_equal +1.5, holistic_score +1.0, lookalike -0.6, title_equal +0.5, details_conflict -0.4"
C00283,C00291,k_name_domain+k_name_street+k_name_swap+k_name_acct+k_initial_acct,,,,0.78,0.3,0.34,0.54,0.12,0.55,0.79,0.57,no_match,signals_low,"-1.8 points: phone_differs -2.0, same_account +2.0, lookalike -1.7, details_conflict -1.6, own_address_equal +1.5, holistic_score -0.3, name_same +0.3"
