golden_id,group_id,master_id,member_ids,member_count,first_name,last_name,title,address,city,state,zip,golden_account_id,primary_email,primary_phone,filled_from
C00001,CG00001,C00001,C00001,1,Olivia,Lee,CFO,,,,,A00152,olivia.lee@northgateconsulting.com,+13462800115,
C00002,CG00002,C00002,C00002,1,Susan,Lewis,Purchasing Agent,3914 Elm Avenue,Portland,OR,97229,A00038,susan.lewis@evergreenautorepair.com,+19502684627,
C00003,CG00003,C00003,C00003,1,Linda,Lopez,CFO,335 Main Boulevard,Denver,CO,80226,A00062,linda.lopez@atlaslegalservices.com,+19754629081,
C00004,CG00004,C00004,C00004,1,Olivia,Lopez,Engineer,,,,,,elizabethlopez0197@gmail.com,+18146477548,
C00005,CG00005,C00005,C00005,1,Thomas,Thompson,Office Manager,1938 Cedar Drive,Boston,MA,02155,A00126,thomas.thompson@harborpointsoftware.com,+18872230197,
C00007,CG00006,C00007,C00007,1,Elizabeth,Johnson,Owner,5661 Oak Avenue,Atlanta,GA,30373,A00113,elizabeth.johnson@harborpointdesign.com,+17699242354,
C00008,CG00007,C00008,C00008,1,Jennifer,Martinez,VP Sales,,,,,A00109,jennifer.martinez@summitdesign.com,+14906066156,
C00009,CG00008,C00009,C00009,1,Katherine,Anderson,CFO,,,,,,katherineanderson0205@gmail.com,+17765866136,
C00011,CG00009,C00011,C00011,1,Linda,Lewis,CFO,,,,,,,+13484452961,
C00012,CG00010,C00012,C00012,1,Nathan,Walker,Owner,4486 Hill Boulevard,Portland,OR,97277,A00114,nathan.walker@harborpointinsurance.com,+14249613077,
C00013,CG00011,C00013,C00013,1,William,Williams,Director of Operations,,,,,A00081,william.williams@keystoneroofing.com,+14809472957,
C00015,CG00012,C00015,C00015,1,William,Taylor,VP Sales,9441 Church Boulevard,Chicago,IL,60669,A00072,william.taylor@harborpointroofing.com,+17376887112,
C00016,CG00013,C00016,C00016,1,Joseph,Patel,Engineer,,,,,A00106,joseph.patel@keystoneplumbing.com,+18896721136,
C00017,CG00014,C00017,C00017,1,Patricia,Martin,Engineer,,,,,A00011,patricia.martin@blueridgestaffing.com,+12184828241,
C00018,CG00015,C00018,C00018,1,Linda,Lopez,Purchasing Agent,335 Main Boulevard,Denver,CO,80226,A00062,linda.lopez.jr@atlaslegalservices.com,+18225115790,
C00019,CG00016,C00019,C00019,1,Richard,Harris,CFO,8673 Cedar Drive,Chicago,IL,60685,A00048,richard.harris@keystonestaffing.com,+15156793887,
C00020,CG00017,C00020,C00020,1,Kevin,Moore,CFO,6135 Oak Boulevard,Seattle,WA,98139,A00168,kevin.moore@harborpointanalytics.com,+16604851258,
C00021,CG00018,C00021,C00021,1,Elizabeth,Johnson,Purchasing Agent,,,,,A00161,elizabeth.johnson@stonebridgeautorepair.com,+19334526244,
C00022,CG00019,C00022,C00022,1,Marcus,Lewis,Office Manager,9470 Church Road,Denver,CO,80299,A00115,marcus.lewis@mapleleafautorepair.com,+15302499188,
C00023,CG00020,C00023,C00023,1,Christopher,Hall,Purchasing Agent,,,,,A00159,christopher.hall@blueridgeautorepair.com,+16778013592,
C00024,CG00021,C00024,C00024,1,Jennifer,Hall,Owner,8279 Main Drive,Nashville,TN,37201,A00016,jennifer.hall@evergreenlandscaping.com,+17203228744,
C00025,CG00022,C00025,C00025,1,Anthony,Moore,Purchasing Agent,,,,,,,+16835677132,
C00026,CG00023,C00026,C00026,1,Linda,Lewis,CFO,,,,,,,,
C00028,CG00024,C00028,C00028,1,Anthony,Walker,Purchasing Agent,,,,,A00152,support@northgateconsulting.com,,
C00030,CG00025,C00030,C00030,1,Priya,Brown,Office Manager,,,,,A00083,priya.brown@blueridgeconsulting.com,+15336531922,
C00031,CG00026,C00031,C00031,1,David,Brown,Director of Operations,4722 Washington Avenue,Phoenix,AZ,85092,A00050,david.brown@sterlingdesign.com,+17204311316,
C00034,CG00027,C00034,C00034,1,Patricia,Wilson,Office Manager,,,,,A00001,patricia.wilson@redwoodconsulting.com,+15655035186,
C00035,CG00028,C00035,C00035,1,Wei,Thompson,CFO,,,,,A00074,wei.thompson@evergreenplumbing.com,+16047548285,
C00036,CG00029,C00036,C00036,1,Thomas,Nguyen,Engineer,,,,,A00067,thomas.nguyen@summitdental.com,+18362523191,
C00037,CG00030,C00037,C00037,1,Wei,Wilson,Owner,,,,,A00014,wei.wilson@evergreendesign.com,+12605479704,
C00040,CG00031,C00040,C00040,1,Richard,Rodriguez,Purchasing Agent,,,,,,richardrodriguez0225@gmail.com,+13133389563,
C00041,CG00032,C00041,C00041,1,Carlos,Smith,Engineer,6502 Lake Street,Seattle,WA,98199,A00048,carlos.smith@keystonestaffing.com,+18349761378,
C00042,CG00033,C00042,C00042,1,Aisha,Hall,Director of Operations,,,,,A00074,aisha.hall@evergreenplumbing.com,+16503461113,
C00043,CG00034,C00043,C00043,1,Susan,Taylor,Owner,,,,,,susantaylor0215@gmail.com,+16775804599,
C00045,CG00035,C00045,C00045,1,Maria,Allen,VP Sales,,,,,A00069,maria.allen@sterlinganalytics.com,+16685206566,
C00046,CG00036,C00046,C00046,1,Priya,Anderson,Director of Operations,,,,,,katherineanderson0205@gmail.com,+13968575941,
C00047,CG00037,C00047,C00047,1,Daniel,Johnson,VP Sales,,,,,A00168,info@harborpointanalytics.com,,
C00048,CG00038,C00048,C00048,1,Anthony,Jackson,Purchasing Agent,,,,,A00074,anthony.jackson@evergreenplumbing.com,+15238043838,
C00051,CG00039,C00051,C00051,1,Olivia,Nguyen,VP Sales,,,,,,,,
C00052,CG00040,C00052,C00052,1,Deborah,Davis,Owner,1475 Main Drive,Nashville,TN,37257,A00106,deborah.davis.jr@keystoneplumbing.com,+13982162999,
C00053,CG00041,C00053,C00053,1,James,Garcia,Owner,,,,,A00089,james.garcia@ironwooddesign.com,+17195315865,
C00058,CG00042,C00058,C00058,1,Nathan,Brown,Purchasing Agent,,,,,A00106,nathan.brown@keystoneplumbing.com,+14004905283,
C00061,CG00043,C00061,C00061,1,David,Nguyen,CFO,,,,,A00066,david.nguyen@keystonesoftware.com,+15679735993,
C00063,CG00044,C00063,C00063,1,Joseph,Martin,Owner,,,,,,josephmartin0223@gmail.com,+18113352914,
C00064,CG00045,C00064,C00064,1,Luis,Anderson,Office Manager,,,,,A00004,office@keystoneautorepair.com,,
C00065,CG00046,C00065,C00065,1,David,Thompson,Office Manager,300 Main Street,Denver,CO,80215,,davidthompson0181@gmail.com,+14719661848,
C00066,CG00047,C00066,C00066,1,Jennifer,Anderson,Owner,,,,,,jenniferanderson0219@gmail.com,+15066620399,
C00069,CG00048,C00069,C00069,1,Richard,Jackson,VP Sales,346 Hill Avenue,Boston,MA,02122,A00101,richard.jackson@silvercreekinsurance.com,+14905409879,
C00070,CG00049,C00070,C00070,1,Marcus,Harris,CFO,,,,,A00148,marcus.harris@copperhillstaffing.com,+13264852641,
C00072,CG00050,C00072,C00072,1,Susan,Lopez,Purchasing Agent,,,,,A00155,susan.lopez@cedarbakery.com,+14737744976,
C00073,CG00051,C00073,C00073,1,Luis,Anderson,VP Sales,,,,,A00124,luis.anderson@evergreenlegalservices.com,+17286543970,
C00074,CG00052,C00074,C00074,1,Priya,Nguyen,Purchasing Agent,,,,,A00061,admin@meridianlegalservices.com,+13254484125,
C00076,CG00053,C00076,C00076,1,Yuki,Nguyen,Engineer,8033 Sunset Road,Austin,TX,78712,A00120,yuki.nguyen@falconlandscaping.com,+15314332917,
C00077,CG00054,C00077,C00077,1,Omar,Smith,CFO,576 Church Street,Nashville,TN,37268,A00083,omar.smith@blueridgeconsulting.com,+16733700491,
C00080,CG00055,C00080,C00080,1,Priya,Thompson,CFO,9500 Church Road,Columbus,OH,43212,A00162,priya.thompson@keystoneinsurance.com,+15019219170,
C00033,CG00056,C00033,C00033 C00082,2,Margaret,Young,Director of Operations,,,,,A00022,margaret.young@keystonedesign.com,+13113083639,
C00083,CG00057,C00083,C00083,1,William,Allen,Director of Operations,,,,,,williamallen0176@gmail.com,+14797609284,
C00084,CG00058,C00084,C00084,1,David,Young,Office Manager,,,,,,davidyoung0164@gmail.com,+19666678023,
C00085,CG00059,C00085,C00085,1,Luis,Johnson,Owner,1867 Lake Road,Seattle,WA,98175,A00011,luis.johnson@blueridgestaffing.com,+13549475865,
C00086,CG00060,C00086,C00086,1,Hannah,Clark,Engineer,5947 Sunset Drive,Columbus,OH,43229,A00148,hannah.clark@copperhillstaffing.com,+18427721300,
C00087,CG00061,C00087,C00087,1,Omar,Young,Office Manager,5420 Maple Drive,Austin,TX,78743,A00114,omar.young@harborpointinsurance.com,+14764012420,
C00088,CG00062,C00088,C00088,1,Joseph,Johnson,VP Sales,,,,,A00049,joseph.johnson@redwoodanalytics.com,+18114451758,
C00050,CG00063,C00050,C00050 C00089,2,James,Hall,CFO,,,,,A00112,james.hall@summitanalytics.com,+15737377843,
C00090,CG00064,C00090,C00090,1,Sarah,Wilson,CFO,,,,,A00089,sarah.wilson@ironwooddesign.com,+17734203522,
C00091,CG00065,C00091,C00091,1,Margaret,Smith,CFO,,,,,A00128,margaret.smith@ironwoodlandscaping.com,+17303788371,
C00093,CG00066,C00093,C00093,1,David,Garcia,VP Sales,,,,,A00118,david.garcia@brightpathroofing.com,+12096146767,
C00094,CG00067,C00094,C00094 C00038,2,Elizabeth,Anderson,CFO,7993 Park Boulevard,Austin,TX,78774,A00062,elizabeth.anderson@atlaslegalservices.com,+18367103648,
C00096,CG00068,C00096,C00096,1,Richard,Harris,CFO,9192 Main Drive,Chicago,IL,60680,A00001,richard.harris@redwoodconsulting.com,+15814087877,
C00097,CG00069,C00097,C00097,1,Aisha,Kim,Director of Operations,,,,,A00070,aisha.kim@pioneerautorepair.com,+19315761871,
C00014,CG00070,C00014,C00014 C00098,2,Margaret,Garcia,VP Sales,,,,,A00097,margaret.garcia@atlasbakery.com,+15105875073,
C00099,CG00071,C00099,C00099 C00060,2,David,White,Owner,,,,,A00043,david.white@redwoodinsurance.com,+19606474101,
C00079,CG00072,C00079,C00079 C00100,2,William,Jackson,Purchasing Agent,,,,,A00153,william.jackson@redwoodconsulting.com,+17138258557,
C00102,CG00073,C00102,C00102,1,Luis,Johnson,Director of Operations,,,,,A00011,ljohnson@blueridgestaffing.com,+17464266020,
C00055,CG00074,C00055,C00055 C00103,2,Daniel,Lewis,Director of Operations,,,,,A00008,daniel.lewis@brightpathdental.com,+17666035109,
C00104,CG00075,C00104,C00104,1,Joseph,Brown,Owner,,,,,,josephbrown0166@gmail.com,+12547976181,
C00105,CG00076,C00105,C00105,1,Maria,Allen,Engineer,,,,,A00107,maria.allen@summitdesign.com,+15697246139,
C00106,CG00077,C00106,C00106,1,Deborah,Williams,VP Sales,,,,,,deborahwilliams0226@gmail.com,+13133389563,
C00101,CG00078,C00101,C00101 C00107,2,Carlos,Wilson,Purchasing Agent,,,,,A00016,carlos.wilson@evergreenlandscaping.com,+15152687889,
C00110,CG00079,C00110,C00110,1,Priya,Rodriguez,Office Manager,,,,,,priyarodriguez0129@gmail.com,+17333681873,
C00111,CG00080,C00111,C00111,1,Elizabeth,Lopez,Engineer,,,,,,elizabethlopez0197@gmail.com,+15604703847,
C00113,CG00081,C00113,C00113,1,Katherine,Davis,Director of Operations,1994 Hill Drive,Nashville,TN,37259,A00146,katherine.davis@beaconsoftware.com,+14425535226,
C00114,CG00082,C00114,C00114,1,Thomas,Nguyen,Engineer,,,,,A00169,,,
C00115,CG00083,C00115,C00115,1,Michael,Martinez,Office Manager,,,,,A00059,michael.martinez@beaconelectric.com,+15852970460,
C00116,CG00084,C00116,C00116,1,Aisha,Taylor,CFO,,,,,A00046,aisha.taylor@redwoodautorepair.com,+12552976801,
C00117,CG00085,C00117,C00117,1,James,Harris,Purchasing Agent,660 Elm Street,Nashville,TN,37241,A00085,james.harris@evergreenlandscaping.com,+15898820373,
C00010,CG00086,C00010,C00010 C00118,2,Maria,Patel,Engineer,4687 Lake Boulevard,Columbus,OH,43296,A00087,maria.patel@stonebridgesoftware.com,+17249092251,
C00120,CG00087,C00120,C00120,1,Katherine,Taylor,CFO,,,,,A00010,katherine.taylor@copperhillsoftware.com,+15195576799,
C00054,CG00088,C00054,C00054 C00121,2,Christopher,Miller,Office Manager,,,,,A00132,christopher.miller@graniteroofing.com,+12429087580,
C00067,CG00089,C00067,C00067 C00124,2,Yuki,Lopez,Owner,7915 Park Avenue,Chicago,IL,60622,A00076,yuki.lopez@harborpointlandscaping.com,+14794571674,
C00032,CG00090,C00032,C00032 C00125,2,Carlos,White,Owner,1056 Maple Road,Atlanta,GA,30371,A00035,carlos.white@sterlingelectric.com,+14039679962,
C00126,CG00091,C00126,C00126,1,Joseph,Moore,VP Sales,,,,,A00038,joseph.moore@evergreenautorepair.com,+16736673035,
C00127,CG00092,C00127,C00127,1,Carlos,Thomas,Engineer,4968 Sunset Boulevard,Boston,MA,02118,A00161,carlos.thomas@stonebridgeautorepair.com,+17306706797,
C00128,CG00093,C00128,C00128,1,Daniel,Thomas,CFO,,,,,,danielthomas0130@gmail.com,+15133793838,
C00129,CG00094,C00129,C00129,1,Luis,Wilson,Engineer,,,,,A00059,luis.wilson@beaconelectric.com,+15502643632,
C00131,CG00095,C00131,C00131,1,Yuki,Davis,Director of Operations,,,,,,yukidavis0207@gmail.com,+14342427768,
C00133,CG00096,C00133,C00133,1,Sarah,Young,Owner,632 Washington Drive,Boston,MA,02143,A00001,syoung@redwoodconsulting.com,+13593957787,
C00134,CG00097,C00134,C00134,1,Sarah,Wilson,Office Manager,,,,,A00089,swilson@ironwooddesign.com,+12669555189,
C00135,CG00098,C00135,C00135 C00071,2,Patricia,Lewis,Owner,,,,,A00005,patricia.lewis@riverbendplumbing.com,+16009966995,
C00136,CG00099,C00136,C00136 C00112,2,Luis,Davis,VP Sales,,,,,A00050,luis.davis@sterlingdesign.com,+14075996533,email<-C00112; phone<-C00112
C00137,CG00100,C00137,C00137,1,Kevin,Hall,Director of Operations,,,,,A00072,kevin.hall@harborpointroofing.com,+13297615378,
C00138,CG00101,C00138,C00138 C00130,2,Katherine,Martin,Office Manager,,,,,A00069,katherine.martin@sterlinganalytics.com,+14183564086,
C00139,CG00102,C00139,C00139 C00027,2,Omar,Thompson,Purchasing Agent,,,,,A00025,omarthompson0231@gmail.com,+12793862597,account<-C00027
C00140,CG00103,C00140,C00140,1,Olivia,Clark,Owner,6977 Lake Avenue,Portland,OR,97249,A00106,olivia.clark@keystoneplumbing.com,+12488313823,
C00141,CG00104,C00141,C00141 C00095,2,Liz,Harris,Owner,7740 Maple Drive,Austin,TX,78787,A00120,liz.harris@falconlandscaping.com,+19816689919,
C00142,CG00105,C00142,C00142 C00081,2,Thomas,Miller,Owner,4664 Lake Avenue,Phoenix,AZ,85050,A00062,thomas.miller@atlaslegalservices.com,+16049129848,
C00143,CG00106,C00143,C00143,1,Omar,Taylor,VP Sales,,,,,A00113,omar.taylor@harborpointdesign.com,+14428185966,
C00147,CG00107,C00147,C00147,1,Maria,Johnson,Office Manager,,,,,A00049,maria.johnson@redwoodanalytics.com,+13293250428,
C00148,CG00108,C00148,C00148,1,Grace,Davis,CFO,,,,,A00074,grace.davis@evergreenplumbing.com,+16502986681,
C00150,CG00109,C00150,C00150,1,Anthony,Lewis,Owner,,,,,A00014,anthony.lewis@evergreendesign.com,+16118415030,
C00151,CG00110,C00151,C00151,1,Kevin,Miller,CFO,5928 Maple Boulevard,Portland,OR,97202,A00114,kevin.miller@harborpointinsurance.com,+13259889029,
C00152,CG00111,C00152,C00152,1,Hannah,Thomas,Purchasing Agent,,,,,,hannahthomas0139@gmail.com,+12434734491,
C00153,CG00112,C00153,C00153,1,Aisha,Hall,VP Sales,,,,,A00128,aisha.hall@ironwoodlandscaping.com,+15605250381,
C00154,CG00113,C00154,C00154,1,Margaret,Allen,Director of Operations,7083 Church Road,Nashville,TN,37264,A00129,margaret.allen@redwoodstaffing.com,+15953106709,
C00155,CG00114,C00155,C00155 C00132,2,Margaret,Walker,Owner,,,,,A00046,margaret.walker@redwoodautorepair.com,+14589352442,
C00158,CG00115,C00158,C00158,1,Jennifer,Rodriguez,Director of Operations,8337 Hill Street,Boston,MA,02116,A00161,jennifer.rodriguez@stonebridgeautorepair.com,+16142074863,
C00159,CG00116,C00159,C00159 C00157,2,Will,Rodriguez,Director of Operations,,,,,A00166,will.rodriguez@cedarlandscaping.com,+13033089278,
C00160,CG00117,C00160,C00160,1,David,Brown,VP Sales,4722 Washington Avenue,Phoenix,AZ,85092,A00050,david.brown.jr@sterlingdesign.com,+16795649564,
C00161,CG00118,C00161,C00161,1,Anthony,Miller,Owner,,,,,A00097,anthony.miller@atlasbakery.com,+13784519831,
C00163,CG00119,C00163,C00163,1,Nguyen,Davvid,CFO,,,,,A00080,,+15679735993,
C00165,CG00120,C00165,C00165 C00156,2,Omar,Allen,Office Manager,,,,,A00119,omar.allen@ironwoodsoftware.com,+12924971169,
C00167,CG00121,C00167,C00167,1,Sarah,Martinez,Office Manager,,,,,,sarahmartinez0218@gmail.com,+12909303303,
C00168,CG00122,C00168,C00168,1,Kevin,Hall,CFO,3730 Elm Road,Austin,TX,78729,A00043,kevin.hall@redwoodinsurance.com,+18252274110,
C00169,CG00123,C00169,C00169,1,Richard,Jackson,Purchasing Agent,346 Hill Avenue,Boston,MA,02122,A00101,richard.jackson.jr@silvercreekinsurance.com,+19319387537,
C00170,CG00124,C00170,C00170,1,Sarah,Young,CFO,,,,,A00001,sarah.young@redwoodconsulting.com,+16269813537,
C00171,CG00125,C00171,C00171,1,Joseph,Davis,Office Manager,8350 Cedar Road,Atlanta,GA,30399,A00097,joseph.davis@atlasbakery.com,+14653322068,
C00172,CG00126,C00172,C00172,1,Elizabeth,Thomas,Purchasing Agent,9187 Maple Drive,Nashville,TN,37210,A00140,elizabeth.thomas.jr@mapleleafbakery.com,+17759050026,
C00174,CG00127,C00174,C00174,1,Anthony,Walker,Owner,,,,,,,,
C00175,CG00128,C00175,C00175,1,William,Clark,Director of Operations,,,,,A00043,william.clark@redwoodinsurance.com,+18285377036,
C00176,CG00129,C00176,C00176,1,Nathan,Anderson,Engineer,,,,,A00168,nathan.anderson@harborpointanalytics.com,+12814488579,
C00177,CG00130,C00177,C00177,1,Robert,Hall,Engineer,,,,,A00061,robert.hall@meridianlegalservices.com,+16906688771,
C00039,CG00131,C00039,C00039 C00178,2,H.,Taylor,Director of Operations,7178 OAK DR,Columbus,OH,43280,A00146,hannah.taylor@beaconsoftware.com,+19528859513,email<-C00178
C00179,CG00132,C00179,C00179,1,William,Williams,Engineer,,,,,A00159,william.williams@blueridgeautorepair.com,+16065280456,
C00180,CG00133,C00180,C00180,1,Sarah,Lopez,Owner,6497 Cedar Boulevard,Nashville,TN,37257,A00133,sarah.lopez@blueridgeinsurance.com,+19192847071,
C00181,CG00134,C00181,C00181,1,Christopher,Harris,Office Manager,,,,,A00076,christopher.harris@harborpointlandscaping.com,+14513225015,
C00182,CG00135,C00182,C00182 C00044,2,Aisha,Anderson,Office Manager,,,,,A00139,aishaanderson0027@gmail.com,+16914349709,
C00183,CG00136,C00183,C00183,1,Nathan,Moore,Director of Operations,,,,,A00080,nathan.moore@keystonesoftware.com,+15555983694,
C00184,CG00137,C00184,C00184,1,Deborah,Lee,CFO,,,,,A00168,deborah.lee@harborpointanalytics.com,+15829328653,
C00185,CG00138,C00185,C00185,1,David,Martin,Office Manager,,,,,A00061,admin@meridianlegalservices.com,+15097570903,
C00186,CG00139,C00186,C00186,1,Margaret,Allen,Owner,,,,,,marcusallen0199@gmail.com,+12386278396,
C00187,CG00140,C00187,C00187,1,Patricia,Walker,Engineer,,,,,A00001,patricia.walker@redwoodconsulting.com,+18523930576,
C00188,CG00141,C00188,C00188 C00123,2,Joseph,Smith,Director of Operations,,,,,A00137,joseph.smith@silvercreekconsulting.com,+12019131464,
C00190,CG00142,C00190,C00190,1,William,Jackson,Owner,,,,,A00152,support@northgateconsulting.com,+14893790809,
C00191,CG00143,C00191,C00191 C00146,2,Patricia,White,CFO,,,,,,patriciawhite0041@gmail.com,+15632145581,phone<-C00146
C00144,CG00144,C00144,C00144 C00192,2,Garcia,Jenniifer,VP Sales,,,,,A00008,jennifer.garcia@brightpathdental.com,+16978058990,email<-C00192
C00193,CG00145,C00193,C00193,1,Marcus,Brown,Engineer,,,,,,marcusbrown0217@gmail.com,+12909303303,
C00195,CG00146,C00195,C00195,1,Christopher,Smith,Engineer,6502 Lake Street,Seattle,WA,98199,A00048,christopher.smith@keystonestaffing.com,+16603015665,
C00068,CG00147,C00068,C00068 C00196,2,Nathan,Brown,Office Manager,,,,,A00030,nathan.brown@meridianlandscaping.com,+19638115962,
C00197,CG00148,C00197,C00197,1,Grace,Johnson,CFO,,,,,A00125,grace.johnson@keystonestaffing.com,+12549894746,
C00198,CG00149,C00198,C00198 C00059,2,Jimmy,Harris,VP Sales,4740 Washington Street,Austin,TX,78792,A00075,jimmy.harris@atlaselectric.com,+17604554631,
C00199,CG00150,C00199,C00199,1,Deborah,Davis,Purchasing Agent,1475 Main Drive,Nashville,TN,37257,A00106,deborah.davis@keystoneplumbing.com,+18162669554,
C00200,CG00151,C00200,C00200,1,Jennifer,Harris,Owner,,,,,A00129,support@redwoodstaffing.com,+16444075385,
C00204,CG00152,C00204,C00204,1,Joseph,Lopez,Engineer,,,,,,josephlopez0149@gmail.com,+13986627872,
C00205,CG00153,C00205,C00205,1,Maria,Thompson,Engineer,,,,,A00004,office@keystoneautorepair.com,+19394796998,
C00206,CG00154,C00206,C00206,1,Grace,Wilson,Director of Operations,,,,,A00088,grace.wilson@brightpathlegalservices.com,+19974170031,
C00207,CG00155,C00207,C00207,1,Maria,Wilson,VP Sales,,,,,A00004,maria.wilson@keystoneautorepair.com,+15304187282,
C00208,CG00156,C00208,C00208,1,Marcus,Anderson,Engineer,1052 Lake Road,Portland,OR,97278,,marcusanderson0125@gmail.com,+19378282312,
C00194,CG00157,C00194,C00194 C00209,2,Aisha,Lopez,Purchasing Agent,,,,,A00062,aisha.lopez@atlaslegalservices.com,+16182495443,
C00210,CG00158,C00210,C00210,1,Richard,Thompson,Office Manager,,,,,A00132,richard.thompson@graniteroofing.com,+13838787080,
C00211,CG00159,C00211,C00211,1,Yuki,Clark,CFO,,,,,A00075,yuki.clark@atlaselectric.com,+14615464223,
C00212,CG00160,C00212,C00212,1,Michael,Allen,Director of Operations,7083 Church Road,Nashville,TN,37264,A00129,michael.allen@redwoodstaffing.com,+19515306075,
C00213,CG00161,C00213,C00213,1,Michael,Smith,Engineer,364 Cedar Drive,Boston,MA,02149,A00049,michael.smith@redwoodanalytics.com,+18352359952,
C00215,CG00162,C00215,C00215 C00122,2,Miller,Hannh,Owner,9834 Elm Street,Portland,OR,97291,A00070,hannah.miller@pioneerautorepair.com,+12203690145,email<-C00122
C00216,CG00163,C00216,C00216,1,Anthony,Walker,Owner,,,,,,,+18926554445,
C00217,CG00164,C00217,C00217,1,Robert,Brown,Purchasing Agent,,,,,,robertbrown0203@gmail.com,+15282810101,
C00219,CG00165,C00219,C00219 C00108,2,Thomas,Jackson,CFO,,,,,A00155,thomas.jackson@cedarbakery.com,+18504824078,
C00220,CG00166,C00220,C00220 C00145,2,Jim,Kim,VP Sales,8208 Washington Drive,Portland,OR,97235,A00023,jim.kim@evergreeninsurance.com,+12208161695,
C00221,CG00167,C00221,C00221 C00164,2,Christopher,Rodriguez,Engineer,,,,,A00052,christopher.rodriguez@evergreendental.com,+13289566428,
C00222,CG00168,C00222,C00222,1,Sarah,Lewis,Purchasing Agent,3914 Elm Avenue,Portland,OR,97229,A00038,sarah.lewis@evergreenautorepair.com,+19097862095,
C00223,CG00169,C00223,C00223 C00092,2,Daniel,Thompson,CFO,,,,,A00065,danielthompson0028@gmail.com,+16464938658,
C00224,CG00170,C00224,C00224 C00218,2,David,Martinez,CFO,,,,,A00076,david.martinez@harborpointlandscaping.com,+13097858732,
C00225,CG00171,C00225,C00225,1,Nathan,Smith,Engineer,,,,,A00019,nathan.smith@evergreenlandscaping.com,+15467903374,
C00226,CG00172,C00226,C00226,1,Nathan,Hall,CFO,,,,,A00024,admin@cedarlegalservices.com,,
C00227,CG00173,C00227,C00227,1,Anthony,Lewis,CFO,7919 Park Avenue,Phoenix,AZ,85064,A00168,info@harborpointanalytics.com,+18823345104,
C00228,CG00174,C00228,C00228,1,Robert,Wilson,Director of Operations,,,,,,robertwilson0201@gmail.com,+15543814427,
C00229,CG00175,C00229,C00229,1,Omar,Johnson,Engineer,,,,,A00098,omar.johnson@beaconconsulting.com,+15122272458,
C00230,CG00176,C00230,C00230,1,Grace,Kim,Engineer,6332 Elm Boulevard,Denver,CO,80239,A00019,grace.kim@evergreenlandscaping.com,+17409632943,
C00231,CG00177,C00231,C00231 C00189,2,Christopher,Rodriguez,Director of Operations,,,,,A00028,christopher.rodriguez@graniteautorepair.com,+18666451129,
C00232,CG00178,C00232,C00232,1,Susan,Kim,Office Manager,,,,,A00089,susan.kim@ironwooddesign.com,+13945355243,
C00233,CG00179,C00233,C00233,1,Hannah,Thompson,CFO,,,,,,hannahthompson0222@gmail.com,+12166973667,
C00234,CG00180,C00234,C00234,1,William,Jackson,Director of Operations,,,,,A00022,william.jackson@keystonedesign.com,+19173480869,
C00235,CG00181,C00235,C00235,1,Maria,Lee,VP Sales,1849 Church Avenue,Seattle,WA,98147,A00088,maria.lee@brightpathlegalservices.com,+13478475222,
C00109,CG00182,C00109,C00109 C00236,2,Hannah,Lopez,Purchasing Agent,,,,,A00081,hannah.lopez@keystoneroofing.com,+16935301215,
C00237,CG00183,C00237,C00237,1,Maria,Wilson,Director of Operations,,,,,,robertwilson0201@gmail.com,+19904706574,
C00238,CG00184,C00238,C00238,1,Richard,Williams,Owner,5588 Cedar Avenue,Nashville,TN,37223,A00086,richard.williams@oakmontanalytics.com,+17173581078,
C00239,CG00185,C00239,C00239,1,Nathan,Smith,Purchasing Agent,,,,,A00076,nathan.smith@harborpointlandscaping.com,+16652009623,
C00240,CG00186,C00240,C00240,1,Carlos,Walker,Office Manager,8770 Oak Road,Phoenix,AZ,85006,A00024,admin@cedarlegalservices.com,+13357771429,
C00241,CG00187,C00241,C00241,1,Katherine,Thompson,Director of Operations,,,,,A00098,katherine.thompson@beaconconsulting.com,+18875612124,
C00242,CG00188,C00242,C00242,1,Richard,Williams,Director of Operations,,,,,A00079,richard.williams@stonebridgelegalservices.com,+14143260969,
C00243,CG00189,C00243,C00243,1,Linda,Martin,Director of Operations,,,,,A00016,linda.martin@evergreenlandscaping.com,+18923369658,
C00244,CG00190,C00244,C00244,1,Michael,Johnson,Purchasing Agent,,,,,,michaeljohnson0216@gmail.com,+16775804599,
C00245,CG00191,C00245,C00245 C00062,2,K.,Miller,Engineer,,,,,A00107,katherine.miller@summitdesign.com,+18522532501,email<-C00062
C00246,CG00192,C00246,C00246,1,J.,Johnson,VP Sales,,,,,A00027,,+18114451758,
C00247,CG00193,C00247,C00247,1,Jennifer,Lopez,CFO,6698 Main Boulevard,Nashville,TN,37248,A00058,jennifer.lopez@atlaslandscaping.com,+15562853417,
C00049,CG00194,C00049,C00049 C00248,2,Yuki,Johnson,CFO,,,,,A00035,yuki.johnson@sterlingelectric.com,+17312004113,
C00249,CG00195,C00249,C00249,1,Christopher,Lopez,Purchasing Agent,7461 Cedar Street,Nashville,TN,37271,A00051,christopher.lopez@evergreenlogistics.com,+18423599900,
C00250,CG00196,C00250,C00250 C00078,2,A.,Nguyen,Purchasing Agent,,,,,A00011,aisha.nguyen@blueridgestaffing.com,+14446705568,email<-C00078
C00251,CG00197,C00251,C00251,1,Elizabeth,Thomas,Office Manager,9187 Maple Drive,Nashville,TN,37210,A00140,elizabeth.thomas@mapleleafbakery.com,+15246970154,
C00252,CG00198,C00252,C00252 C00214,2,Christopher,White,Office Manager,,,,,A00146,christopher.white@beaconsoftware.com,+17219644310,
C00253,CG00199,C00253,C00253 C00149,2,Moore,Aisah,Owner,,,,,A00088,aisha.moore@brightpathlegalservices.com,+13865130158,email<-C00149
C00254,CG00200,C00254,C00254,1,Katherine,Clark,Office Manager,,,,,A00129,support@redwoodstaffing.com,+19549865748,
C00255,CG00201,C00255,C00255,1,Michael,Lee,Director of Operations,,,,,,michaellee0220@gmail.com,+15066620399,
C00256,CG00202,C00256,C00256,1,Patricia,Jackson,Owner,,,,,A00018,patricia.jackson@riverbenddental.com,+12035536340,
C00257,CG00203,C00257,C00257,1,Sarah,Miller,CFO,2699 Church Avenue,Austin,TX,78788,A00061,sarah.miller@meridianlegalservices.com,+12488007896,
C00258,CG00204,C00258,C00258,1,Maria,Johnson,Purchasing Agent,3444 Church Boulevard,Atlanta,GA,30305,A00130,maria.johnson@mapleleafplumbing.com,+18813143965,
C00259,CG00205,C00259,C00259,1,Carlos,Kim,CFO,,,,,A00089,carlos.kim@ironwooddesign.com,+17427156295,
C00260,CG00206,C00260,C00260 C00166,2,Maggie,Wilson,VP Sales,,,,,A00135,maggie.wilson@copperhillconsulting.com,+19034665082,
C00119,CG00207,C00119,C00119 C00261,2,Linda,Johnson,Purchasing Agent,,,,,A00085,lindajohnson0232@gmail.com,+15078009109,account<-C00261
C00262,CG00208,C00262,C00262,1,James,Davis,Office Manager,8350 Cedar Road,Atlanta,GA,30399,A00097,james.davis@atlasbakery.com,+18728471815,
C00263,CG00209,C00263,C00263,1,Olivia,Nguyen,VP Sales,,,,,,,+19706219667,
C00203,CG00210,C00203,C00203 C00264,2,Patricia,Hall,Engineer,,,,,A00130,patriciahall0234@gmail.com,+12824419471,account<-C00264
C00265,CG00211,C00265,C00265,1,Priya,Hall,CFO,4058 Oak Boulevard,Atlanta,GA,30351,A00062,priya.hall@atlaslegalservices.com,+13278549830,
C00266,CG00212,C00266,C00266,1,Marcus,Allen,Owner,,,,,,marcusallen0199@gmail.com,+18389941329,
C00162,CG00213,C00162,C00162 C00267,2,Anthony,Nguyen,VP Sales,2598 Oak Avenue,Columbus,OH,43238,A00051,anthony.nguyen@evergreenlogistics.com,+17987520787,
C00268,CG00214,C00268,C00268 C00075,2,Jen,Thompson,Purchasing Agent,,,,,A00089,jen.thompson@ironwooddesign.com,+17822544415,
C00269,CG00215,C00269,C00269,1,Wei,Taylor,VP Sales,9441 Church Boulevard,Chicago,IL,60669,A00072,wei.taylor@harborpointroofing.com,+12974745854,
C00270,CG00216,C00270,C00270,1,Deborah,Johnson,VP Sales,,,,,,deborahjohnson0224@gmail.com,+18113352914,
C00271,CG00217,C00271,C00271,1,Jennifer,Hall,Purchasing Agent,8279 Main Drive,Nashville,TN,37201,A00016,jennifer.hall.jr@evergreenlandscaping.com,+19204168629,
C00056,CG00218,C00056,C00056 C00272,2,Grace,Brown,Engineer,,,,,,gracebrown0044@gmail.com,+13077461963,phone<-C00272
C00273,CG00219,C00273,C00273,1,Omar,Nguyen,Engineer,8033 Sunset Road,Austin,TX,78712,A00120,omar.nguyen@falconlandscaping.com,+17415311833,
C00274,CG00220,C00274,C00274,1,Anthony,Moore,Purchasing Agent,,,,,,,,
C00275,CG00221,C00275,C00275 C00173,2,Allen,Ktherine,Owner,,,,,A00098,katherine.allen@beaconconsulting.com,+12943023957,email<-C00173
C00276,CG00222,C00276,C00276,1,Michael,Anderson,Office Manager,6821 Sunset Street,Austin,TX,78740,A00155,michael.anderson@cedarbakery.com,+17069040390,
C00277,CG00223,C00277,C00277,1,Christopher,Davis,Director of Operations,,,,,A00051,christopher.davis@evergreenlogistics.com,+15036732294,
C00278,CG00224,C00278,C00278,1,Omar,Smith,VP Sales,,,,,A00168,omar.smith@harborpointanalytics.com,+13358544236,
C00279,CG00225,C00279,C00279,1,Olivia,Lee,Office Manager,7314 Cedar Drive,Columbus,OH,43207,A00038,olivia.lee@evergreenautorepair.com,+13707543462,
C00280,CG00226,C00280,C00280,1,Christopher,Hall,Owner,,,,,A00080,christopher.hall@keystonesoftware.com,+17546034144,
C00281,CG00227,C00281,C00281,1,Maria,Wilson,Purchasing Agent,5751 Washington Boulevard,Columbus,OH,43225,A00029,maria.wilson@beaconconsulting.com,+18092564104,
C00202,CG00228,C00202,C00202 C00282,2,Grace,Rodriguez,Office Manager,,,,,,gracerodriguez0043@gmail.com,+18989609692,
C00283,CG00229,C00283,C00283,1,Grace,Smith,CFO,3305 Main Drive,Phoenix,AZ,85004,A00154,grace.smith@atlaslandscaping.com,+19393399201,
C00284,CG00230,C00284,C00284,1,Hannah,Johnson,Owner,,,,,,hannahjohnson0221@gmail.com,+12166973667,
C00285,CG00231,C00285,C00285,1,Daniel,Davis,Director of Operations,,,,,,yukidavis0207@gmail.com,+16388982616,
C00029,CG00232,C00029,C00029 C00286,2,Christopher,Thomas,VP Sales,,,,,,christopherthomas0042@gmail.com,+17108283011,phone<-C00286
C00287,CG00233,C00287,C00287,1,James,Harris,Director of Operations,660 Elm Street,Nashville,TN,37241,A00085,james.harris.jr@evergreenlandscaping.com,+18412244477,
C00288,CG00234,C00288,C00288,1,Thomas,Thompson,Engineer,,,,,A00124,thomas.thompson@evergreenlegalservices.com,+12309579470,
C00289,CG00235,C00289,C00289,1,Sarah,Brown,CFO,,,,,,robertbrown0203@gmail.com,+14494409644,
C00290,CG00236,C00290,C00290 C00201,2,Olivia,Lee,Engineer,2877 Lake Boulevard,Boston,MA,02168,A00146,olivia.lee@beaconsoftware.com,+19608270481,
C00291,CG00237,C00291,C00291,1,Grace,Smith,Owner,3305 Main Drive,Phoenix,AZ,85004,A00154,grace.smith.jr@atlaslandscaping.com,+16432569921,
C00292,CG00238,C00292,C00292,1,Richard,Thompson,Purchasing Agent,,,,,A00132,rthompson@graniteroofing.com,+17869161772,
C00293,CG00239,C00293,C00293,1,Priya,Williams,CFO,,,,,A00076,priya.williams@harborpointlandscaping.com,+12797686539,
C00294,CG00240,C00294,C00294,1,Jennifer,Lopez,CFO,6698 MAIN BLVD,Nashville,TN,37248,A00154,,,
C00006,CG00241,C00006,C00006 C00295,2,L.,Wilson,CFO,,,,,A00153,linda.wilson@redwoodconsulting.com,+13168277195,email<-C00295; phone<-C00295
C00057,CG00242,C00057,C00057 C00296,2,Grace,Anderson,Purchasing Agent,,,,,A00062,grace.anderson@atlaslegalservices.com,+14625474678,
