alert_id,incident_id,disposition,true_severity,true_tactic,scenario,compromised_user
ALT-00001,,false_positive,informational,,background,
ALT-00002,,false_positive,informational,,background,
ALT-00003,,false_positive,informational,,background,
ALT-00004,INC-034,false_positive,informational,,fp_scanner,
ALT-00005,INC-034,false_positive,informational,,fp_scanner,
ALT-00006,INC-034,false_positive,informational,,fp_scanner,
ALT-00007,,false_positive,informational,,background,
ALT-00008,,false_positive,informational,,background,
ALT-00009,,benign_true_positive,informational,,background,
ALT-00010,,benign_true_positive,informational,,background,
ALT-00011,,false_positive,informational,,background,
ALT-00012,,benign_true_positive,informational,,background,
ALT-00013,,benign_true_positive,informational,,background,
ALT-00014,,false_positive,informational,,background,
ALT-00015,INC-035,benign_true_positive,informational,,benign_admin_tool,
ALT-00016,,benign_true_positive,informational,,background,
ALT-00017,INC-035,benign_true_positive,informational,,benign_admin_tool,
ALT-00018,,false_positive,informational,,background,
ALT-00019,INC-035,benign_true_positive,informational,,benign_admin_tool,
ALT-00020,INC-035,benign_true_positive,informational,,benign_admin_tool,
ALT-00021,,benign_true_positive,informational,,background,
ALT-00022,,false_positive,informational,,background,
ALT-00023,,benign_true_positive,informational,,background,
ALT-00024,,false_positive,informational,,background,
ALT-00025,,benign_true_positive,informational,,background,
ALT-00026,,benign_true_positive,informational,,background,
ALT-00027,,false_positive,informational,,background,
ALT-00028,,false_positive,informational,,background,
ALT-00029,,benign_true_positive,informational,,background,
ALT-00030,,benign_true_positive,informational,,background,
ALT-00031,,false_positive,informational,,background,
ALT-00032,,benign_true_positive,informational,,background,
ALT-00033,,benign_true_positive,informational,,background,
ALT-00034,,benign_true_positive,informational,,background,
ALT-00035,,benign_true_positive,informational,,background,
ALT-00036,,false_positive,informational,,background,
ALT-00037,,benign_true_positive,informational,,background,
ALT-00038,,false_positive,informational,,background,
ALT-00039,,benign_true_positive,informational,,background,
ALT-00040,,benign_true_positive,informational,,background,
ALT-00041,,benign_true_positive,informational,,background,
ALT-00042,,benign_true_positive,informational,,background,
ALT-00043,,false_positive,informational,,background,
ALT-00044,,false_positive,informational,,background,
ALT-00045,,benign_true_positive,informational,,background,
ALT-00046,,false_positive,informational,,background,
ALT-00047,,benign_true_positive,informational,,background,
ALT-00048,,false_positive,informational,,background,
ALT-00049,INC-018,true_positive,high,execution,malware_lateral,morgan.reyes@example.com
ALT-00050,,false_positive,informational,,background,
ALT-00051,INC-018,true_positive,high,privilege_escalation,malware_lateral,morgan.reyes@example.com
ALT-00052,,false_positive,informational,,background,
ALT-00053,,false_positive,informational,,background,
ALT-00054,,false_positive,informational,,background,
ALT-00055,,false_positive,informational,,background,
ALT-00056,,false_positive,informational,,background,
ALT-00057,,false_positive,informational,,background,
ALT-00058,INC-018,true_positive,high,lateral_movement,malware_lateral,morgan.reyes@example.com
ALT-00059,,false_positive,informational,,background,
ALT-00060,,benign_true_positive,informational,,background,
ALT-00061,,benign_true_positive,informational,,background,
ALT-00062,INC-018,true_positive,high,exfiltration,malware_lateral,morgan.reyes@example.com
ALT-00063,,benign_true_positive,informational,,background,
ALT-00064,,benign_true_positive,informational,,background,
ALT-00065,INC-011,true_positive,high,credential_access,mfa_fatigue,devon.lopez@example.com
ALT-00066,,false_positive,informational,,background,
ALT-00067,,false_positive,informational,,background,
ALT-00068,INC-011,true_positive,high,initial_access,mfa_fatigue,devon.lopez@example.com
ALT-00069,,benign_true_positive,informational,,background,
ALT-00070,INC-011,true_positive,high,collection,mfa_fatigue,devon.lopez@example.com
ALT-00071,,false_positive,informational,,background,
ALT-00072,,false_positive,informational,,background,
ALT-00073,,false_positive,informational,,background,
ALT-00074,,false_positive,informational,,background,
ALT-00075,,benign_true_positive,informational,,background,
ALT-00076,,false_positive,informational,,background,
ALT-00077,,benign_true_positive,informational,,background,
ALT-00078,,false_positive,informational,,background,
ALT-00079,,benign_true_positive,informational,,background,
ALT-00080,,benign_true_positive,informational,,background,
ALT-00081,,benign_true_positive,informational,,background,
ALT-00082,,false_positive,informational,,background,
ALT-00083,INC-017,true_positive,high,initial_access,phish_to_exfil,sage.walsh@example.com
ALT-00084,INC-017,true_positive,high,initial_access,phish_to_exfil,sage.walsh@example.com
ALT-00085,,false_positive,informational,,background,
ALT-00086,,benign_true_positive,informational,,background,
ALT-00087,,benign_true_positive,informational,,background,
ALT-00088,INC-017,true_positive,high,collection,phish_to_exfil,sage.walsh@example.com
ALT-00089,,false_positive,informational,,background,
ALT-00090,,false_positive,informational,,background,
ALT-00091,,false_positive,informational,,fp_noisy_rule,
ALT-00092,,benign_true_positive,informational,,background,
ALT-00093,,false_positive,informational,,fp_noisy_rule,
ALT-00094,,benign_true_positive,informational,,background,
ALT-00095,,false_positive,informational,,background,
ALT-00096,,false_positive,informational,,fp_noisy_rule,
ALT-00097,,false_positive,informational,,background,
ALT-00098,,false_positive,informational,,fp_noisy_rule,
ALT-00099,,false_positive,informational,,background,
ALT-00100,,false_positive,informational,,fp_noisy_rule,
ALT-00101,INC-001,true_positive,high,initial_access,phish_to_exfil,finley.reyes@example.com
ALT-00102,INC-001,true_positive,high,initial_access,phish_to_exfil,finley.reyes@example.com
ALT-00103,,benign_true_positive,informational,,background,
ALT-00104,INC-001,true_positive,high,collection,phish_to_exfil,finley.reyes@example.com
ALT-00105,INC-023,benign_true_positive,low,,two_incidents_one_user,
ALT-00106,INC-017,true_positive,high,exfiltration,phish_to_exfil,sage.walsh@example.com
ALT-00107,,benign_true_positive,informational,,background,
ALT-00108,,false_positive,informational,,background,
ALT-00109,INC-023,benign_true_positive,low,,two_incidents_one_user,
ALT-00110,,benign_true_positive,informational,,background,
ALT-00111,,benign_true_positive,informational,,background,
ALT-00112,,false_positive,informational,,background,
ALT-00113,INC-001,true_positive,high,exfiltration,phish_to_exfil,finley.reyes@example.com
ALT-00114,,benign_true_positive,informational,,background,
ALT-00115,,benign_true_positive,informational,,background,
ALT-00116,,benign_true_positive,informational,,background,
ALT-00117,,false_positive,informational,,background,
ALT-00118,,benign_true_positive,informational,,background,
ALT-00119,,benign_true_positive,informational,,background,
ALT-00120,,benign_true_positive,informational,,background,
ALT-00121,,benign_true_positive,informational,,background,
ALT-00122,,false_positive,informational,,background,
ALT-00123,,benign_true_positive,informational,,background,
ALT-00124,,benign_true_positive,informational,,background,
ALT-00125,,false_positive,informational,,background,
ALT-00126,,benign_true_positive,informational,,background,
ALT-00127,INC-013,true_positive,high,initial_access,missing_entity_link,casey.diaz@example.com
ALT-00128,INC-013,true_positive,high,initial_access,missing_entity_link,casey.diaz@example.com
ALT-00129,,benign_true_positive,informational,,background,
ALT-00130,,benign_true_positive,informational,,background,
ALT-00131,,false_positive,informational,,background,
ALT-00132,INC-013,true_positive,high,collection,missing_entity_link,casey.diaz@example.com
ALT-00133,,benign_true_positive,informational,,background,
ALT-00134,,false_positive,informational,,background,
ALT-00135,,false_positive,informational,,background,
ALT-00136,,benign_true_positive,informational,,background,
ALT-00137,INC-013,true_positive,high,exfiltration,missing_entity_link,casey.diaz@example.com
ALT-00138,,benign_true_positive,informational,,background,
ALT-00139,,false_positive,informational,,background,
ALT-00140,,benign_true_positive,informational,,background,
ALT-00141,,benign_true_positive,informational,,background,
ALT-00142,,benign_true_positive,informational,,background,
ALT-00143,,false_positive,informational,,background,
ALT-00144,,benign_true_positive,informational,,background,
ALT-00145,,benign_true_positive,informational,,background,
ALT-00146,,false_positive,informational,,background,
ALT-00147,,benign_true_positive,informational,,background,
ALT-00148,,false_positive,informational,,background,
ALT-00149,,false_positive,informational,,background,
ALT-00150,,benign_true_positive,informational,,background,
ALT-00151,,benign_true_positive,informational,,background,
ALT-00152,,benign_true_positive,informational,,background,
ALT-00153,,false_positive,informational,,background,
ALT-00154,,benign_true_positive,informational,,background,
ALT-00155,,false_positive,informational,,background,
ALT-00156,,benign_true_positive,informational,,background,
ALT-00157,INC-033,benign_true_positive,informational,,benign_backup,
ALT-00158,,false_positive,informational,,background,
ALT-00159,INC-033,benign_true_positive,informational,,benign_backup,
ALT-00160,INC-033,benign_true_positive,informational,,benign_backup,
ALT-00161,,benign_true_positive,informational,,background,
ALT-00162,,benign_true_positive,informational,,background,
ALT-00163,,false_positive,informational,,background,
ALT-00164,,false_positive,informational,,background,
ALT-00165,,false_positive,informational,,background,
ALT-00166,,false_positive,informational,,background,
ALT-00167,,benign_true_positive,informational,,background,
ALT-00168,,benign_true_positive,informational,,background,
ALT-00169,,benign_true_positive,informational,,background,
ALT-00170,,false_positive,informational,,background,
ALT-00171,,false_positive,informational,,high_severity_benign,
ALT-00172,,false_positive,informational,,background,
ALT-00173,INC-012,true_positive,high,initial_access,slow_burn,sage.ortiz@example.com
ALT-00174,,false_positive,informational,,background,
ALT-00175,INC-025,benign_true_positive,informational,,benign_admin_tool,
ALT-00176,INC-025,benign_true_positive,informational,,benign_admin_tool,
ALT-00177,INC-025,benign_true_positive,informational,,benign_admin_tool,
ALT-00178,,false_positive,informational,,background,
ALT-00179,INC-025,benign_true_positive,informational,,benign_admin_tool,
ALT-00180,,false_positive,informational,,background,
ALT-00181,,benign_true_positive,informational,,background,
ALT-00182,,false_positive,informational,,background,
ALT-00183,,benign_true_positive,informational,,background,
ALT-00184,,false_positive,informational,,background,
ALT-00185,,false_positive,informational,,background,
ALT-00186,,benign_true_positive,informational,,background,
ALT-00187,,benign_true_positive,informational,,background,
ALT-00188,,benign_true_positive,informational,,background,
ALT-00189,,false_positive,informational,,background,
ALT-00190,,benign_true_positive,informational,,background,
ALT-00191,,false_positive,informational,,background,
ALT-00192,,benign_true_positive,informational,,background,
ALT-00193,,false_positive,informational,,background,
ALT-00194,,benign_true_positive,informational,,background,
ALT-00195,,false_positive,informational,,background,
ALT-00196,,benign_true_positive,informational,,background,
ALT-00197,,benign_true_positive,informational,,background,
ALT-00198,,benign_true_positive,informational,,background,
ALT-00199,,benign_true_positive,informational,,background,
ALT-00200,,false_positive,informational,,background,
ALT-00201,,false_positive,informational,,background,
ALT-00202,,benign_true_positive,informational,,background,
ALT-00203,,benign_true_positive,informational,,background,
ALT-00204,,false_positive,informational,,background,
ALT-00205,,false_positive,informational,,background,
ALT-00206,,false_positive,informational,,background,
ALT-00207,,false_positive,informational,,background,
ALT-00208,,false_positive,informational,,background,
ALT-00209,,false_positive,informational,,background,
ALT-00210,,false_positive,informational,,background,
ALT-00211,INC-012,true_positive,high,persistence,slow_burn,sage.ortiz@example.com
ALT-00212,,benign_true_positive,informational,,background,
ALT-00213,,benign_true_positive,informational,,background,
ALT-00214,,benign_true_positive,informational,,background,
ALT-00215,,benign_true_positive,informational,,background,
ALT-00216,,benign_true_positive,informational,,background,
ALT-00217,,false_positive,informational,,background,
ALT-00218,,false_positive,informational,,background,
ALT-00219,,benign_true_positive,informational,,background,
ALT-00220,,benign_true_positive,informational,,background,
ALT-00221,,benign_true_positive,informational,,background,
ALT-00222,,benign_true_positive,informational,,background,
ALT-00223,,benign_true_positive,informational,,background,
ALT-00224,,false_positive,informational,,background,
ALT-00225,,benign_true_positive,informational,,background,
ALT-00226,,benign_true_positive,informational,,background,
ALT-00227,INC-020,true_positive,high,initial_access,slow_burn,blake.walsh@example.com
ALT-00228,,benign_true_positive,informational,,background,
ALT-00229,,benign_true_positive,informational,,background,
ALT-00230,,benign_true_positive,informational,,background,
ALT-00231,,benign_true_positive,informational,,background,
ALT-00232,,false_positive,informational,,background,
ALT-00233,,benign_true_positive,informational,,background,
ALT-00234,,false_positive,informational,,background,
ALT-00235,,benign_true_positive,informational,,background,
ALT-00236,,false_positive,informational,,background,
ALT-00237,INC-026,benign_true_positive,low,,benign_travel,
ALT-00238,,false_positive,informational,,background,
ALT-00239,,benign_true_positive,informational,,background,
ALT-00240,INC-026,benign_true_positive,low,,benign_travel,
ALT-00241,,false_positive,informational,,background,
ALT-00242,,benign_true_positive,informational,,background,
ALT-00243,,benign_true_positive,informational,,background,
ALT-00244,,false_positive,informational,,background,
ALT-00245,,false_positive,informational,,background,
ALT-00246,,false_positive,informational,,background,
ALT-00247,,benign_true_positive,informational,,background,
ALT-00248,,false_positive,informational,,background,
ALT-00249,INC-024,true_positive,high,initial_access,two_incidents_one_user,reese.ortiz@example.com
ALT-00250,INC-024,true_positive,high,initial_access,two_incidents_one_user,reese.ortiz@example.com
ALT-00251,,false_positive,informational,,background,
ALT-00252,INC-024,true_positive,high,collection,two_incidents_one_user,reese.ortiz@example.com
ALT-00253,,false_positive,informational,,background,
ALT-00254,,false_positive,informational,,background,
ALT-00255,,false_positive,informational,,background,
ALT-00256,,benign_true_positive,informational,,background,
ALT-00257,,false_positive,informational,,background,
ALT-00258,,false_positive,informational,,background,
ALT-00259,INC-024,true_positive,high,exfiltration,two_incidents_one_user,reese.ortiz@example.com
ALT-00260,,benign_true_positive,informational,,background,
ALT-00261,,benign_true_positive,informational,,background,
ALT-00262,INC-012,true_positive,high,discovery,slow_burn,sage.ortiz@example.com
ALT-00263,,false_positive,informational,,background,
ALT-00264,,false_positive,informational,,background,
ALT-00265,,false_positive,informational,,background,
ALT-00266,,benign_true_positive,informational,,background,
ALT-00267,,false_positive,informational,,background,
ALT-00268,,benign_true_positive,informational,,background,
ALT-00269,,false_positive,informational,,background,
ALT-00270,INC-020,true_positive,high,persistence,slow_burn,blake.walsh@example.com
ALT-00271,,false_positive,informational,,background,
ALT-00272,,false_positive,informational,,background,
ALT-00273,,false_positive,informational,,background,
ALT-00274,,false_positive,informational,,background,
ALT-00275,,benign_true_positive,informational,,background,
ALT-00276,,benign_true_positive,informational,,background,
ALT-00277,,benign_true_positive,informational,,background,
ALT-00278,,benign_true_positive,informational,,background,
ALT-00279,,false_positive,informational,,background,
ALT-00280,,benign_true_positive,informational,,background,
ALT-00281,,false_positive,informational,,background,
ALT-00282,,false_positive,informational,,background,
ALT-00283,,benign_true_positive,informational,,background,
ALT-00284,,false_positive,informational,,background,
ALT-00285,,benign_true_positive,informational,,background,
ALT-00286,,benign_true_positive,informational,,background,
ALT-00287,,false_positive,informational,,background,
ALT-00288,,false_positive,informational,,background,
ALT-00289,,false_positive,informational,,background,
ALT-00290,,benign_true_positive,informational,,background,
ALT-00291,,benign_true_positive,informational,,background,
ALT-00292,,false_positive,informational,,background,
ALT-00293,,false_positive,informational,,background,
ALT-00294,,benign_true_positive,informational,,background,
ALT-00295,,benign_true_positive,informational,,background,
ALT-00296,,benign_true_positive,informational,,background,
ALT-00297,,benign_true_positive,informational,,background,
ALT-00298,,false_positive,informational,,background,
ALT-00299,,false_positive,informational,,background,
ALT-00300,,false_positive,informational,,background,
ALT-00301,,false_positive,informational,,background,
ALT-00302,INC-004,true_positive,high,initial_access,slow_burn,avery.jones@example.com
ALT-00303,,false_positive,informational,,background,
ALT-00304,,benign_true_positive,informational,,background,
ALT-00305,,benign_true_positive,informational,,background,
ALT-00306,,false_positive,informational,,background,
ALT-00307,,benign_true_positive,informational,,background,
ALT-00308,,benign_true_positive,informational,,background,
ALT-00309,,false_positive,informational,,background,
ALT-00310,INC-020,true_positive,high,discovery,slow_burn,blake.walsh@example.com
ALT-00311,,benign_true_positive,informational,,background,
ALT-00312,,false_positive,informational,,background,
ALT-00313,INC-037,benign_true_positive,informational,,benign_pentest,
ALT-00314,INC-037,benign_true_positive,informational,,benign_pentest,
ALT-00315,,benign_true_positive,informational,,background,
ALT-00316,INC-037,benign_true_positive,informational,,benign_pentest,
ALT-00317,,benign_true_positive,informational,,background,
ALT-00318,INC-037,benign_true_positive,informational,,benign_pentest,
ALT-00319,,false_positive,informational,,background,
ALT-00320,,benign_true_positive,informational,,background,
ALT-00321,,false_positive,informational,,background,
ALT-00322,,benign_true_positive,informational,,background,
ALT-00323,,false_positive,informational,,background,
ALT-00324,,benign_true_positive,informational,,background,
ALT-00325,,benign_true_positive,informational,,background,
ALT-00326,INC-012,true_positive,high,initial_access,slow_burn,sage.ortiz@example.com
ALT-00327,,benign_true_positive,informational,,background,
ALT-00328,,benign_true_positive,informational,,background,
ALT-00329,,benign_true_positive,informational,,background,
ALT-00330,,benign_true_positive,informational,,background,
ALT-00331,,false_positive,informational,,background,
ALT-00332,,benign_true_positive,informational,,background,
ALT-00333,,false_positive,informational,,background,
ALT-00334,,benign_true_positive,informational,,background,
ALT-00335,,benign_true_positive,informational,,background,
ALT-00336,,benign_true_positive,informational,,background,
ALT-00337,,benign_true_positive,informational,,background,
ALT-00338,,false_positive,informational,,background,
ALT-00339,,false_positive,informational,,background,
ALT-00340,,benign_true_positive,informational,,background,
ALT-00341,,false_positive,informational,,background,
ALT-00342,INC-004,true_positive,high,persistence,slow_burn,avery.jones@example.com
ALT-00343,,benign_true_positive,informational,,background,
ALT-00344,INC-002,true_positive,high,execution,malware_lateral,kai.novak@example.com
ALT-00345,,benign_true_positive,informational,,background,
ALT-00346,,benign_true_positive,informational,,background,
ALT-00347,INC-002,true_positive,high,privilege_escalation,malware_lateral,kai.novak@example.com
ALT-00348,,false_positive,informational,,background,
ALT-00349,,false_positive,informational,,background,
ALT-00350,,benign_true_positive,informational,,background,
ALT-00351,,benign_true_positive,informational,,background,
ALT-00352,,false_positive,informational,,background,
ALT-00353,,benign_true_positive,informational,,background,
ALT-00354,INC-002,true_positive,high,lateral_movement,malware_lateral,kai.novak@example.com
ALT-00355,,false_positive,informational,,background,
ALT-00356,,false_positive,informational,,background,
ALT-00357,,false_positive,informational,,background,
ALT-00358,,benign_true_positive,informational,,background,
ALT-00359,,false_positive,informational,,background,
ALT-00360,,false_positive,informational,,background,
ALT-00361,,false_positive,informational,,background,
ALT-00362,,false_positive,informational,,background,
ALT-00363,INC-002,true_positive,high,exfiltration,malware_lateral,kai.novak@example.com
ALT-00364,,false_positive,informational,,background,
ALT-00365,,false_positive,informational,,background,
ALT-00366,,false_positive,informational,,background,
ALT-00367,,benign_true_positive,informational,,background,
ALT-00368,,false_positive,informational,,background,
ALT-00369,,benign_true_positive,informational,,background,
ALT-00370,,false_positive,informational,,background,
ALT-00371,,benign_true_positive,informational,,background,
ALT-00372,INC-021,true_positive,high,initial_access,missing_entity_link,blake.chen@example.com
ALT-00373,,benign_true_positive,informational,,background,
ALT-00374,INC-021,true_positive,high,initial_access,missing_entity_link,blake.chen@example.com
ALT-00375,INC-021,true_positive,high,collection,missing_entity_link,blake.chen@example.com
ALT-00376,,benign_true_positive,informational,,background,
ALT-00377,,benign_true_positive,informational,,background,
ALT-00378,,benign_true_positive,informational,,background,
ALT-00379,,false_positive,informational,,background,
ALT-00380,,false_positive,informational,,background,
ALT-00381,,false_positive,informational,,background,
ALT-00382,,benign_true_positive,informational,,background,
ALT-00383,INC-021,true_positive,high,exfiltration,missing_entity_link,blake.chen@example.com
ALT-00384,,benign_true_positive,informational,,background,
ALT-00385,,benign_true_positive,informational,,background,
ALT-00386,,benign_true_positive,informational,,background,
ALT-00387,,benign_true_positive,informational,,background,
ALT-00388,,benign_true_positive,informational,,background,
ALT-00389,,benign_true_positive,informational,,background,
ALT-00390,,false_positive,informational,,background,
ALT-00391,,benign_true_positive,informational,,background,
ALT-00392,INC-020,true_positive,high,initial_access,slow_burn,blake.walsh@example.com
ALT-00393,,false_positive,informational,,background,
ALT-00394,,false_positive,informational,,background,
ALT-00395,,false_positive,informational,,background,
ALT-00396,,false_positive,informational,,background,
ALT-00397,INC-004,true_positive,high,discovery,slow_burn,avery.jones@example.com
ALT-00398,,false_positive,informational,,background,
ALT-00399,INC-030,benign_true_positive,informational,,benign_admin_tool,
ALT-00400,INC-030,benign_true_positive,informational,,benign_admin_tool,
ALT-00401,INC-030,benign_true_positive,informational,,benign_admin_tool,
ALT-00402,INC-030,benign_true_positive,informational,,benign_admin_tool,
ALT-00403,,benign_true_positive,informational,,background,
ALT-00404,,false_positive,informational,,background,
ALT-00405,,benign_true_positive,informational,,background,
ALT-00406,,benign_true_positive,informational,,background,
ALT-00407,,benign_true_positive,informational,,background,
ALT-00408,,benign_true_positive,informational,,background,
ALT-00409,INC-012,true_positive,high,collection,slow_burn,sage.ortiz@example.com
ALT-00410,,false_positive,informational,,background,
ALT-00411,,benign_true_positive,informational,,background,
ALT-00412,,false_positive,informational,,background,
ALT-00413,INC-029,false_positive,informational,,fp_scanner,
ALT-00414,INC-029,false_positive,informational,,fp_scanner,
ALT-00415,,benign_true_positive,informational,,background,
ALT-00416,INC-029,false_positive,informational,,fp_scanner,
ALT-00417,,false_positive,informational,,background,
ALT-00418,,benign_true_positive,informational,,background,
ALT-00419,,false_positive,informational,,background,
ALT-00420,,benign_true_positive,informational,,background,
ALT-00421,,false_positive,informational,,background,
ALT-00422,INC-031,benign_true_positive,low,,benign_travel,
ALT-00423,,benign_true_positive,informational,,background,
ALT-00424,,false_positive,informational,,background,
ALT-00425,INC-031,benign_true_positive,low,,benign_travel,
ALT-00426,,false_positive,informational,,background,
ALT-00427,,benign_true_positive,informational,,background,
ALT-00428,,benign_true_positive,informational,,background,
ALT-00429,,benign_true_positive,informational,,background,
ALT-00430,,false_positive,informational,,background,
ALT-00431,,benign_true_positive,informational,,background,
ALT-00432,,false_positive,informational,,background,
ALT-00433,,benign_true_positive,informational,,background,
ALT-00434,,benign_true_positive,informational,,background,
ALT-00435,,benign_true_positive,informational,,background,
ALT-00436,,benign_true_positive,informational,,background,
ALT-00437,,benign_true_positive,informational,,background,
ALT-00438,,benign_true_positive,informational,,background,
ALT-00439,,false_positive,informational,,background,
ALT-00440,,benign_true_positive,informational,,background,
ALT-00441,,benign_true_positive,informational,,background,
ALT-00442,,benign_true_positive,informational,,background,
ALT-00443,,benign_true_positive,informational,,background,
ALT-00444,,false_positive,informational,,background,
ALT-00445,,false_positive,informational,,background,
ALT-00446,,false_positive,informational,,background,
ALT-00447,,false_positive,informational,,background,
ALT-00448,,false_positive,informational,,background,
ALT-00449,,benign_true_positive,informational,,background,
ALT-00450,,benign_true_positive,informational,,background,
ALT-00451,,benign_true_positive,informational,,background,
ALT-00452,,benign_true_positive,informational,,background,
ALT-00453,,false_positive,informational,,background,
ALT-00454,,benign_true_positive,informational,,background,
ALT-00455,,false_positive,informational,,background,
ALT-00456,,false_positive,informational,,background,
ALT-00457,,benign_true_positive,informational,,background,
ALT-00458,,benign_true_positive,informational,,background,
ALT-00459,,benign_true_positive,informational,,background,
ALT-00460,,benign_true_positive,informational,,background,
ALT-00461,,benign_true_positive,informational,,background,
ALT-00462,,false_positive,informational,,background,
ALT-00463,INC-020,true_positive,high,collection,slow_burn,blake.walsh@example.com
ALT-00464,,benign_true_positive,informational,,background,
ALT-00465,,benign_true_positive,informational,,background,
ALT-00466,,benign_true_positive,informational,,background,
ALT-00467,INC-004,true_positive,high,initial_access,slow_burn,avery.jones@example.com
ALT-00468,,false_positive,informational,,background,
ALT-00469,,benign_true_positive,informational,,background,
ALT-00470,,false_positive,informational,,background,
ALT-00471,,false_positive,informational,,background,
ALT-00472,,false_positive,informational,,background,
ALT-00473,,false_positive,informational,,background,
ALT-00474,,benign_true_positive,informational,,background,
ALT-00475,,benign_true_positive,informational,,background,
ALT-00476,,false_positive,informational,,background,
ALT-00477,,false_positive,informational,,background,
ALT-00478,,false_positive,informational,,background,
ALT-00479,,benign_true_positive,informational,,background,
ALT-00480,,benign_true_positive,informational,,background,
ALT-00481,INC-012,true_positive,high,collection,slow_burn,sage.ortiz@example.com
ALT-00482,,benign_true_positive,informational,,background,
ALT-00483,,false_positive,informational,,background,
ALT-00484,,benign_true_positive,informational,,background,
ALT-00485,,false_positive,informational,,background,
ALT-00486,,false_positive,informational,,background,
ALT-00487,,false_positive,informational,,background,
ALT-00488,,false_positive,informational,,background,
ALT-00489,,benign_true_positive,informational,,background,
ALT-00490,,benign_true_positive,informational,,background,
ALT-00491,,benign_true_positive,informational,,background,
ALT-00492,INC-014,true_positive,high,privilege_escalation,low_severity_real,noel.evans@example.com
ALT-00493,,false_positive,informational,,background,
ALT-00494,,benign_true_positive,informational,,background,
ALT-00495,,false_positive,informational,,background,
ALT-00496,,benign_true_positive,informational,,background,
ALT-00497,,benign_true_positive,informational,,background,
ALT-00498,,benign_true_positive,informational,,background,
ALT-00499,,benign_true_positive,informational,,background,
ALT-00500,,false_positive,informational,,background,
ALT-00501,,false_positive,informational,,background,
ALT-00502,,benign_true_positive,informational,,background,
ALT-00503,,benign_true_positive,informational,,background,
ALT-00504,,false_positive,informational,,background,
ALT-00505,,benign_true_positive,informational,,background,
ALT-00506,,benign_true_positive,informational,,background,
ALT-00507,,benign_true_positive,informational,,background,
ALT-00508,,benign_true_positive,informational,,background,
ALT-00509,,benign_true_positive,informational,,background,
ALT-00510,,benign_true_positive,informational,,background,
ALT-00511,,false_positive,informational,,background,
ALT-00512,,false_positive,informational,,background,
ALT-00513,,benign_true_positive,informational,,background,
ALT-00514,,benign_true_positive,informational,,background,
ALT-00515,,benign_true_positive,informational,,background,
ALT-00516,,benign_true_positive,informational,,background,
ALT-00517,,false_positive,informational,,background,
ALT-00518,,benign_true_positive,informational,,background,
ALT-00519,,false_positive,informational,,background,
ALT-00520,,false_positive,informational,,background,
ALT-00521,,benign_true_positive,informational,,background,
ALT-00522,,benign_true_positive,informational,,background,
ALT-00523,,false_positive,informational,,background,
ALT-00524,INC-020,true_positive,high,collection,slow_burn,blake.walsh@example.com
ALT-00525,INC-012,true_positive,high,credential_access,slow_burn,sage.ortiz@example.com
ALT-00526,,benign_true_positive,informational,,background,
ALT-00527,,false_positive,informational,,background,
ALT-00528,,false_positive,informational,,background,
ALT-00529,,false_positive,informational,,background,
ALT-00530,,benign_true_positive,informational,,background,
ALT-00531,,false_positive,informational,,background,
ALT-00532,,benign_true_positive,informational,,background,
ALT-00533,,false_positive,informational,,background,
ALT-00534,,benign_true_positive,informational,,background,
ALT-00535,,false_positive,informational,,background,
ALT-00536,,benign_true_positive,informational,,background,
ALT-00537,,false_positive,informational,,background,
ALT-00538,INC-004,true_positive,high,collection,slow_burn,avery.jones@example.com
ALT-00539,,benign_true_positive,informational,,background,
ALT-00540,,benign_true_positive,informational,,background,
ALT-00541,,benign_true_positive,informational,,background,
ALT-00542,,benign_true_positive,informational,,background,
ALT-00543,,benign_true_positive,informational,,background,
ALT-00544,,benign_true_positive,informational,,background,
ALT-00545,,false_positive,informational,,background,
ALT-00546,,false_positive,informational,,background,
ALT-00547,,benign_true_positive,informational,,background,
ALT-00548,,benign_true_positive,informational,,background,
ALT-00549,,false_positive,informational,,background,
ALT-00550,,benign_true_positive,informational,,background,
ALT-00551,,benign_true_positive,informational,,background,
ALT-00552,,false_positive,informational,,background,
ALT-00553,INC-012,true_positive,high,collection,slow_burn,sage.ortiz@example.com
ALT-00554,,benign_true_positive,informational,,background,
ALT-00555,,benign_true_positive,informational,,background,
ALT-00556,,false_positive,informational,,background,
ALT-00557,,benign_true_positive,informational,,background,
ALT-00558,,benign_true_positive,informational,,background,
ALT-00559,,false_positive,informational,,background,
ALT-00560,,false_positive,informational,,background,
ALT-00561,,benign_true_positive,informational,,background,
ALT-00562,,false_positive,informational,,background,
ALT-00563,,false_positive,informational,,background,
ALT-00564,,benign_true_positive,informational,,background,
ALT-00565,,benign_true_positive,informational,,background,
ALT-00566,,benign_true_positive,informational,,background,
ALT-00567,,false_positive,informational,,background,
ALT-00568,,benign_true_positive,informational,,background,
ALT-00569,,false_positive,informational,,background,
ALT-00570,,benign_true_positive,informational,,background,
ALT-00571,,false_positive,informational,,background,
ALT-00572,,benign_true_positive,informational,,background,
ALT-00573,,false_positive,informational,,background,
ALT-00574,,benign_true_positive,informational,,background,
ALT-00575,INC-020,true_positive,high,credential_access,slow_burn,blake.walsh@example.com
ALT-00576,,false_positive,informational,,background,
ALT-00577,,false_positive,informational,,background,
ALT-00578,,benign_true_positive,informational,,background,
ALT-00579,,false_positive,informational,,background,
ALT-00580,,false_positive,informational,,background,
ALT-00581,,benign_true_positive,informational,,background,
ALT-00582,,false_positive,informational,,shared_address,
ALT-00583,,false_positive,informational,,background,
ALT-00584,,false_positive,informational,,shared_address,
ALT-00585,,false_positive,informational,,background,
ALT-00586,,false_positive,informational,,background,
ALT-00587,,benign_true_positive,informational,,background,
ALT-00588,,benign_true_positive,informational,,background,
ALT-00589,,false_positive,informational,,background,
ALT-00590,,false_positive,informational,,background,
ALT-00591,,benign_true_positive,informational,,background,
ALT-00592,,false_positive,informational,,background,
ALT-00593,,benign_true_positive,informational,,background,
ALT-00594,,false_positive,informational,,background,
ALT-00595,,benign_true_positive,informational,,background,
ALT-00596,INC-004,true_positive,high,collection,slow_burn,avery.jones@example.com
ALT-00597,,false_positive,informational,,background,
ALT-00598,,benign_true_positive,informational,,background,
ALT-00599,,benign_true_positive,informational,,background,
ALT-00600,,false_positive,informational,,fp_noisy_rule,
ALT-00601,,false_positive,informational,,fp_noisy_rule,
ALT-00602,,false_positive,informational,,background,
ALT-00603,,false_positive,informational,,fp_noisy_rule,
ALT-00604,,benign_true_positive,informational,,background,
ALT-00605,,benign_true_positive,informational,,background,
ALT-00606,,false_positive,informational,,fp_noisy_rule,
ALT-00607,,false_positive,informational,,fp_noisy_rule,
ALT-00608,,benign_true_positive,informational,,background,
ALT-00609,,false_positive,informational,,background,
ALT-00610,INC-020,true_positive,high,collection,slow_burn,blake.walsh@example.com
ALT-00611,,benign_true_positive,informational,,background,
ALT-00612,,false_positive,informational,,background,
ALT-00613,,benign_true_positive,informational,,background,
ALT-00614,,benign_true_positive,informational,,background,
ALT-00615,,benign_true_positive,informational,,background,
ALT-00616,,benign_true_positive,informational,,background,
ALT-00617,,false_positive,informational,,background,
ALT-00618,,benign_true_positive,informational,,background,
ALT-00619,,false_positive,informational,,background,
ALT-00620,,benign_true_positive,informational,,background,
ALT-00621,,benign_true_positive,informational,,background,
ALT-00622,,benign_true_positive,informational,,background,
ALT-00623,,benign_true_positive,informational,,background,
ALT-00624,,benign_true_positive,informational,,background,
ALT-00625,,false_positive,informational,,background,
ALT-00626,,false_positive,informational,,background,
ALT-00627,,false_positive,informational,,background,
ALT-00628,,false_positive,informational,,background,
ALT-00629,,benign_true_positive,informational,,background,
ALT-00630,,benign_true_positive,informational,,background,
ALT-00631,,false_positive,informational,,background,
ALT-00632,INC-036,benign_true_positive,low,,benign_travel,
ALT-00633,,benign_true_positive,informational,,background,
ALT-00634,,false_positive,informational,,background,
ALT-00635,,benign_true_positive,informational,,background,
ALT-00636,,false_positive,informational,,background,
ALT-00637,,benign_true_positive,informational,,background,
ALT-00638,INC-036,benign_true_positive,low,,benign_travel,
ALT-00639,,false_positive,informational,,background,
ALT-00640,,benign_true_positive,informational,,background,
ALT-00641,,benign_true_positive,informational,,background,
ALT-00642,,false_positive,informational,,background,
ALT-00643,,benign_true_positive,informational,,background,
ALT-00644,,false_positive,informational,,background,
ALT-00645,,benign_true_positive,informational,,background,
ALT-00646,,benign_true_positive,informational,,background,
ALT-00647,,benign_true_positive,informational,,background,
ALT-00648,,false_positive,informational,,background,
ALT-00649,,benign_true_positive,informational,,background,
ALT-00650,,benign_true_positive,informational,,background,
ALT-00651,,benign_true_positive,informational,,background,
ALT-00652,,benign_true_positive,informational,,background,
ALT-00653,,benign_true_positive,informational,,background,
ALT-00654,,benign_true_positive,informational,,background,
ALT-00655,,false_positive,informational,,background,
ALT-00656,,benign_true_positive,informational,,background,
ALT-00657,,false_positive,informational,,background,
ALT-00658,,benign_true_positive,informational,,background,
ALT-00659,,benign_true_positive,informational,,background,
ALT-00660,,false_positive,informational,,background,
ALT-00661,,benign_true_positive,informational,,background,
ALT-00662,,false_positive,informational,,background,
ALT-00663,,false_positive,informational,,background,
ALT-00664,INC-004,true_positive,high,credential_access,slow_burn,avery.jones@example.com
ALT-00665,,benign_true_positive,informational,,background,
ALT-00666,,benign_true_positive,informational,,background,
ALT-00667,,false_positive,informational,,background,
ALT-00668,,false_positive,informational,,background,
ALT-00669,,false_positive,informational,,background,
ALT-00670,,benign_true_positive,informational,,background,
ALT-00671,,false_positive,informational,,background,
ALT-00672,,benign_true_positive,informational,,background,
ALT-00673,,false_positive,informational,,background,
ALT-00674,,benign_true_positive,informational,,background,
ALT-00675,,benign_true_positive,informational,,background,
ALT-00676,,false_positive,informational,,background,
ALT-00677,,false_positive,informational,,background,
ALT-00678,,benign_true_positive,informational,,background,
ALT-00679,,false_positive,informational,,shared_address,
ALT-00680,INC-022,true_positive,high,privilege_escalation,low_severity_real,wren.jones@example.com
ALT-00681,,false_positive,informational,,shared_address,
ALT-00682,,false_positive,informational,,background,
ALT-00683,,false_positive,informational,,background,
ALT-00684,,benign_true_positive,informational,,background,
ALT-00685,,false_positive,informational,,background,
ALT-00686,,benign_true_positive,informational,,background,
ALT-00687,,false_positive,informational,,background,
ALT-00688,,benign_true_positive,informational,,background,
ALT-00689,,false_positive,informational,,background,
ALT-00690,,false_positive,informational,,background,
ALT-00691,,false_positive,informational,,background,
ALT-00692,,benign_true_positive,informational,,background,
ALT-00693,,benign_true_positive,informational,,background,
ALT-00694,,false_positive,informational,,background,
ALT-00695,,false_positive,informational,,background,
ALT-00696,,false_positive,informational,,background,
ALT-00697,,benign_true_positive,informational,,background,
ALT-00698,,false_positive,informational,,background,
ALT-00699,INC-015,benign_true_positive,low,,two_incidents_one_user,
ALT-00700,,benign_true_positive,informational,,background,
ALT-00701,,benign_true_positive,informational,,background,
ALT-00702,INC-015,benign_true_positive,low,,two_incidents_one_user,
ALT-00703,INC-004,true_positive,high,collection,slow_burn,avery.jones@example.com
ALT-00704,,benign_true_positive,informational,,background,
ALT-00705,,benign_true_positive,informational,,background,
ALT-00706,,benign_true_positive,informational,,background,
ALT-00707,,benign_true_positive,informational,,background,
ALT-00708,INC-019,true_positive,high,credential_access,mfa_fatigue,finley.evans@example.com
ALT-00709,INC-019,true_positive,high,initial_access,mfa_fatigue,finley.evans@example.com
ALT-00710,,benign_true_positive,informational,,background,
ALT-00711,,benign_true_positive,informational,,background,
ALT-00712,,benign_true_positive,informational,,background,
ALT-00713,,false_positive,informational,,background,
ALT-00714,,benign_true_positive,informational,,background,
ALT-00715,,false_positive,informational,,background,
ALT-00716,INC-019,true_positive,high,collection,mfa_fatigue,finley.evans@example.com
ALT-00717,,false_positive,informational,,background,
ALT-00718,,false_positive,informational,,background,
ALT-00719,,benign_true_positive,informational,,background,
ALT-00720,,benign_true_positive,informational,,background,
ALT-00721,,false_positive,informational,,background,
ALT-00722,,false_positive,informational,,background,
ALT-00723,,benign_true_positive,informational,,background,
ALT-00724,,benign_true_positive,informational,,background,
ALT-00725,INC-028,benign_true_positive,informational,,benign_backup,
ALT-00726,INC-028,benign_true_positive,informational,,benign_backup,
ALT-00727,INC-028,benign_true_positive,informational,,benign_backup,
ALT-00728,,false_positive,informational,,background,
ALT-00729,,benign_true_positive,informational,,background,
ALT-00730,,false_positive,informational,,background,
ALT-00731,,benign_true_positive,informational,,background,
ALT-00732,,false_positive,informational,,background,
ALT-00733,,benign_true_positive,informational,,background,
ALT-00734,,false_positive,informational,,background,
ALT-00735,,false_positive,informational,,background,
ALT-00736,,false_positive,informational,,background,
ALT-00737,,benign_true_positive,informational,,background,
ALT-00738,,false_positive,informational,,background,
ALT-00739,,false_positive,informational,,background,
ALT-00740,,benign_true_positive,informational,,background,
ALT-00741,,false_positive,informational,,background,
ALT-00742,,false_positive,informational,,background,
ALT-00743,,benign_true_positive,informational,,background,
ALT-00744,,benign_true_positive,informational,,background,
ALT-00745,,false_positive,informational,,background,
ALT-00746,,false_positive,informational,,background,
ALT-00747,,benign_true_positive,informational,,background,
ALT-00748,,false_positive,informational,,background,
ALT-00749,,benign_true_positive,informational,,background,
ALT-00750,INC-005,true_positive,high,initial_access,missing_entity_link,sage.ito@example.com
ALT-00751,,false_positive,informational,,background,
ALT-00752,INC-005,true_positive,high,initial_access,missing_entity_link,sage.ito@example.com
ALT-00753,INC-005,true_positive,high,collection,missing_entity_link,sage.ito@example.com
ALT-00754,,benign_true_positive,informational,,background,
ALT-00755,,false_positive,informational,,background,
ALT-00756,,false_positive,informational,,background,
ALT-00757,,benign_true_positive,informational,,background,
ALT-00758,INC-005,true_positive,high,exfiltration,missing_entity_link,sage.ito@example.com
ALT-00759,,benign_true_positive,informational,,background,
ALT-00760,,benign_true_positive,informational,,background,
ALT-00761,,false_positive,informational,,background,
ALT-00762,,false_positive,informational,,background,
ALT-00763,,benign_true_positive,informational,,background,
ALT-00764,,false_positive,informational,,background,
ALT-00765,,false_positive,informational,,high_severity_benign,
ALT-00766,,false_positive,informational,,background,
ALT-00767,,benign_true_positive,informational,,background,
ALT-00768,,benign_true_positive,informational,,background,
ALT-00769,,benign_true_positive,informational,,background,
ALT-00770,,benign_true_positive,informational,,background,
ALT-00771,,benign_true_positive,informational,,background,
ALT-00772,,benign_true_positive,informational,,background,
ALT-00773,,false_positive,informational,,background,
ALT-00774,,benign_true_positive,informational,,background,
ALT-00775,,benign_true_positive,informational,,background,
ALT-00776,,benign_true_positive,informational,,background,
ALT-00777,,false_positive,informational,,background,
ALT-00778,,false_positive,informational,,background,
ALT-00779,,false_positive,informational,,background,
ALT-00780,,false_positive,informational,,background,
ALT-00781,,benign_true_positive,informational,,background,
ALT-00782,,benign_true_positive,informational,,background,
ALT-00783,,benign_true_positive,informational,,background,
ALT-00784,,false_positive,informational,,background,
ALT-00785,,false_positive,informational,,background,
ALT-00786,,benign_true_positive,informational,,background,
ALT-00787,,benign_true_positive,informational,,background,
ALT-00788,,benign_true_positive,informational,,background,
ALT-00789,,benign_true_positive,informational,,background,
ALT-00790,,benign_true_positive,informational,,background,
ALT-00791,,benign_true_positive,informational,,background,
ALT-00792,INC-007,benign_true_positive,low,,two_incidents_one_user,
ALT-00793,,false_positive,informational,,background,
ALT-00794,INC-007,benign_true_positive,low,,two_incidents_one_user,
ALT-00795,,false_positive,informational,,background,
ALT-00796,,benign_true_positive,informational,,background,
ALT-00797,,false_positive,informational,,background,
ALT-00798,,false_positive,informational,,background,
ALT-00799,,benign_true_positive,informational,,background,
ALT-00800,,false_positive,informational,,background,
ALT-00801,,false_positive,informational,,background,
ALT-00802,,false_positive,informational,,shared_address,
ALT-00803,,false_positive,informational,,shared_address,
ALT-00804,,false_positive,informational,,background,
ALT-00805,,false_positive,informational,,background,
ALT-00806,,benign_true_positive,informational,,background,
ALT-00807,,benign_true_positive,informational,,background,
ALT-00808,,false_positive,informational,,background,
ALT-00809,INC-003,true_positive,high,credential_access,mfa_fatigue,jordan.chen@example.com
ALT-00810,,benign_true_positive,informational,,background,
ALT-00811,INC-003,true_positive,high,initial_access,mfa_fatigue,jordan.chen@example.com
ALT-00812,INC-009,true_positive,high,initial_access,phish_to_exfil,finley.chen@example.com
ALT-00813,,false_positive,informational,,background,
ALT-00814,INC-009,true_positive,high,initial_access,phish_to_exfil,finley.chen@example.com
ALT-00815,INC-009,true_positive,high,collection,phish_to_exfil,finley.chen@example.com
ALT-00816,,benign_true_positive,informational,,background,
ALT-00817,INC-003,true_positive,high,collection,mfa_fatigue,jordan.chen@example.com
ALT-00818,,false_positive,informational,,background,
ALT-00819,,benign_true_positive,informational,,background,
ALT-00820,,benign_true_positive,informational,,background,
ALT-00821,,benign_true_positive,informational,,background,
ALT-00822,,benign_true_positive,informational,,background,
ALT-00823,,false_positive,informational,,background,
ALT-00824,,false_positive,informational,,high_severity_benign,
ALT-00825,,false_positive,informational,,background,
ALT-00826,,false_positive,informational,,background,
ALT-00827,INC-009,true_positive,high,exfiltration,phish_to_exfil,finley.chen@example.com
ALT-00828,,benign_true_positive,informational,,background,
ALT-00829,,benign_true_positive,informational,,background,
ALT-00830,,benign_true_positive,informational,,background,
ALT-00831,,benign_true_positive,informational,,background,
ALT-00832,,false_positive,informational,,background,
ALT-00833,,false_positive,informational,,background,
ALT-00834,,false_positive,informational,,background,
ALT-00835,,false_positive,informational,,background,
ALT-00836,,false_positive,informational,,background,
ALT-00837,,false_positive,informational,,background,
ALT-00838,,false_positive,informational,,background,
ALT-00839,,benign_true_positive,informational,,background,
ALT-00840,,benign_true_positive,informational,,background,
ALT-00841,,benign_true_positive,informational,,background,
ALT-00842,,false_positive,informational,,background,
ALT-00843,,false_positive,informational,,background,
ALT-00844,,benign_true_positive,informational,,background,
ALT-00845,,false_positive,informational,,background,
ALT-00846,,benign_true_positive,informational,,background,
ALT-00847,,false_positive,informational,,background,
ALT-00848,,benign_true_positive,informational,,background,
ALT-00849,,false_positive,informational,,background,
ALT-00850,,false_positive,informational,,background,
ALT-00851,,false_positive,informational,,background,
ALT-00852,,benign_true_positive,informational,,background,
ALT-00853,,benign_true_positive,informational,,background,
ALT-00854,,benign_true_positive,informational,,background,
ALT-00855,INC-010,true_positive,high,execution,malware_lateral,reese.adler@example.com
ALT-00856,,benign_true_positive,informational,,background,
ALT-00857,,benign_true_positive,informational,,background,
ALT-00858,,benign_true_positive,informational,,background,
ALT-00859,INC-010,true_positive,high,privilege_escalation,malware_lateral,reese.adler@example.com
ALT-00860,,benign_true_positive,informational,,background,
ALT-00861,,benign_true_positive,informational,,background,
ALT-00862,,benign_true_positive,informational,,background,
ALT-00863,INC-010,true_positive,high,lateral_movement,malware_lateral,reese.adler@example.com
ALT-00864,,benign_true_positive,informational,,background,
ALT-00865,INC-016,true_positive,high,initial_access,two_incidents_one_user,morgan.silva@example.com
ALT-00866,,false_positive,informational,,background,
ALT-00867,,false_positive,informational,,background,
ALT-00868,INC-016,true_positive,high,initial_access,two_incidents_one_user,morgan.silva@example.com
ALT-00869,,benign_true_positive,informational,,background,
ALT-00870,INC-016,true_positive,high,collection,two_incidents_one_user,morgan.silva@example.com
ALT-00871,,benign_true_positive,informational,,background,
ALT-00872,,benign_true_positive,informational,,background,
ALT-00873,INC-010,true_positive,high,exfiltration,malware_lateral,reese.adler@example.com
ALT-00874,,false_positive,informational,,background,
ALT-00875,,false_positive,informational,,background,
ALT-00876,,false_positive,informational,,background,
ALT-00877,,benign_true_positive,informational,,background,
ALT-00878,,benign_true_positive,informational,,background,
ALT-00879,,benign_true_positive,informational,,background,
ALT-00880,,benign_true_positive,informational,,background,
ALT-00881,,false_positive,informational,,background,
ALT-00882,,benign_true_positive,informational,,background,
ALT-00883,INC-016,true_positive,high,exfiltration,two_incidents_one_user,morgan.silva@example.com
ALT-00884,,benign_true_positive,informational,,background,
ALT-00885,,false_positive,informational,,background,
ALT-00886,,benign_true_positive,informational,,background,
ALT-00887,,benign_true_positive,informational,,background,
ALT-00888,,false_positive,informational,,fp_noisy_rule,
ALT-00889,,false_positive,informational,,fp_noisy_rule,
ALT-00890,,false_positive,informational,,fp_noisy_rule,
ALT-00891,,false_positive,informational,,fp_noisy_rule,
ALT-00892,,false_positive,informational,,fp_noisy_rule,
ALT-00893,,false_positive,informational,,background,
ALT-00894,,benign_true_positive,informational,,background,
ALT-00895,,benign_true_positive,informational,,background,
ALT-00896,,benign_true_positive,informational,,background,
ALT-00897,,benign_true_positive,informational,,background,
ALT-00898,,false_positive,informational,,background,
ALT-00899,,false_positive,informational,,background,
ALT-00900,INC-006,true_positive,high,privilege_escalation,low_severity_real,jordan.adler@example.com
ALT-00901,,false_positive,informational,,background,
ALT-00902,,benign_true_positive,informational,,background,
ALT-00903,,benign_true_positive,informational,,background,
ALT-00904,,false_positive,informational,,background,
ALT-00905,,benign_true_positive,informational,,background,
ALT-00906,,false_positive,informational,,background,
ALT-00907,,benign_true_positive,informational,,background,
ALT-00908,,false_positive,informational,,background,
ALT-00909,,false_positive,informational,,background,
ALT-00910,,false_positive,informational,,background,
ALT-00911,,benign_true_positive,informational,,background,
ALT-00912,,benign_true_positive,informational,,background,
ALT-00913,INC-039,false_positive,informational,,fp_scanner,
ALT-00914,INC-039,false_positive,informational,,fp_scanner,
ALT-00915,,false_positive,informational,,background,
ALT-00916,INC-039,false_positive,informational,,fp_scanner,
ALT-00917,,benign_true_positive,informational,,background,
ALT-00918,,benign_true_positive,informational,,background,
ALT-00919,,benign_true_positive,informational,,background,
ALT-00920,,benign_true_positive,informational,,background,
ALT-00921,,false_positive,informational,,background,
ALT-00922,,benign_true_positive,informational,,background,
ALT-00923,,benign_true_positive,informational,,background,
ALT-00924,,benign_true_positive,informational,,background,
ALT-00925,,false_positive,informational,,background,
ALT-00926,,false_positive,informational,,background,
ALT-00927,,benign_true_positive,informational,,background,
ALT-00928,,false_positive,informational,,background,
ALT-00929,,benign_true_positive,informational,,background,
ALT-00930,,benign_true_positive,informational,,background,
ALT-00931,,benign_true_positive,informational,,background,
ALT-00932,,benign_true_positive,informational,,background,
ALT-00933,,false_positive,informational,,background,
ALT-00934,,benign_true_positive,informational,,background,
ALT-00935,,benign_true_positive,informational,,background,
ALT-00936,,benign_true_positive,informational,,background,
ALT-00937,,benign_true_positive,informational,,background,
ALT-00938,,false_positive,informational,,background,
ALT-00939,,false_positive,informational,,background,
ALT-00940,,false_positive,informational,,background,
ALT-00941,,benign_true_positive,informational,,background,
ALT-00942,,benign_true_positive,informational,,background,
ALT-00943,,false_positive,informational,,background,
ALT-00944,,benign_true_positive,informational,,background,
ALT-00945,INC-027,benign_true_positive,informational,,benign_pentest,
ALT-00946,INC-027,benign_true_positive,informational,,benign_pentest,
ALT-00947,INC-008,true_positive,high,initial_access,two_incidents_one_user,jordan.hayes@example.com
ALT-00948,INC-027,benign_true_positive,informational,,benign_pentest,
ALT-00949,INC-027,benign_true_positive,informational,,benign_pentest,
ALT-00950,INC-008,true_positive,high,initial_access,two_incidents_one_user,jordan.hayes@example.com
ALT-00951,INC-008,true_positive,high,collection,two_incidents_one_user,jordan.hayes@example.com
ALT-00952,,false_positive,informational,,background,
ALT-00953,,false_positive,informational,,background,
ALT-00954,,benign_true_positive,informational,,background,
ALT-00955,,benign_true_positive,informational,,background,
ALT-00956,,benign_true_positive,informational,,background,
ALT-00957,,false_positive,informational,,background,
ALT-00958,,benign_true_positive,informational,,background,
ALT-00959,INC-008,true_positive,high,exfiltration,two_incidents_one_user,jordan.hayes@example.com
ALT-00960,,benign_true_positive,informational,,background,
ALT-00961,,false_positive,informational,,background,
ALT-00962,,benign_true_positive,informational,,background,
ALT-00963,,benign_true_positive,informational,,background,
ALT-00964,INC-038,benign_true_positive,informational,,benign_backup,
ALT-00965,INC-038,benign_true_positive,informational,,benign_backup,
ALT-00966,INC-038,benign_true_positive,informational,,benign_backup,
ALT-00967,,benign_true_positive,informational,,background,
ALT-00968,,false_positive,informational,,background,
ALT-00969,,benign_true_positive,informational,,background,
ALT-00970,,benign_true_positive,informational,,background,
ALT-00971,,benign_true_positive,informational,,background,
ALT-00972,,benign_true_positive,informational,,background,
ALT-00973,,benign_true_positive,informational,,background,
ALT-00974,,benign_true_positive,informational,,background,
ALT-00975,,false_positive,informational,,background,
ALT-00976,,benign_true_positive,informational,,background,
ALT-00977,,benign_true_positive,informational,,background,
ALT-00978,,false_positive,informational,,background,
ALT-00979,,benign_true_positive,informational,,background,
ALT-00980,,false_positive,informational,,background,
ALT-00981,,benign_true_positive,informational,,background,
ALT-00982,,false_positive,informational,,background,
ALT-00983,,benign_true_positive,informational,,background,
ALT-00984,,false_positive,informational,,background,
ALT-00985,,false_positive,informational,,background,
ALT-00986,,benign_true_positive,informational,,background,
ALT-00987,,benign_true_positive,informational,,background,
ALT-00988,,false_positive,informational,,background,
ALT-00989,,false_positive,informational,,background,
ALT-00990,,benign_true_positive,informational,,background,
ALT-00991,,false_positive,informational,,background,
ALT-00992,,benign_true_positive,informational,,background,
ALT-00993,,false_positive,informational,,background,
ALT-00994,,false_positive,informational,,background,
ALT-00995,,false_positive,informational,,background,
ALT-00996,,benign_true_positive,informational,,background,
ALT-00997,,benign_true_positive,informational,,background,
ALT-00998,,benign_true_positive,informational,,background,
ALT-00999,,benign_true_positive,informational,,background,
ALT-01000,,benign_true_positive,informational,,background,
ALT-01001,,benign_true_positive,informational,,background,
ALT-01002,,false_positive,informational,,background,
ALT-01003,,benign_true_positive,informational,,background,
ALT-01004,,false_positive,informational,,background,
ALT-01005,,benign_true_positive,informational,,background,
ALT-01006,,benign_true_positive,informational,,background,
ALT-01007,INC-032,benign_true_positive,informational,,benign_pentest,
ALT-01008,INC-032,benign_true_positive,informational,,benign_pentest,
ALT-01009,,false_positive,informational,,background,
ALT-01010,INC-032,benign_true_positive,informational,,benign_pentest,
ALT-01011,,benign_true_positive,informational,,background,
ALT-01012,INC-032,benign_true_positive,informational,,benign_pentest,
ALT-01013,,benign_true_positive,informational,,background,
ALT-01014,,false_positive,informational,,background,
ALT-01015,,benign_true_positive,informational,,background,
ALT-01016,,false_positive,informational,,background,
ALT-01017,,false_positive,informational,,background,
ALT-01018,,benign_true_positive,informational,,background,
ALT-01019,,benign_true_positive,informational,,background,
ALT-01020,,benign_true_positive,informational,,background,
ALT-01021,,benign_true_positive,informational,,background,
ALT-01022,,benign_true_positive,informational,,background,
ALT-01023,,benign_true_positive,informational,,background,
ALT-01024,,benign_true_positive,informational,,background,
ALT-01025,,false_positive,informational,,background,
ALT-01026,,benign_true_positive,informational,,background,
ALT-01027,,benign_true_positive,informational,,background,
ALT-01028,,false_positive,informational,,background,
ALT-01029,,benign_true_positive,informational,,background,
ALT-01030,,false_positive,informational,,background,
ALT-01031,,benign_true_positive,informational,,background,
ALT-01032,,benign_true_positive,informational,,background,
ALT-01033,,benign_true_positive,informational,,background,
ALT-01034,,benign_true_positive,informational,,background,
ALT-01035,,benign_true_positive,informational,,background,
ALT-01036,,false_positive,informational,,background,
ALT-01037,,false_positive,informational,,background,
ALT-01038,,false_positive,informational,,background,
ALT-01039,,benign_true_positive,informational,,background,
ALT-01040,,benign_true_positive,informational,,background,
ALT-01041,,false_positive,informational,,background,
ALT-01042,,benign_true_positive,informational,,background,
