alert_id,asked,p_true_positive,p_false_positive,p_benign_true_positive,impact,impact_confidence,stage,stage_confidence,p_benign_explanation,error
ALT-00001,yes,0.15,0.77,0.08,0.2,0.8,initial_access,0.96,0.84,
ALT-00002,yes,0.02,0.95,0.03,1.01,0.81,credential_access,0.74,0.85,
ALT-00003,yes,0.0,0.79,0.21,0.69,0.69,resource_development,0.3,0.82,
ALT-00004,yes,0.18,0.81,0.01,1.13,0.0,reconnaissance,0.96,0.69,
ALT-00005,yes,0.19,0.8,0.01,1.07,0.0,reconnaissance,0.96,0.71,
ALT-00006,yes,0.19,0.8,0.01,1.06,0.0,reconnaissance,0.96,0.7,
ALT-00007,yes,0.02,0.97,0.01,0.73,0.72,credential_access,0.74,0.87,
ALT-00008,yes,0.01,0.97,0.02,0.74,0.74,credential_access,0.82,0.87,
ALT-00009,yes,0.0,0.01,0.99,0.51,0.49,exfiltration,0.61,0.91,
ALT-00010,yes,0.0,0.4,0.6,0.19,0.81,resource_development,0.64,0.91,
ALT-00011,yes,0.15,0.79,0.06,0.19,0.81,initial_access,0.98,0.82,
ALT-00012,yes,0.0,0.13,0.87,0.95,0.79,exfiltration,0.72,0.89,
ALT-00013,yes,0.0,0.14,0.86,0.97,0.77,exfiltration,0.74,0.87,
ALT-00014,yes,0.0,0.78,0.22,0.69,0.69,resource_development,0.28,0.83,
ALT-00015,yes,0.0,0.0,1.0,1.44,0.14,lateral_movement,0.95,0.92,
ALT-00016,yes,0.0,0.36,0.64,0.14,0.86,resource_development,0.55,0.92,
ALT-00017,yes,0.0,0.0,1.0,1.41,0.16,lateral_movement,0.96,0.92,
ALT-00018,yes,0.81,0.19,0.0,1.11,0.72,credential_access,0.99,0.43,
ALT-00019,yes,0.0,0.0,1.0,2.71,0.71,lateral_movement,0.95,0.9,
ALT-00020,yes,0.0,0.0,1.0,1.36,0.15,lateral_movement,0.95,0.92,
ALT-00021,yes,0.0,0.38,0.62,0.16,0.84,resource_development,0.57,0.91,
ALT-00022,yes,0.0,0.77,0.23,0.62,0.62,resource_development,0.32,0.83,
ALT-00023,yes,0.0,0.07,0.93,0.22,0.78,exfiltration,0.77,0.88,
ALT-00024,yes,0.01,0.97,0.02,0.66,0.66,credential_access,0.75,0.88,
ALT-00025,yes,0.0,0.14,0.86,1.08,0.76,exfiltration,0.73,0.87,
ALT-00026,yes,0.0,0.09,0.91,0.25,0.75,exfiltration,0.73,0.89,
ALT-00027,yes,0.01,0.97,0.02,0.7,0.7,credential_access,0.77,0.88,
ALT-00028,yes,0.01,0.97,0.02,0.72,0.72,credential_access,0.72,0.88,
ALT-00029,yes,0.0,0.15,0.85,0.94,0.8,exfiltration,0.67,0.88,
ALT-00030,yes,0.0,0.15,0.85,0.99,0.78,exfiltration,0.75,0.88,
ALT-00031,yes,0.81,0.19,0.0,1.12,0.74,credential_access,0.99,0.48,
ALT-00032,yes,0.0,0.01,0.99,0.38,0.62,exfiltration,0.57,0.92,
ALT-00033,yes,0.0,0.08,0.92,0.19,0.81,exfiltration,0.72,0.88,
ALT-00034,yes,0.0,0.01,0.99,0.34,0.66,exfiltration,0.62,0.93,
ALT-00035,yes,0.0,0.21,0.79,1.04,0.74,initial_access,0.82,0.93,
ALT-00036,yes,0.01,0.97,0.02,0.76,0.75,credential_access,0.8,0.87,
ALT-00037,yes,0.0,0.36,0.64,0.17,0.83,resource_development,0.52,0.91,
ALT-00038,yes,0.15,0.78,0.07,0.16,0.84,initial_access,0.96,0.85,
ALT-00039,yes,0.0,0.07,0.93,0.23,0.77,exfiltration,0.76,0.88,
ALT-00040,yes,0.0,0.35,0.65,0.2,0.8,resource_development,0.52,0.92,
ALT-00041,yes,0.0,0.36,0.64,0.34,0.66,resource_development,0.55,0.9,
ALT-00042,yes,0.0,0.25,0.75,0.59,0.58,initial_access,0.84,0.94,
ALT-00043,yes,0.82,0.18,0.0,1.14,0.7,credential_access,0.99,0.45,
ALT-00044,yes,0.01,0.97,0.02,0.72,0.72,credential_access,0.74,0.87,
ALT-00045,yes,0.0,0.38,0.62,0.14,0.86,resource_development,0.53,0.92,
ALT-00046,yes,0.12,0.77,0.11,0.48,0.52,initial_access,0.97,0.81,
ALT-00047,yes,0.0,0.01,0.99,0.46,0.54,exfiltration,0.58,0.91,
ALT-00048,yes,0.0,0.78,0.22,0.65,0.65,resource_development,0.29,0.82,
ALT-00049,yes,0.91,0.09,0.0,1.04,0.95,execution,0.79,0.43,
ALT-00050,yes,0.0,0.8,0.2,0.71,0.7,resource_development,0.31,0.82,
ALT-00051,yes,0.59,0.4,0.01,1.06,0.93,privilege_escalation,1.0,0.52,
ALT-00052,yes,0.82,0.17,0.01,1.13,0.69,credential_access,0.99,0.48,
ALT-00053,yes,0.86,0.14,0.0,1.12,0.72,credential_access,0.99,0.48,
ALT-00054,yes,0.01,0.98,0.01,0.66,0.66,credential_access,0.74,0.88,
ALT-00055,yes,0.11,0.82,0.07,0.17,0.83,initial_access,0.96,0.85,
ALT-00056,yes,0.0,0.8,0.2,0.68,0.67,resource_development,0.29,0.83,
ALT-00057,yes,0.8200000000000001,0.18,0.0,1.16,0.68,credential_access,1.0,0.48,
ALT-00058,yes,0.62,0.28,0.1,2.12,0.87,lateral_movement,0.95,0.63,
ALT-00059,yes,0.11,0.81,0.08,0.13,0.87,initial_access,0.95,0.84,
ALT-00060,yes,0.0,0.1,0.9,0.18,0.82,exfiltration,0.7,0.89,
ALT-00061,yes,0.0,0.07,0.93,0.25,0.75,exfiltration,0.73,0.89,
ALT-00062,yes,0.7,0.28,0.02,2.55,0.55,exfiltration,0.99,0.5,
ALT-00063,yes,0.0,0.01,0.99,0.33,0.67,exfiltration,0.57,0.93,
ALT-00064,yes,0.0,0.01,0.99,0.33,0.67,exfiltration,0.61,0.92,
ALT-00065,yes,0.34,0.64,0.02,0.97,0.86,credential_access,0.84,0.7,
ALT-00066,yes,0.02,0.96,0.02,0.73,0.73,credential_access,0.77,0.88,
ALT-00067,yes,0.11,0.8,0.09,0.17,0.83,initial_access,0.96,0.83,
ALT-00068,yes,0.93,0.07,0.0,1.23,0.77,initial_access,0.95,0.56,
ALT-00069,yes,0.0,0.01,0.99,0.29,0.71,exfiltration,0.63,0.93,
ALT-00070,yes,0.5,0.44,0.06,1.86,0.7,exfiltration,0.62,0.63,
ALT-00071,yes,0.8,0.2,0.0,1.15,0.71,credential_access,1.0,0.44,
ALT-00072,yes,0.81,0.19,0.0,1.14,0.69,credential_access,0.99,0.45,
ALT-00073,yes,0.81,0.19,0.0,1.15,0.71,credential_access,0.99,0.45,
ALT-00074,yes,0.81,0.19,0.0,1.12,0.71,credential_access,0.99,0.45,
ALT-00075,yes,0.0,0.01,0.99,0.33,0.67,exfiltration,0.57,0.93,
ALT-00076,yes,0.01,0.97,0.02,0.65,0.65,credential_access,0.76,0.87,
ALT-00077,yes,0.0,0.24,0.76,0.52,0.52,initial_access,0.84,0.94,
ALT-00078,yes,0.01,0.97,0.02,0.72,0.72,credential_access,0.76,0.88,
ALT-00079,yes,0.0,0.01,0.99,0.36,0.64,exfiltration,0.61,0.93,
ALT-00080,yes,0.0,0.37,0.63,0.21,0.79,resource_development,0.57,0.91,
ALT-00081,yes,0.0,0.01,0.99,0.34,0.66,exfiltration,0.62,0.93,
ALT-00082,yes,0.01,0.97,0.02,0.73,0.73,credential_access,0.8,0.88,
ALT-00083,yes,0.97,0.03,0.0,1.25,0.74,credential_access,0.79,0.59,
ALT-00084,yes,0.9,0.09,0.01,1.3,0.7,initial_access,0.94,0.47,
ALT-00085,yes,0.01,0.97,0.02,0.77,0.76,credential_access,0.79,0.86,
ALT-00086,yes,0.0,0.22,0.78,0.61,0.61,initial_access,0.83,0.94,
ALT-00087,yes,0.0,0.08,0.92,0.21,0.79,exfiltration,0.72,0.88,
ALT-00088,yes,0.92,0.07,0.01,1.59,0.55,exfiltration,0.84,0.5,
ALT-00089,yes,0.02,0.96,0.02,0.75,0.75,credential_access,0.8,0.86,
ALT-00090,yes,0.0,0.71,0.29,0.67,0.66,resource_development,0.32,0.82,
ALT-00091,yes,0.0,0.29,0.71,0.78,0.76,execution,0.85,0.86,
ALT-00092,yes,0.0,0.01,0.99,0.39,0.61,exfiltration,0.59,0.93,
ALT-00093,yes,0.0,0.31,0.69,0.81,0.78,execution,0.87,0.85,
ALT-00094,yes,0.0,0.24,0.76,0.64,0.64,initial_access,0.84,0.94,
ALT-00095,yes,0.84,0.15,0.01,1.78,0.69,credential_access,0.99,0.38,
ALT-00096,yes,0.0,0.26,0.74,0.8,0.77,execution,0.85,0.85,
ALT-00097,yes,0.17,0.75,0.08,0.19,0.81,initial_access,0.97,0.85,
ALT-00098,yes,0.0,0.28,0.72,0.85,0.82,execution,0.85,0.85,
ALT-00099,yes,0.0,0.78,0.22,0.64,0.64,resource_development,0.34,0.83,
ALT-00100,yes,0.0,0.24,0.76,0.82,0.79,execution,0.88,0.86,
ALT-00101,yes,0.97,0.03,0.0,1.95,0.8,credential_access,0.79,0.54,
ALT-00102,yes,0.95,0.05,0.0,2.18,0.74,initial_access,0.93,0.42,
ALT-00103,yes,0.0,0.09,0.91,0.23,0.77,exfiltration,0.73,0.88,
ALT-00104,yes,0.93,0.05,0.02,1.93,0.8,exfiltration,0.86,0.45,
ALT-00105,yes,0.09,0.55,0.36,1.23,0.73,initial_access,0.73,0.78,
ALT-00106,yes,0.4,0.58,0.02,1.73,0.66,exfiltration,1.0,0.62,
ALT-00107,yes,0.0,0.1,0.9,0.91,0.8,exfiltration,0.71,0.88,
ALT-00108,yes,0.84,0.16,0.0,1.11,0.73,credential_access,1.0,0.47,
ALT-00109,yes,0.09,0.63,0.28,1.07,0.91,initial_access,0.98,0.79,
ALT-00110,yes,0.0,0.24,0.76,0.62,0.62,initial_access,0.85,0.94,
ALT-00111,yes,0.0,0.08,0.92,0.35,0.65,exfiltration,0.7,0.88,
ALT-00112,yes,0.8,0.2,0.0,1.16,0.66,credential_access,0.99,0.46,
ALT-00113,yes,0.54,0.43,0.03,2.09,0.82,exfiltration,1.0,0.6,
ALT-00114,yes,0.0,0.18,0.82,0.93,0.79,exfiltration,0.72,0.88,
ALT-00115,yes,0.0,0.23,0.77,1.04,0.77,initial_access,0.88,0.92,
ALT-00116,yes,0.0,0.01,0.99,0.31,0.69,exfiltration,0.58,0.93,
ALT-00117,yes,0.01,0.75,0.24,0.8,0.75,resource_development,0.36,0.81,
ALT-00118,yes,0.0,0.08,0.92,0.23,0.77,exfiltration,0.76,0.89,
ALT-00119,yes,0.0,0.16,0.84,0.99,0.81,exfiltration,0.72,0.87,
ALT-00120,yes,0.0,0.4,0.6,0.35,0.65,resource_development,0.55,0.9,
ALT-00121,yes,0.0,0.19,0.81,1.55,0.34,initial_access,0.84,0.93,
ALT-00122,yes,0.0,0.77,0.23,0.74,0.73,command_and_control,0.32,0.83,
ALT-00123,yes,0.0,0.3,0.7,0.59,0.59,initial_access,0.83,0.94,
ALT-00124,yes,0.0,0.13,0.87,0.98,0.82,exfiltration,0.67,0.88,
ALT-00125,yes,0.15,0.77,0.08,0.13,0.87,initial_access,0.96,0.85,
ALT-00126,yes,0.0,0.12,0.88,0.96,0.8,exfiltration,0.71,0.89,
ALT-00127,yes,0.97,0.03,0.0,1.26,0.73,credential_access,0.79,0.58,
ALT-00128,yes,0.9,0.09,0.01,1.29,0.71,initial_access,0.93,0.47,
ALT-00129,yes,0.0,0.08,0.92,0.2,0.8,exfiltration,0.74,0.89,
ALT-00130,yes,0.0,0.27,0.73,0.59,0.59,initial_access,0.84,0.93,
ALT-00131,yes,0.02,0.94,0.04,1.28,0.58,credential_access,0.76,0.84,
ALT-00132,yes,0.93,0.06,0.01,1.71,0.65,exfiltration,0.81,0.54,
ALT-00133,yes,0.0,0.41,0.59,0.16,0.84,resource_development,0.57,0.92,
ALT-00134,yes,0.01,0.98,0.01,0.73,0.73,credential_access,0.74,0.88,
ALT-00135,yes,0.83,0.16,0.01,1.64,0.62,credential_access,0.99,0.41,
ALT-00136,yes,0.0,0.01,0.99,0.52,0.49,exfiltration,0.6,0.92,
ALT-00137,yes,0.45,0.54,0.01,1.79,0.71,exfiltration,1.0,0.63,
ALT-00138,yes,0.0,0.17,0.83,1.47,0.42,initial_access,0.85,0.93,
ALT-00139,yes,0.84,0.15,0.01,1.8,0.7,credential_access,0.99,0.41,
ALT-00140,yes,0.0,0.26,0.74,0.46,0.54,resource_development,0.53,0.9,
ALT-00141,yes,0.0,0.4,0.6,0.2,0.8,resource_development,0.61,0.91,
ALT-00142,yes,0.0,0.14,0.86,0.93,0.79,exfiltration,0.8,0.88,
ALT-00143,yes,0.11,0.79,0.1,0.21,0.79,initial_access,0.97,0.85,
ALT-00144,yes,0.0,0.38,0.62,0.17,0.83,resource_development,0.58,0.91,
ALT-00145,yes,0.0,0.08,0.92,0.22,0.78,exfiltration,0.76,0.89,
ALT-00146,yes,0.1,0.8099999999999999,0.09,0.2,0.8,initial_access,0.94,0.86,
ALT-00147,yes,0.0,0.26,0.74,0.6,0.6,initial_access,0.85,0.94,
ALT-00148,yes,0.01,0.98,0.01,0.69,0.69,credential_access,0.77,0.88,
ALT-00149,yes,0.01,0.8099999999999999,0.18,0.68,0.68,command_and_control,0.31,0.81,
ALT-00150,yes,0.0,0.24,0.76,0.61,0.61,initial_access,0.83,0.94,
ALT-00151,yes,0.0,0.06,0.94,0.21,0.79,exfiltration,0.73,0.87,
ALT-00152,yes,0.0,0.29,0.71,0.63,0.63,initial_access,0.85,0.94,
ALT-00153,yes,0.0,0.79,0.21,0.71,0.7,resource_development,0.27,0.81,
ALT-00154,yes,0.0,0.01,0.99,0.4,0.6,exfiltration,0.6,0.92,
ALT-00155,yes,0.01,0.97,0.02,0.72,0.72,credential_access,0.76,0.87,
ALT-00156,yes,0.0,0.25,0.75,1.04,0.77,initial_access,0.85,0.92,
ALT-00157,yes,0.0,0.03,0.97,1.07,0.0,exfiltration,0.68,0.93,
ALT-00158,yes,0.01,0.97,0.02,0.71,0.71,credential_access,0.78,0.88,
ALT-00159,yes,0.0,0.03,0.97,1.05,0.0,exfiltration,0.72,0.92,
ALT-00160,yes,0.0,0.03,0.97,1.19,0.0,exfiltration,0.72,0.92,
ALT-00161,yes,0.0,0.09,0.91,0.21,0.79,exfiltration,0.74,0.89,
ALT-00162,yes,0.0,0.15,0.85,1.1,0.75,exfiltration,0.72,0.86,
ALT-00163,yes,0.81,0.19,0.0,1.13,0.71,credential_access,0.99,0.43,
ALT-00164,yes,0.11,0.82,0.07,0.15,0.85,initial_access,0.96,0.84,
ALT-00165,yes,0.83,0.17,0.0,1.12,0.73,credential_access,1.0,0.45,
ALT-00166,yes,0.0,0.74,0.26,0.63,0.63,resource_development,0.34,0.82,
ALT-00167,yes,0.0,0.01,0.99,0.45,0.55,exfiltration,0.63,0.93,
ALT-00168,yes,0.0,0.01,0.99,0.56,0.52,exfiltration,0.63,0.91,
ALT-00169,yes,0.0,0.27,0.73,1.0,0.76,initial_access,0.85,0.93,
ALT-00170,yes,0.16,0.77,0.07,0.18,0.82,initial_access,0.96,0.84,
ALT-00171,yes,0.0,0.32,0.68,0.36,0.64,execution,0.57,0.9,
ALT-00172,yes,0.14,0.77,0.09,0.15,0.85,initial_access,0.97,0.84,
ALT-00173,yes,0.24,0.75,0.01,1.04,0.94,initial_access,0.97,0.72,
ALT-00174,yes,0.83,0.17,0.0,1.11,0.72,credential_access,1.0,0.46,
ALT-00175,yes,0.0,0.0,1.0,1.56,0.24,lateral_movement,0.96,0.91,
ALT-00176,yes,0.0,0.0,1.0,1.54,0.3,lateral_movement,0.96,0.91,
ALT-00177,yes,0.0,0.0,1.0,2.75,0.75,lateral_movement,0.96,0.9,
ALT-00178,yes,0.82,0.17,0.01,1.59,0.58,credential_access,0.99,0.44,
ALT-00179,yes,0.0,0.0,1.0,1.47,0.25,lateral_movement,0.96,0.91,
ALT-00180,yes,0.83,0.17,0.0,1.09,0.72,credential_access,0.99,0.48,
ALT-00181,yes,0.0,0.01,0.99,0.32,0.68,exfiltration,0.58,0.93,
ALT-00182,yes,0.83,0.17,0.0,1.12,0.71,credential_access,0.99,0.49,
ALT-00183,yes,0.0,0.39,0.61,0.2,0.8,resource_development,0.64,0.9,
ALT-00184,yes,0.02,0.92,0.06,1.34,0.55,credential_access,0.72,0.84,
ALT-00185,yes,0.81,0.19,0.0,1.11,0.72,credential_access,1.0,0.5,
ALT-00186,yes,0.0,0.18,0.8200000000000001,0.59,0.58,initial_access,0.83,0.95,
ALT-00187,yes,0.0,0.01,0.99,0.46,0.54,exfiltration,0.61,0.92,
ALT-00188,yes,0.0,0.2,0.8,0.6,0.6,initial_access,0.84,0.94,
ALT-00189,yes,0.83,0.17,0.0,1.19,0.67,credential_access,1.0,0.48,
ALT-00190,yes,0.0,0.14,0.86,0.98,0.8,exfiltration,0.75,0.87,
ALT-00191,yes,0.84,0.16,0.0,1.17,0.68,credential_access,1.0,0.46,
ALT-00192,yes,0.0,0.08,0.92,0.21,0.79,exfiltration,0.71,0.88,
ALT-00193,yes,0.02,0.97,0.01,0.72,0.71,credential_access,0.82,0.88,
ALT-00194,yes,0.0,0.07,0.93,0.25,0.75,exfiltration,0.76,0.89,
ALT-00195,yes,0.17,0.76,0.07,0.16,0.84,initial_access,0.95,0.83,
ALT-00196,yes,0.0,0.15,0.85,0.95,0.81,exfiltration,0.76,0.88,
ALT-00197,yes,0.0,0.15,0.85,0.96,0.8,exfiltration,0.68,0.89,
ALT-00198,yes,0.0,0.01,0.99,0.35,0.65,exfiltration,0.59,0.93,
ALT-00199,yes,0.0,0.31,0.69,0.18,0.82,resource_development,0.59,0.91,
ALT-00200,yes,0.01,0.97,0.02,0.66,0.66,credential_access,0.74,0.86,
ALT-00201,yes,0.81,0.19,0.0,1.15,0.7,credential_access,0.99,0.46,
ALT-00202,yes,0.0,0.27,0.73,0.59,0.59,initial_access,0.86,0.94,
ALT-00203,yes,0.0,0.38,0.62,0.19,0.81,resource_development,0.57,0.91,
ALT-00204,yes,0.0,0.75,0.25,0.67,0.66,resource_development,0.31,0.82,
ALT-00205,yes,0.01,0.98,0.01,0.7,0.7,credential_access,0.78,0.87,
ALT-00206,yes,0.01,0.97,0.02,0.68,0.67,credential_access,0.74,0.88,
ALT-00207,yes,0.0,0.76,0.24,0.61,0.61,command_and_control,0.27,0.83,
ALT-00208,yes,0.01,0.97,0.02,0.67,0.67,credential_access,0.74,0.87,
ALT-00209,yes,0.81,0.19,0.0,1.1,0.71,credential_access,1.0,0.47,
ALT-00210,yes,0.18,0.76,0.06,0.2,0.8,initial_access,0.97,0.83,
ALT-00211,yes,0.23,0.67,0.1,1.09,0.89,persistence,0.97,0.79,
ALT-00212,yes,0.0,0.14,0.86,0.96,0.81,exfiltration,0.72,0.88,
ALT-00213,yes,0.0,0.21,0.79,0.58,0.58,initial_access,0.84,0.94,
ALT-00214,yes,0.0,0.07,0.93,0.23,0.77,exfiltration,0.75,0.89,
ALT-00215,yes,0.0,0.4,0.6,0.16,0.84,resource_development,0.57,0.91,
ALT-00216,yes,0.0,0.29,0.71,0.66,0.66,initial_access,0.82,0.94,
ALT-00217,yes,0.16,0.77,0.07,0.18,0.82,initial_access,0.96,0.83,
ALT-00218,yes,0.01,0.97,0.02,0.75,0.75,credential_access,0.78,0.87,
ALT-00219,yes,0.0,0.4,0.6,0.16,0.84,resource_development,0.61,0.92,
ALT-00220,yes,0.0,0.42,0.58,0.16,0.84,resource_development,0.51,0.9,
ALT-00221,yes,0.0,0.07,0.93,0.22,0.78,exfiltration,0.74,0.88,
ALT-00222,yes,0.0,0.25,0.75,0.63,0.63,initial_access,0.84,0.94,
ALT-00223,yes,0.0,0.14,0.86,1.12,0.75,exfiltration,0.77,0.86,
ALT-00224,yes,0.14,0.78,0.08,0.19,0.81,initial_access,0.97,0.84,
ALT-00225,yes,0.0,0.09,0.91,0.18,0.82,exfiltration,0.74,0.89,
ALT-00226,yes,0.0,0.28,0.72,0.6,0.6,initial_access,0.86,0.94,
ALT-00227,yes,0.45,0.52,0.03,2.72,0.72,initial_access,0.98,0.64,
ALT-00228,yes,0.0,0.09,0.91,0.19,0.81,exfiltration,0.74,0.88,
ALT-00229,yes,0.0,0.15,0.85,0.96,0.82,exfiltration,0.68,0.87,
ALT-00230,yes,0.0,0.01,0.99,0.49,0.51,exfiltration,0.59,0.91,
ALT-00231,yes,0.0,0.42,0.58,0.17,0.83,resource_development,0.59,0.91,
ALT-00232,yes,0.82,0.17,0.01,1.65,0.63,credential_access,0.99,0.41,
ALT-00233,yes,0.0,0.29,0.71,0.6,0.6,initial_access,0.84,0.94,
ALT-00234,yes,0.8200000000000001,0.18,0.0,1.11,0.64,credential_access,1.0,0.45,
ALT-00235,yes,0.0,0.32,0.68,0.19,0.81,resource_development,0.62,0.92,
ALT-00236,yes,0.0,0.78,0.22,0.62,0.62,resource_development,0.28,0.82,
ALT-00237,yes,0.08,0.56,0.36,1.89,0.74,initial_access,0.73,0.77,
ALT-00238,yes,0.18,0.76,0.06,0.17,0.83,initial_access,0.98,0.84,
ALT-00239,yes,0.0,0.41,0.59,0.2,0.8,resource_development,0.59,0.91,
ALT-00240,yes,0.16,0.63,0.21,1.89,0.76,initial_access,0.97,0.76,
ALT-00241,yes,0.83,0.17,0.0,1.08,0.73,credential_access,0.99,0.44,
ALT-00242,yes,0.0,0.08,0.92,0.23,0.77,exfiltration,0.75,0.89,
ALT-00243,yes,0.0,0.14,0.86,0.95,0.78,exfiltration,0.76,0.87,
ALT-00244,yes,0.82,0.18,0.0,1.1,0.73,credential_access,0.99,0.44,
ALT-00245,yes,0.79,0.21,0.0,1.08,0.7,credential_access,1.0,0.44,
ALT-00246,yes,0.0,0.77,0.23,0.68,0.67,command_and_control,0.28,0.82,
ALT-00247,yes,0.0,0.01,0.99,0.32,0.68,exfiltration,0.6,0.93,
ALT-00248,yes,0.01,0.97,0.02,0.75,0.75,credential_access,0.78,0.87,
ALT-00249,yes,0.97,0.03,0.0,1.26,0.74,credential_access,0.77,0.58,
ALT-00250,yes,0.91,0.09,0.0,1.25,0.74,initial_access,0.95,0.46,
ALT-00251,yes,0.81,0.19,0.0,1.17,0.71,credential_access,1.0,0.45,
ALT-00252,yes,0.91,0.08,0.01,1.63,0.59,exfiltration,0.84,0.45,
ALT-00253,yes,0.01,0.97,0.02,0.68,0.68,credential_access,0.72,0.88,
ALT-00254,yes,0.11,0.83,0.06,0.16,0.84,initial_access,0.96,0.85,
ALT-00255,yes,0.0,0.78,0.22,0.68,0.68,resource_development,0.31,0.83,
ALT-00256,yes,0.0,0.16,0.84,0.94,0.81,exfiltration,0.73,0.89,
ALT-00257,yes,0.01,0.98,0.01,0.7,0.7,credential_access,0.78,0.88,
ALT-00258,yes,0.18,0.73,0.09,0.45,0.55,initial_access,0.97,0.81,
ALT-00259,yes,0.48,0.51,0.01,1.75,0.68,exfiltration,1.0,0.62,
ALT-00260,yes,0.0,0.09,0.91,0.22,0.78,exfiltration,0.74,0.88,
ALT-00261,yes,0.0,0.01,0.99,0.32,0.68,exfiltration,0.59,0.93,
ALT-00262,yes,0.01,0.95,0.04,0.67,0.61,discovery,0.84,0.83,
ALT-00263,yes,0.84,0.16,0.0,1.13,0.72,credential_access,1.0,0.44,
ALT-00264,yes,0.12,0.8,0.08,0.13,0.87,initial_access,0.96,0.84,
ALT-00265,yes,0.82,0.18,0.0,1.14,0.71,credential_access,0.99,0.49,
ALT-00266,yes,0.0,0.14,0.86,0.98,0.78,exfiltration,0.73,0.88,
ALT-00267,yes,0.83,0.17,0.0,1.1,0.75,credential_access,0.99,0.47,
ALT-00268,yes,0.0,0.15,0.85,0.97,0.8,exfiltration,0.66,0.88,
ALT-00269,yes,0.85,0.15,0.0,1.13,0.68,credential_access,0.99,0.44,
ALT-00270,yes,0.49,0.34,0.17,2.37,0.49,persistence,0.98,0.74,
ALT-00271,yes,0.1,0.83,0.07,0.16,0.84,initial_access,0.96,0.85,
ALT-00272,yes,0.0,0.78,0.22,0.67,0.66,command_and_control,0.28,0.83,
ALT-00273,yes,0.82,0.18,0.0,1.13,0.73,credential_access,0.99,0.47,
ALT-00274,yes,0.0,0.73,0.27,0.63,0.63,command_and_control,0.33,0.83,
ALT-00275,yes,0.0,0.08,0.92,0.23,0.77,exfiltration,0.73,0.89,
ALT-00276,yes,0.0,0.01,0.99,0.32,0.68,exfiltration,0.6,0.93,
ALT-00277,yes,0.0,0.01,0.99,0.33,0.67,exfiltration,0.57,0.93,
ALT-00278,yes,0.0,0.43,0.57,0.19,0.81,resource_development,0.59,0.91,
ALT-00279,yes,0.14,0.79,0.07,0.16,0.84,initial_access,0.96,0.85,
ALT-00280,yes,0.0,0.01,0.99,0.34,0.66,exfiltration,0.62,0.93,
ALT-00281,yes,0.77,0.22,0.01,1.1,0.75,credential_access,0.99,0.48,
ALT-00282,yes,0.01,0.97,0.02,0.78,0.78,credential_access,0.82,0.86,
ALT-00283,yes,0.0,0.01,0.99,0.39,0.61,exfiltration,0.57,0.93,
ALT-00284,yes,0.02,0.96,0.02,1.01,0.81,credential_access,0.72,0.84,
ALT-00285,yes,0.0,0.25,0.75,0.6,0.6,initial_access,0.85,0.94,
ALT-00286,yes,0.0,0.13,0.87,0.96,0.78,exfiltration,0.71,0.88,
ALT-00287,yes,0.01,0.97,0.02,0.7,0.7,credential_access,0.78,0.87,
ALT-00288,yes,0.81,0.19,0.0,1.12,0.71,credential_access,1.0,0.42,
ALT-00289,yes,0.13,0.8099999999999999,0.06,0.2,0.8,initial_access,0.96,0.83,
ALT-00290,yes,0.0,0.01,0.99,0.39,0.61,exfiltration,0.6,0.93,
ALT-00291,yes,0.0,0.13,0.87,1.08,0.76,exfiltration,0.77,0.87,
ALT-00292,yes,0.02,0.96,0.02,1.02,0.81,credential_access,0.77,0.85,
ALT-00293,yes,0.17,0.75,0.08,0.17,0.83,initial_access,0.96,0.84,
ALT-00294,yes,0.0,0.17,0.83,0.97,0.82,exfiltration,0.75,0.87,
ALT-00295,yes,0.0,0.35,0.65,0.32,0.68,resource_development,0.6,0.9,
ALT-00296,yes,0.0,0.13,0.87,0.9,0.77,exfiltration,0.74,0.89,
ALT-00297,yes,0.0,0.39,0.61,0.18,0.82,resource_development,0.66,0.92,
ALT-00298,yes,0.01,0.97,0.02,0.69,0.69,credential_access,0.76,0.87,
ALT-00299,yes,0.1,0.8,0.1,0.16,0.84,initial_access,0.96,0.84,
ALT-00300,yes,0.01,0.97,0.02,0.7,0.7,credential_access,0.78,0.88,
ALT-00301,yes,0.01,0.98,0.01,0.71,0.71,credential_access,0.79,0.87,
ALT-00302,yes,0.26,0.73,0.01,1.05,0.92,initial_access,0.98,0.7,
ALT-00303,yes,0.15,0.76,0.09,0.18,0.82,initial_access,0.95,0.84,
ALT-00304,yes,0.0,0.37,0.63,0.17,0.83,resource_development,0.59,0.91,
ALT-00305,yes,0.0,0.28,0.72,0.65,0.64,initial_access,0.83,0.94,
ALT-00306,yes,0.01,0.97,0.02,0.72,0.72,credential_access,0.77,0.88,
ALT-00307,yes,0.0,0.1,0.9,0.96,0.81,exfiltration,0.74,0.88,
ALT-00308,yes,0.0,0.07,0.93,1.09,0.77,exfiltration,0.75,0.87,
ALT-00309,yes,0.13,0.77,0.1,0.48,0.52,initial_access,0.96,0.83,
ALT-00310,yes,0.01,0.64,0.35,1.38,0.38,discovery,0.87,0.79,
ALT-00311,yes,0.0,0.27,0.73,0.57,0.57,initial_access,0.83,0.94,
ALT-00312,yes,0.0,0.76,0.24,0.65,0.65,resource_development,0.31,0.81,
ALT-00313,no,,,,,,,,,
ALT-00314,no,,,,,,,,,
ALT-00315,yes,0.0,0.14,0.86,0.97,0.82,exfiltration,0.74,0.88,
ALT-00316,yes,0.0,0.0,1.0,0.75,0.51,credential_access,0.99,0.87,
ALT-00317,yes,0.0,0.08,0.92,0.33,0.67,exfiltration,0.75,0.87,
ALT-00318,yes,0.0,0.0,1.0,0.8,0.51,credential_access,0.99,0.87,
ALT-00319,yes,0.16,0.75,0.09,0.45,0.55,initial_access,0.97,0.81,
ALT-00320,yes,0.0,0.28,0.72,0.63,0.63,initial_access,0.83,0.94,
ALT-00321,yes,0.01,0.97,0.02,0.7,0.7,credential_access,0.76,0.87,
ALT-00322,yes,0.0,0.01,0.99,0.51,0.49,exfiltration,0.6,0.92,
ALT-00323,yes,0.01,0.98,0.01,0.7,0.7,credential_access,0.77,0.87,
ALT-00324,yes,0.0,0.01,0.99,0.36,0.64,exfiltration,0.6,0.93,
ALT-00325,yes,0.0,0.25,0.75,0.52,0.52,initial_access,0.84,0.94,
ALT-00326,yes,0.62,0.37,0.01,1.04,0.94,initial_access,0.91,0.66,
ALT-00327,yes,0.0,0.4,0.6,0.17,0.83,resource_development,0.62,0.91,
ALT-00328,yes,0.0,0.07,0.93,0.2,0.8,exfiltration,0.74,0.88,
ALT-00329,yes,0.0,0.09,0.91,0.2,0.8,exfiltration,0.71,0.88,
ALT-00330,yes,0.0,0.09,0.91,0.25,0.75,exfiltration,0.71,0.88,
ALT-00331,yes,0.01,0.97,0.02,0.74,0.74,credential_access,0.82,0.88,
ALT-00332,yes,0.0,0.14,0.86,0.93,0.79,exfiltration,0.69,0.89,
ALT-00333,yes,0.0,0.78,0.22,0.66,0.66,command_and_control,0.3,0.83,
ALT-00334,yes,0.0,0.23,0.77,1.48,0.43,initial_access,0.85,0.92,
ALT-00335,yes,0.0,0.09,0.91,1.13,0.71,exfiltration,0.71,0.87,
ALT-00336,yes,0.0,0.21,0.79,0.57,0.57,initial_access,0.87,0.94,
ALT-00337,yes,0.0,0.01,0.99,0.33,0.67,exfiltration,0.6,0.93,
ALT-00338,yes,0.01,0.97,0.02,0.69,0.69,credential_access,0.76,0.88,
ALT-00339,yes,0.0,0.73,0.27,0.64,0.63,resource_development,0.29,0.84,
ALT-00340,yes,0.0,0.22,0.78,0.59,0.59,initial_access,0.82,0.94,
ALT-00341,yes,0.82,0.17,0.01,1.17,0.68,credential_access,0.99,0.43,
ALT-00342,yes,0.33,0.57,0.1,1.07,0.9,persistence,0.98,0.79,
ALT-00343,yes,0.0,0.39,0.61,0.16,0.84,resource_development,0.64,0.91,
ALT-00344,yes,0.91,0.09,0.0,1.04,0.96,execution,0.75,0.37,
ALT-00345,yes,0.0,0.07,0.93,0.23,0.77,exfiltration,0.74,0.88,
ALT-00346,yes,0.0,0.13,0.87,0.94,0.83,exfiltration,0.68,0.88,
ALT-00347,yes,0.5599999999999999,0.43,0.01,1.08,0.92,privilege_escalation,1.0,0.53,
ALT-00348,yes,0.0,0.79,0.21,0.66,0.66,resource_development,0.26,0.83,
ALT-00349,yes,0.84,0.16,0.0,1.18,0.69,credential_access,0.99,0.47,
ALT-00350,yes,0.0,0.38,0.62,0.16,0.84,resource_development,0.6,0.91,
ALT-00351,yes,0.0,0.08,0.92,0.19,0.81,exfiltration,0.73,0.89,
ALT-00352,yes,0.0,0.76,0.24,0.66,0.66,command_and_control,0.28,0.82,
ALT-00353,yes,0.0,0.12,0.88,0.92,0.81,exfiltration,0.67,0.88,
ALT-00354,yes,0.71,0.24,0.05,2.14,0.85,lateral_movement,0.96,0.62,
ALT-00355,yes,0.79,0.2,0.01,1.61,0.59,credential_access,1.0,0.42,
ALT-00356,yes,0.14,0.77,0.09,0.16,0.84,initial_access,0.95,0.84,
ALT-00357,yes,0.14,0.77,0.09,0.17,0.83,initial_access,0.97,0.84,
ALT-00358,yes,0.0,0.01,0.99,0.49,0.51,exfiltration,0.61,0.91,
ALT-00359,yes,0.01,0.97,0.02,0.75,0.74,credential_access,0.77,0.87,
ALT-00360,yes,0.83,0.17,0.0,1.15,0.71,credential_access,0.99,0.41,
ALT-00361,yes,0.01,0.98,0.01,0.72,0.72,credential_access,0.72,0.87,
ALT-00362,yes,0.82,0.17,0.01,1.62,0.6,credential_access,0.99,0.44,
ALT-00363,yes,0.7,0.28,0.02,2.52,0.52,exfiltration,0.99,0.5,
ALT-00364,yes,0.0,0.79,0.21,0.7,0.7,command_and_control,0.31,0.82,
ALT-00365,yes,0.01,0.97,0.02,0.7,0.7,credential_access,0.71,0.87,
ALT-00366,yes,0.17,0.76,0.07,0.18,0.82,initial_access,0.97,0.83,
ALT-00367,yes,0.0,0.39,0.61,0.16,0.84,resource_development,0.6,0.91,
ALT-00368,yes,0.8,0.2,0.0,1.16,0.68,credential_access,0.99,0.46,
ALT-00369,yes,0.0,0.39,0.61,0.19,0.81,resource_development,0.6,0.91,
ALT-00370,yes,0.0,0.79,0.21,0.62,0.61,resource_development,0.35,0.83,
ALT-00371,yes,0.0,0.09,0.91,0.23,0.77,exfiltration,0.71,0.89,
ALT-00372,yes,0.97,0.03,0.0,1.26,0.74,credential_access,0.76,0.6,
ALT-00373,yes,0.0,0.01,0.99,0.39,0.61,exfiltration,0.55,0.93,
ALT-00374,yes,0.88,0.12,0.0,1.31,0.69,initial_access,0.94,0.5,
ALT-00375,yes,0.91,0.07,0.02,1.75,0.67,exfiltration,0.78,0.5,
ALT-00376,yes,0.0,0.07,0.93,0.2,0.8,exfiltration,0.76,0.89,
ALT-00377,yes,0.0,0.28,0.72,0.58,0.58,initial_access,0.87,0.94,
ALT-00378,yes,0.0,0.41,0.59,0.2,0.8,resource_development,0.61,0.91,
ALT-00379,yes,0.82,0.18,0.0,1.15,0.71,credential_access,0.99,0.47,
ALT-00380,yes,0.0,0.73,0.27,0.66,0.66,resource_development,0.28,0.83,
ALT-00381,yes,0.01,0.97,0.02,0.7,0.7,credential_access,0.77,0.88,
ALT-00382,yes,0.0,0.38,0.62,0.2,0.8,resource_development,0.55,0.89,
ALT-00383,yes,0.38,0.61,0.01,1.8,0.73,exfiltration,1.0,0.63,
ALT-00384,yes,0.0,0.21,0.79,0.6,0.6,initial_access,0.84,0.94,
ALT-00385,yes,0.0,0.17,0.83,0.96,0.8,exfiltration,0.77,0.88,
ALT-00386,yes,0.0,0.16,0.84,0.94,0.78,exfiltration,0.75,0.88,
ALT-00387,yes,0.0,0.08,0.92,0.23,0.77,exfiltration,0.74,0.89,
ALT-00388,yes,0.0,0.42,0.58,0.17,0.83,resource_development,0.61,0.92,
ALT-00389,yes,0.0,0.14,0.86,1.0,0.82,exfiltration,0.73,0.88,
ALT-00390,yes,0.01,0.97,0.02,0.68,0.68,credential_access,0.77,0.87,
ALT-00391,yes,0.0,0.14,0.86,0.97,0.8,exfiltration,0.76,0.88,
ALT-00392,yes,0.71,0.28,0.01,2.62,0.62,initial_access,0.92,0.61,
ALT-00393,yes,0.15,0.79,0.06,0.17,0.83,initial_access,0.95,0.84,
ALT-00394,yes,0.01,0.97,0.02,0.7,0.69,credential_access,0.74,0.88,
ALT-00395,yes,0.79,0.21,0.0,1.13,0.73,credential_access,0.99,0.45,
ALT-00396,yes,0.0,0.76,0.24,0.65,0.65,command_and_control,0.29,0.82,
ALT-00397,yes,0.01,0.94,0.05,0.68,0.62,discovery,0.85,0.82,
ALT-00398,yes,0.83,0.16,0.01,1.76,0.67,credential_access,0.99,0.4,
ALT-00399,yes,0.0,0.0,1.0,1.61,0.27,lateral_movement,0.97,0.92,
ALT-00400,yes,0.0,0.0,1.0,1.48,0.23,lateral_movement,0.97,0.91,
ALT-00401,yes,0.0,0.0,1.0,2.76,0.76,lateral_movement,0.96,0.91,
ALT-00402,yes,0.0,0.0,1.0,1.52,0.29,lateral_movement,0.96,0.91,
ALT-00403,yes,0.0,0.32,0.68,0.36,0.64,resource_development,0.53,0.9,
ALT-00404,yes,0.0,0.81,0.19,0.62,0.61,resource_development,0.28,0.82,
ALT-00405,yes,0.0,0.39,0.61,0.18,0.82,resource_development,0.6,0.91,
ALT-00406,yes,0.0,0.01,0.99,0.34,0.66,exfiltration,0.62,0.92,
ALT-00407,yes,0.0,0.28,0.72,0.56,0.56,initial_access,0.82,0.93,
ALT-00408,yes,0.0,0.14,0.86,0.94,0.79,exfiltration,0.74,0.87,
ALT-00409,yes,0.26,0.72,0.02,1.13,0.86,collection,0.93,0.74,
ALT-00410,yes,0.0,0.77,0.23,0.65,0.65,command_and_control,0.27,0.83,
ALT-00411,yes,0.0,0.19,0.81,0.56,0.56,initial_access,0.86,0.94,
ALT-00412,yes,0.83,0.17,0.0,1.12,0.72,credential_access,0.99,0.46,
ALT-00413,yes,0.22,0.77,0.01,1.09,0.0,reconnaissance,0.97,0.7,
ALT-00414,yes,0.15,0.84,0.01,1.12,0.0,reconnaissance,0.95,0.76,
ALT-00415,yes,0.0,0.24,0.76,1.05,0.76,initial_access,0.87,0.93,
ALT-00416,yes,0.19,0.8,0.01,1.12,0.0,reconnaissance,0.95,0.75,
ALT-00417,yes,0.14,0.79,0.07,0.16,0.84,initial_access,0.97,0.81,
ALT-00418,yes,0.0,0.26,0.74,0.58,0.58,initial_access,0.86,0.94,
ALT-00419,yes,0.01,0.74,0.25,0.83,0.76,resource_development,0.34,0.81,
ALT-00420,yes,0.0,0.37,0.63,0.16,0.84,resource_development,0.56,0.92,
ALT-00421,yes,0.02,0.96,0.02,0.73,0.73,credential_access,0.75,0.88,
ALT-00422,yes,0.07,0.52,0.41,1.18,0.77,initial_access,0.75,0.78,
ALT-00423,yes,0.0,0.01,0.99,0.49,0.51,exfiltration,0.62,0.91,
ALT-00424,yes,0.12,0.78,0.1,0.2,0.8,initial_access,0.94,0.84,
ALT-00425,yes,0.06,0.61,0.33,1.06,0.92,initial_access,0.97,0.81,
ALT-00426,yes,0.83,0.17,0.0,1.14,0.7,credential_access,1.0,0.42,
ALT-00427,yes,0.0,0.25,0.75,0.59,0.59,initial_access,0.84,0.94,
ALT-00428,yes,0.0,0.24,0.76,0.57,0.57,initial_access,0.83,0.94,
ALT-00429,yes,0.0,0.21,0.79,0.59,0.59,initial_access,0.84,0.94,
ALT-00430,yes,0.0,0.8,0.2,0.68,0.68,resource_development,0.3,0.83,
ALT-00431,yes,0.0,0.23,0.77,0.55,0.55,initial_access,0.83,0.94,
ALT-00432,yes,0.01,0.98,0.01,0.7,0.7,credential_access,0.79,0.88,
ALT-00433,yes,0.0,0.01,0.99,0.36,0.64,exfiltration,0.59,0.93,
ALT-00434,yes,0.0,0.24,0.76,0.56,0.56,initial_access,0.84,0.94,
ALT-00435,yes,0.0,0.38,0.62,0.19,0.81,resource_development,0.6,0.91,
ALT-00436,yes,0.0,0.01,0.99,0.31,0.69,exfiltration,0.57,0.93,
ALT-00437,yes,0.0,0.36,0.64,0.16,0.84,resource_development,0.55,0.92,
ALT-00438,yes,0.0,0.35,0.65,0.23,0.77,resource_development,0.58,0.91,
ALT-00439,yes,0.15,0.78,0.07,0.16,0.84,initial_access,0.96,0.84,
ALT-00440,yes,0.0,0.13,0.87,0.97,0.81,exfiltration,0.74,0.88,
ALT-00441,yes,0.0,0.01,0.99,0.34,0.66,exfiltration,0.6,0.93,
ALT-00442,yes,0.0,0.08,0.92,0.24,0.76,exfiltration,0.77,0.88,
ALT-00443,yes,0.0,0.18,0.82,1.02,0.73,initial_access,0.83,0.93,
ALT-00444,yes,0.84,0.16,0.0,1.19,0.68,credential_access,1.0,0.47,
ALT-00445,yes,0.02,0.95,0.03,0.99,0.82,credential_access,0.78,0.85,
ALT-00446,yes,0.13,0.8,0.07,0.16,0.84,initial_access,0.97,0.85,
ALT-00447,yes,0.0,0.77,0.23,0.64,0.64,resource_development,0.33,0.82,
ALT-00448,yes,0.8,0.19,0.01,1.15,0.71,credential_access,0.99,0.43,
ALT-00449,yes,0.0,0.26,0.74,0.56,0.56,initial_access,0.84,0.94,
ALT-00450,yes,0.0,0.01,0.99,0.32,0.68,exfiltration,0.57,0.93,
ALT-00451,yes,0.0,0.26,0.74,0.68,0.68,initial_access,0.84,0.94,
ALT-00452,yes,0.0,0.01,0.99,0.35,0.65,exfiltration,0.54,0.93,
ALT-00453,yes,0.0,0.81,0.19,0.66,0.65,resource_development,0.3,0.82,
ALT-00454,yes,0.0,0.01,0.99,0.51,0.49,exfiltration,0.61,0.91,
ALT-00455,yes,0.0,0.79,0.21,0.66,0.65,resource_development,0.35,0.82,
ALT-00456,yes,0.1,0.85,0.05,0.17,0.83,initial_access,0.96,0.84,
ALT-00457,yes,0.0,0.09,0.91,0.25,0.75,exfiltration,0.73,0.89,
ALT-00458,yes,0.0,0.4,0.6,0.18,0.82,resource_development,0.63,0.9,
ALT-00459,yes,0.0,0.4,0.6,0.18,0.82,resource_development,0.58,0.92,
ALT-00460,yes,0.0,0.01,0.99,0.34,0.66,exfiltration,0.58,0.92,
ALT-00461,yes,0.0,0.41,0.59,0.2,0.8,resource_development,0.64,0.9,
ALT-00462,yes,0.0,0.79,0.21,0.64,0.64,command_and_control,0.26,0.83,
ALT-00463,yes,0.23,0.64,0.13,2.2,0.68,collection,0.94,0.73,
ALT-00464,yes,0.0,0.37,0.63,0.3,0.7,resource_development,0.56,0.9,
ALT-00465,yes,0.0,0.42,0.58,0.17,0.83,resource_development,0.63,0.91,
ALT-00466,yes,0.0,0.21,0.79,0.6,0.6,initial_access,0.83,0.95,
ALT-00467,yes,0.62,0.37,0.01,1.02,0.95,initial_access,0.93,0.68,
ALT-00468,yes,0.82,0.18,0.0,1.15,0.7,credential_access,0.99,0.42,
ALT-00469,yes,0.0,0.15,0.85,1.07,0.78,exfiltration,0.75,0.87,
ALT-00470,yes,0.0,0.78,0.22,0.62,0.62,resource_development,0.34,0.82,
ALT-00471,yes,0.13,0.78,0.09,0.2,0.8,initial_access,0.97,0.84,
ALT-00472,yes,0.16,0.77,0.07,0.15,0.85,initial_access,0.96,0.83,
ALT-00473,yes,0.0,0.77,0.23,0.64,0.64,resource_development,0.29,0.83,
ALT-00474,yes,0.0,0.21,0.79,0.6,0.6,initial_access,0.83,0.94,
ALT-00475,yes,0.0,0.01,0.99,0.55,0.52,exfiltration,0.61,0.91,
ALT-00476,yes,0.18,0.74,0.08,0.21,0.79,initial_access,0.96,0.83,
ALT-00477,yes,0.83,0.16,0.01,1.6,0.59,credential_access,0.99,0.46,
ALT-00478,yes,0.0,0.77,0.23,0.63,0.63,resource_development,0.32,0.81,
ALT-00479,yes,0.0,0.08,0.92,0.23,0.77,exfiltration,0.76,0.88,
ALT-00480,yes,0.0,0.01,0.99,0.36,0.64,exfiltration,0.6,0.92,
ALT-00481,yes,0.1,0.77,0.13,1.12,0.78,exfiltration,0.98,0.8,
ALT-00482,yes,0.0,0.22,0.78,0.59,0.59,initial_access,0.84,0.94,
ALT-00483,yes,0.0,0.8,0.2,0.66,0.65,resource_development,0.3,0.82,
ALT-00484,yes,0.0,0.14,0.86,0.99,0.79,exfiltration,0.79,0.88,
ALT-00485,yes,0.81,0.19,0.0,1.12,0.69,credential_access,1.0,0.47,
ALT-00486,yes,0.01,0.97,0.02,0.68,0.68,credential_access,0.71,0.89,
ALT-00487,yes,0.02,0.96,0.02,0.8,0.8,credential_access,0.79,0.86,
ALT-00488,yes,0.81,0.19,0.0,1.13,0.71,credential_access,0.99,0.45,
ALT-00489,yes,0.0,0.36,0.64,0.31,0.69,resource_development,0.58,0.89,
ALT-00490,yes,0.0,0.01,0.99,0.38,0.62,exfiltration,0.61,0.93,
ALT-00491,yes,0.0,0.25,0.75,0.6,0.59,initial_access,0.85,0.94,
ALT-00492,yes,0.87,0.1,0.03,3.0,1.0,privilege_escalation,0.7,0.41,
ALT-00493,yes,0.14,0.78,0.08,0.39,0.61,initial_access,0.97,0.83,
ALT-00494,yes,0.0,0.01,0.99,0.34,0.66,exfiltration,0.57,0.93,
ALT-00495,yes,0.01,0.97,0.02,0.73,0.72,credential_access,0.8,0.87,
ALT-00496,yes,0.0,0.24,0.76,0.62,0.62,initial_access,0.85,0.94,
ALT-00497,yes,0.0,0.09,0.91,0.22,0.78,exfiltration,0.74,0.88,
ALT-00498,yes,0.0,0.21,0.79,0.62,0.62,initial_access,0.83,0.94,
ALT-00499,yes,0.0,0.01,0.99,0.48,0.52,exfiltration,0.63,0.92,
ALT-00500,yes,0.15,0.76,0.09,0.19,0.81,initial_access,0.97,0.84,
ALT-00501,yes,0.12,0.79,0.09,0.44,0.56,initial_access,0.96,0.82,
ALT-00502,yes,0.0,0.24,0.76,0.59,0.59,initial_access,0.83,0.94,
ALT-00503,yes,0.0,0.42,0.58,0.16,0.84,resource_development,0.58,0.93,
ALT-00504,yes,0.14,0.77,0.09,0.41,0.59,initial_access,0.96,0.83,
ALT-00505,yes,0.0,0.01,0.99,0.35,0.65,exfiltration,0.6,0.93,
ALT-00506,yes,0.0,0.13,0.87,0.97,0.82,exfiltration,0.73,0.88,
ALT-00507,yes,0.0,0.22,0.78,0.57,0.57,initial_access,0.84,0.94,
ALT-00508,yes,0.0,0.14,0.86,0.95,0.81,exfiltration,0.75,0.88,
ALT-00509,yes,0.0,0.4,0.6,0.17,0.83,resource_development,0.59,0.9,
ALT-00510,yes,0.0,0.19,0.81,0.58,0.58,initial_access,0.85,0.94,
ALT-00511,yes,0.78,0.22,0.0,1.12,0.68,credential_access,1.0,0.48,
ALT-00512,yes,0.02,0.96,0.02,0.77,0.77,credential_access,0.77,0.87,
ALT-00513,yes,0.0,0.12,0.88,0.93,0.82,exfiltration,0.75,0.89,
ALT-00514,yes,0.0,0.22,0.78,0.57,0.57,initial_access,0.84,0.94,
ALT-00515,yes,0.0,0.01,0.99,0.38,0.62,exfiltration,0.53,0.93,
ALT-00516,yes,0.0,0.16,0.84,0.94,0.79,exfiltration,0.73,0.87,
ALT-00517,yes,0.85,0.15,0.0,1.16,0.67,credential_access,0.99,0.46,
ALT-00518,yes,0.0,0.01,0.99,0.36,0.64,exfiltration,0.59,0.93,
ALT-00519,yes,0.01,0.97,0.02,0.73,0.73,credential_access,0.79,0.88,
ALT-00520,yes,0.17,0.76,0.07,0.17,0.83,initial_access,0.95,0.83,
ALT-00521,yes,0.0,0.08,0.92,0.21,0.79,exfiltration,0.73,0.88,
ALT-00522,yes,0.0,0.39,0.61,0.19,0.81,resource_development,0.56,0.91,
ALT-00523,yes,0.12,0.79,0.09,0.19,0.81,initial_access,0.96,0.84,
ALT-00524,yes,0.09,0.55,0.36,1.72,0.63,exfiltration,0.97,0.78,
ALT-00525,yes,0.56,0.43,0.01,1.02,0.96,credential_access,0.62,0.7,
ALT-00526,yes,0.0,0.14,0.86,0.96,0.82,exfiltration,0.76,0.89,
ALT-00527,yes,0.84,0.16,0.0,1.17,0.7,credential_access,0.99,0.46,
ALT-00528,yes,0.0,0.8,0.2,0.71,0.7,resource_development,0.28,0.82,
ALT-00529,yes,0.16,0.77,0.07,0.2,0.8,initial_access,0.96,0.82,
ALT-00530,yes,0.0,0.41,0.59,0.18,0.82,resource_development,0.62,0.92,
ALT-00531,yes,0.14,0.79,0.07,0.2,0.8,initial_access,0.95,0.84,
ALT-00532,yes,0.0,0.07,0.93,0.22,0.78,exfiltration,0.75,0.89,
ALT-00533,yes,0.0,0.81,0.19,0.68,0.67,resource_development,0.28,0.82,
ALT-00534,yes,0.0,0.12,0.88,0.92,0.77,exfiltration,0.74,0.89,
ALT-00535,yes,0.13,0.79,0.08,0.15,0.85,initial_access,0.96,0.83,
ALT-00536,yes,0.0,0.37,0.63,0.19,0.81,resource_development,0.59,0.9,
ALT-00537,yes,0.0,0.79,0.21,0.6,0.6,resource_development,0.29,0.83,
ALT-00538,yes,0.2,0.77,0.03,1.15,0.85,collection,0.95,0.76,
ALT-00539,yes,0.0,0.08,0.92,0.27,0.73,exfiltration,0.74,0.88,
ALT-00540,yes,0.0,0.01,0.99,0.44,0.56,exfiltration,0.64,0.91,
ALT-00541,yes,0.0,0.01,0.99,0.34,0.66,exfiltration,0.59,0.93,
ALT-00542,yes,0.0,0.14,0.86,0.95,0.81,exfiltration,0.75,0.88,
ALT-00543,yes,0.0,0.13,0.87,0.95,0.79,exfiltration,0.75,0.89,
ALT-00544,yes,0.0,0.21,0.79,1.05,0.76,initial_access,0.85,0.93,
ALT-00545,yes,0.0,0.81,0.19,0.69,0.69,resource_development,0.32,0.82,
ALT-00546,yes,0.01,0.97,0.02,0.74,0.74,credential_access,0.78,0.88,
ALT-00547,yes,0.0,0.08,0.92,0.18,0.82,exfiltration,0.7,0.89,
ALT-00548,yes,0.0,0.07,0.93,0.23,0.77,exfiltration,0.75,0.87,
ALT-00549,yes,0.84,0.15,0.01,1.11,0.69,credential_access,1.0,0.45,
ALT-00550,yes,0.0,0.01,0.99,0.38,0.62,exfiltration,0.58,0.93,
ALT-00551,yes,0.0,0.16,0.84,0.95,0.82,exfiltration,0.74,0.88,
ALT-00552,yes,0.0,0.79,0.21,0.65,0.64,command_and_control,0.29,0.82,
ALT-00553,yes,0.02,0.89,0.09,1.07,0.87,collection,0.82,0.79,
ALT-00554,yes,0.0,0.42,0.58,0.18,0.82,resource_development,0.59,0.92,
ALT-00555,yes,0.0,0.21,0.79,0.66,0.66,initial_access,0.85,0.94,
ALT-00556,yes,0.0,0.77,0.23,0.66,0.66,resource_development,0.33,0.83,
ALT-00557,yes,0.0,0.36,0.64,0.14,0.86,resource_development,0.63,0.91,
ALT-00558,yes,0.0,0.01,0.99,0.33,0.67,exfiltration,0.56,0.93,
ALT-00559,yes,0.16,0.77,0.07,0.19,0.81,initial_access,0.96,0.84,
ALT-00560,yes,0.0,0.74,0.26,0.63,0.62,resource_development,0.35,0.83,
ALT-00561,yes,0.0,0.15,0.85,0.94,0.8,exfiltration,0.73,0.89,
ALT-00562,yes,0.83,0.16,0.01,1.81,0.71,credential_access,0.99,0.4,
ALT-00563,yes,0.83,0.17,0.0,1.13,0.71,credential_access,0.99,0.47,
ALT-00564,yes,0.0,0.01,0.99,0.37,0.63,exfiltration,0.57,0.93,
ALT-00565,yes,0.0,0.01,0.99,0.33,0.67,exfiltration,0.62,0.93,
ALT-00566,yes,0.0,0.38,0.62,0.35,0.65,resource_development,0.55,0.9,
ALT-00567,yes,0.8,0.19,0.01,1.14,0.71,credential_access,1.0,0.45,
ALT-00568,yes,0.0,0.08,0.92,0.21,0.79,exfiltration,0.74,0.89,
ALT-00569,yes,0.0,0.75,0.25,0.62,0.62,resource_development,0.3,0.84,
ALT-00570,yes,0.0,0.01,0.99,0.3,0.7,exfiltration,0.55,0.93,
ALT-00571,yes,0.8,0.2,0.0,1.11,0.72,credential_access,0.99,0.47,
ALT-00572,yes,0.0,0.21,0.79,1.05,0.76,initial_access,0.84,0.93,
ALT-00573,yes,0.82,0.18,0.0,1.11,0.68,credential_access,0.99,0.48,
ALT-00574,yes,0.0,0.08,0.92,0.34,0.66,exfiltration,0.76,0.87,
ALT-00575,yes,0.72,0.26,0.02,2.58,0.58,credential_access,0.58,0.62,
ALT-00576,yes,0.8200000000000001,0.18,0.0,1.12,0.67,credential_access,0.99,0.48,
ALT-00577,yes,0.14,0.77,0.09,0.16,0.84,initial_access,0.96,0.83,
ALT-00578,yes,0.0,0.14,0.86,0.96,0.79,exfiltration,0.73,0.88,
ALT-00579,yes,0.13,0.78,0.09,0.19,0.81,initial_access,0.97,0.83,
ALT-00580,yes,0.14,0.79,0.07,0.21,0.79,initial_access,0.97,0.83,
ALT-00581,yes,0.0,0.01,0.99,0.51,0.49,exfiltration,0.58,0.91,
ALT-00582,yes,0.0,0.66,0.34,0.54,0.53,initial_access,0.85,0.92,
ALT-00583,yes,0.0,0.78,0.22,0.68,0.67,command_and_control,0.28,0.82,
ALT-00584,yes,0.0,0.68,0.32,0.48,0.52,initial_access,0.85,0.91,
ALT-00585,yes,0.13,0.8,0.07,0.23,0.77,initial_access,0.97,0.83,
ALT-00586,yes,0.12,0.81,0.07,0.42,0.58,initial_access,0.96,0.82,
ALT-00587,yes,0.0,0.26,0.74,0.55,0.55,initial_access,0.86,0.94,
ALT-00588,yes,0.0,0.39,0.61,0.14,0.86,resource_development,0.54,0.92,
ALT-00589,yes,0.09,0.82,0.09,0.2,0.8,initial_access,0.96,0.84,
ALT-00590,yes,0.15,0.76,0.09,0.49,0.51,initial_access,0.97,0.81,
ALT-00591,yes,0.0,0.38,0.62,0.17,0.83,resource_development,0.62,0.91,
ALT-00592,yes,0.14,0.77,0.09,0.21,0.79,initial_access,0.96,0.83,
ALT-00593,yes,0.0,0.08,0.92,0.21,0.79,exfiltration,0.7,0.88,
ALT-00594,yes,0.0,0.74,0.26,0.64,0.63,command_and_control,0.31,0.82,
ALT-00595,yes,0.0,0.21,0.79,0.56,0.56,initial_access,0.83,0.94,
ALT-00596,yes,0.16,0.76,0.08,1.13,0.77,exfiltration,0.99,0.81,
ALT-00597,yes,0.8,0.2,0.0,1.12,0.71,credential_access,0.99,0.47,
ALT-00598,yes,0.0,0.01,0.99,0.51,0.49,exfiltration,0.61,0.91,
ALT-00599,yes,0.0,0.38,0.62,0.18,0.82,resource_development,0.56,0.92,
ALT-00600,yes,0.0,0.22,0.78,0.8,0.76,execution,0.86,0.86,
ALT-00601,yes,0.0,0.28,0.72,0.83,0.8,execution,0.83,0.85,
ALT-00602,yes,0.01,0.97,0.02,0.69,0.69,credential_access,0.74,0.87,
ALT-00603,yes,0.0,0.27,0.73,0.83,0.79,execution,0.85,0.86,
ALT-00604,yes,0.0,0.24,0.76,0.55,0.55,initial_access,0.86,0.94,
ALT-00605,yes,0.0,0.01,0.99,0.36,0.64,exfiltration,0.62,0.93,
ALT-00606,yes,0.0,0.28,0.72,0.82,0.79,execution,0.82,0.85,
ALT-00607,yes,0.0,0.26,0.74,0.83,0.79,execution,0.85,0.85,
ALT-00608,yes,0.0,0.07,0.93,0.21,0.79,exfiltration,0.7,0.88,
ALT-00609,yes,0.12,0.77,0.11,0.43,0.57,initial_access,0.96,0.84,
ALT-00610,yes,0.02,0.54,0.44,1.73,0.51,collection,0.82,0.77,
ALT-00611,yes,0.0,0.01,0.99,0.57,0.54,exfiltration,0.55,0.91,
ALT-00612,yes,0.85,0.15,0.0,1.13,0.71,credential_access,0.99,0.43,
ALT-00613,yes,0.0,0.08,0.92,0.32,0.68,exfiltration,0.76,0.88,
ALT-00614,yes,0.0,0.34,0.66,0.2,0.8,resource_development,0.72,0.9,
ALT-00615,yes,0.0,0.29,0.71,1.05,0.76,initial_access,0.89,0.93,
ALT-00616,yes,0.0,0.01,0.99,0.33,0.67,exfiltration,0.61,0.92,
ALT-00617,yes,0.82,0.17,0.01,1.59,0.58,credential_access,0.99,0.43,
ALT-00618,yes,0.0,0.15,0.85,0.94,0.81,exfiltration,0.62,0.89,
ALT-00619,yes,0.81,0.19,0.0,1.16,0.71,credential_access,0.99,0.45,
ALT-00620,yes,0.0,0.16,0.84,0.93,0.78,exfiltration,0.7,0.88,
ALT-00621,yes,0.0,0.13,0.87,0.94,0.78,exfiltration,0.71,0.88,
ALT-00622,yes,0.0,0.14,0.86,1.08,0.76,exfiltration,0.73,0.87,
ALT-00623,yes,0.0,0.38,0.62,0.2,0.8,resource_development,0.58,0.91,
ALT-00624,yes,0.0,0.37,0.63,0.23,0.77,resource_development,0.64,0.91,
ALT-00625,yes,0.84,0.16,0.0,1.17,0.69,credential_access,0.99,0.44,
ALT-00626,yes,0.84,0.16,0.0,1.13,0.69,credential_access,1.0,0.41,
ALT-00627,yes,0.01,0.97,0.02,0.72,0.72,credential_access,0.74,0.87,
ALT-00628,yes,0.13,0.79,0.08,0.18,0.82,initial_access,0.96,0.83,
ALT-00629,yes,0.0,0.07,0.93,0.24,0.76,exfiltration,0.76,0.88,
ALT-00630,yes,0.0,0.09,0.91,0.41,0.59,exfiltration,0.76,0.87,
ALT-00631,yes,0.0,0.79,0.21,0.67,0.67,resource_development,0.31,0.83,
ALT-00632,yes,0.09,0.53,0.38,1.25,0.71,initial_access,0.76,0.78,
ALT-00633,yes,0.0,0.41,0.59,0.17,0.83,resource_development,0.56,0.91,
ALT-00634,yes,0.02,0.96,0.02,1.02,0.81,credential_access,0.77,0.84,
ALT-00635,yes,0.0,0.15,0.85,0.96,0.82,exfiltration,0.75,0.88,
ALT-00636,yes,0.8200000000000001,0.18,0.0,1.11,0.7,credential_access,0.99,0.47,
ALT-00637,yes,0.0,0.39,0.61,0.19,0.81,resource_development,0.6,0.91,
ALT-00638,yes,0.09,0.63,0.28,1.06,0.92,initial_access,0.98,0.79,
ALT-00639,yes,0.0,0.79,0.21,0.64,0.64,resource_development,0.32,0.82,
ALT-00640,yes,0.0,0.01,0.99,0.52,0.49,exfiltration,0.62,0.91,
ALT-00641,yes,0.0,0.01,0.99,0.33,0.67,exfiltration,0.63,0.93,
ALT-00642,yes,0.11,0.8,0.09,0.18,0.82,initial_access,0.96,0.84,
ALT-00643,yes,0.0,0.15,0.85,0.94,0.76,exfiltration,0.73,0.87,
ALT-00644,yes,0.15,0.79,0.06,0.16,0.84,initial_access,0.97,0.84,
ALT-00645,yes,0.0,0.09,0.91,0.23,0.77,exfiltration,0.76,0.88,
ALT-00646,yes,0.0,0.01,0.99,0.37,0.63,exfiltration,0.57,0.93,
ALT-00647,yes,0.0,0.01,0.99,0.37,0.63,exfiltration,0.57,0.93,
ALT-00648,yes,0.0,0.78,0.22,0.67,0.67,command_and_control,0.28,0.83,
ALT-00649,yes,0.0,0.26,0.74,0.58,0.58,initial_access,0.86,0.94,
ALT-00650,yes,0.0,0.34,0.66,0.17,0.83,resource_development,0.56,0.91,
ALT-00651,yes,0.0,0.14,0.86,0.95,0.8,exfiltration,0.72,0.88,
ALT-00652,yes,0.0,0.13,0.87,0.92,0.79,exfiltration,0.68,0.88,
ALT-00653,yes,0.0,0.39,0.61,0.16,0.84,resource_development,0.61,0.92,
ALT-00654,yes,0.0,0.01,0.99,0.55,0.49,exfiltration,0.59,0.91,
ALT-00655,yes,0.12,0.79,0.09,0.13,0.87,initial_access,0.96,0.83,
ALT-00656,yes,0.0,0.07,0.93,0.21,0.79,exfiltration,0.73,0.89,
ALT-00657,yes,0.85,0.15,0.0,1.14,0.68,credential_access,0.99,0.46,
ALT-00658,yes,0.0,0.08,0.92,0.22,0.78,exfiltration,0.72,0.87,
ALT-00659,yes,0.0,0.28,0.72,0.58,0.57,initial_access,0.85,0.94,
ALT-00660,yes,0.83,0.17,0.0,1.18,0.66,credential_access,0.99,0.45,
ALT-00661,yes,0.0,0.12,0.88,0.91,0.75,exfiltration,0.74,0.88,
ALT-00662,yes,0.16,0.78,0.06,0.18,0.82,initial_access,0.96,0.84,
ALT-00663,yes,0.1,0.8,0.1,0.41,0.59,initial_access,0.97,0.83,
ALT-00664,yes,0.65,0.34,0.01,1.02,0.96,credential_access,0.62,0.67,
ALT-00665,yes,0.0,0.13,0.87,0.96,0.81,exfiltration,0.72,0.88,
ALT-00666,yes,0.0,0.01,0.99,0.49,0.51,exfiltration,0.63,0.91,
ALT-00667,yes,0.81,0.18,0.01,1.12,0.71,credential_access,0.99,0.45,
ALT-00668,yes,0.01,0.97,0.02,0.74,0.74,credential_access,0.8,0.87,
ALT-00669,yes,0.82,0.17,0.01,1.62,0.61,credential_access,0.99,0.44,
ALT-00670,yes,0.0,0.39,0.61,0.14,0.86,resource_development,0.53,0.91,
ALT-00671,yes,0.01,0.98,0.01,0.7,0.7,credential_access,0.76,0.89,
ALT-00672,yes,0.0,0.01,0.99,0.38,0.62,exfiltration,0.59,0.92,
ALT-00673,yes,0.0,0.78,0.22,0.61,0.6,resource_development,0.26,0.83,
ALT-00674,yes,0.0,0.23,0.77,0.58,0.58,initial_access,0.84,0.94,
ALT-00675,yes,0.0,0.42,0.58,0.17,0.83,resource_development,0.53,0.89,
ALT-00676,yes,0.09,0.83,0.08,0.14,0.86,initial_access,0.96,0.84,
ALT-00677,yes,0.12,0.82,0.06,0.2,0.8,initial_access,0.96,0.84,
ALT-00678,yes,0.0,0.01,0.99,0.34,0.66,exfiltration,0.59,0.93,
ALT-00679,yes,0.0,0.61,0.39,2.05,0.05,initial_access,0.91,0.89,
ALT-00680,yes,0.83,0.14,0.03,3.0,1.0,privilege_escalation,0.74,0.43,
ALT-00681,yes,0.0,0.65,0.35,0.49,0.51,initial_access,0.83,0.92,
ALT-00682,yes,0.17,0.76,0.07,0.22,0.78,initial_access,0.97,0.83,
ALT-00683,yes,0.8,0.19,0.01,1.14,0.69,credential_access,0.99,0.47,
ALT-00684,yes,0.0,0.27,0.73,0.57,0.57,initial_access,0.84,0.94,
ALT-00685,yes,0.0,0.79,0.21,0.66,0.65,resource_development,0.31,0.82,
ALT-00686,yes,0.0,0.37,0.63,0.35,0.65,resource_development,0.59,0.91,
ALT-00687,yes,0.0,0.78,0.22,0.7,0.69,resource_development,0.3,0.83,
ALT-00688,yes,0.0,0.41,0.59,0.2,0.8,resource_development,0.6,0.91,
ALT-00689,yes,0.17,0.71,0.12,0.54,0.46,initial_access,0.96,0.82,
ALT-00690,yes,0.85,0.15,0.0,1.13,0.7,credential_access,0.99,0.45,
ALT-00691,yes,0.12,0.8,0.08,0.15,0.85,initial_access,0.97,0.84,
ALT-00692,yes,0.0,0.09,0.91,0.19,0.81,exfiltration,0.72,0.89,
ALT-00693,yes,0.0,0.2,0.8,0.55,0.55,initial_access,0.83,0.94,
ALT-00694,yes,0.0,0.77,0.23,0.66,0.65,resource_development,0.31,0.83,
ALT-00695,yes,0.01,0.98,0.01,0.64,0.64,credential_access,0.72,0.89,
ALT-00696,yes,0.0,0.78,0.22,0.66,0.65,resource_development,0.34,0.83,
ALT-00697,yes,0.0,0.1,0.9,1.03,0.76,exfiltration,0.69,0.88,
ALT-00698,yes,0.16,0.76,0.08,0.51,0.49,initial_access,0.97,0.81,
ALT-00699,yes,0.09,0.52,0.39,1.24,0.73,initial_access,0.76,0.79,
ALT-00700,yes,0.0,0.39,0.61,0.2,0.8,resource_development,0.57,0.91,
ALT-00701,yes,0.0,0.42,0.58,0.17,0.83,resource_development,0.56,0.91,
ALT-00702,yes,0.06,0.65,0.29,1.04,0.92,initial_access,0.98,0.81,
ALT-00703,yes,0.01,0.91,0.08,1.03,0.89,collection,0.83,0.79,
ALT-00704,yes,0.0,0.01,0.99,0.33,0.67,exfiltration,0.59,0.93,
ALT-00705,yes,0.0,0.07,0.93,0.27,0.73,exfiltration,0.72,0.88,
ALT-00706,yes,0.0,0.39,0.61,0.15,0.85,resource_development,0.62,0.91,
ALT-00707,yes,0.0,0.17,0.83,0.57,0.57,initial_access,0.83,0.94,
ALT-00708,yes,0.39,0.6,0.01,0.96,0.85,credential_access,0.84,0.7,
ALT-00709,yes,0.92,0.08,0.0,1.23,0.76,initial_access,0.94,0.55,
ALT-00710,yes,0.0,0.14,0.86,0.92,0.77,exfiltration,0.65,0.88,
ALT-00711,yes,0.0,0.42,0.58,0.18,0.82,resource_development,0.58,0.91,
ALT-00712,yes,0.0,0.08,0.92,0.24,0.76,exfiltration,0.73,0.88,
ALT-00713,yes,0.12,0.8,0.08,0.17,0.83,initial_access,0.95,0.82,
ALT-00714,yes,0.0,0.1,0.9,0.96,0.8,exfiltration,0.73,0.88,
ALT-00715,yes,0.0,0.74,0.26,0.82,0.75,resource_development,0.28,0.8,
ALT-00716,yes,0.59,0.37,0.04,1.87,0.67,exfiltration,0.58,0.59,
ALT-00717,yes,0.17,0.77,0.06,0.39,0.61,initial_access,0.96,0.8,
ALT-00718,yes,0.01,0.98,0.01,0.72,0.71,credential_access,0.79,0.87,
ALT-00719,yes,0.0,0.01,0.99,0.33,0.67,exfiltration,0.63,0.93,
ALT-00720,yes,0.0,0.29,0.71,0.36,0.64,resource_development,0.58,0.9,
ALT-00721,yes,0.02,0.96,0.02,0.67,0.67,credential_access,0.77,0.87,
ALT-00722,yes,0.13,0.78,0.09,0.18,0.82,initial_access,0.96,0.84,
ALT-00723,yes,0.0,0.15,0.85,0.95,0.79,exfiltration,0.73,0.88,
ALT-00724,yes,0.0,0.15,0.85,0.93,0.78,exfiltration,0.74,0.88,
ALT-00725,yes,0.0,0.03,0.97,1.05,0.0,exfiltration,0.7,0.92,
ALT-00726,yes,0.0,0.03,0.97,1.14,0.0,exfiltration,0.68,0.92,
ALT-00727,yes,0.0,0.03,0.97,1.16,0.0,exfiltration,0.68,0.92,
ALT-00728,yes,0.0,0.82,0.18,0.63,0.63,resource_development,0.29,0.83,
ALT-00729,yes,0.0,0.13,0.87,0.99,0.81,exfiltration,0.75,0.88,
ALT-00730,yes,0.82,0.18,0.0,1.14,0.68,credential_access,0.99,0.45,
ALT-00731,yes,0.0,0.11,0.89,0.96,0.81,exfiltration,0.78,0.87,
ALT-00732,yes,0.01,0.96,0.03,1.01,0.81,credential_access,0.78,0.85,
ALT-00733,yes,0.0,0.13,0.87,0.98,0.78,exfiltration,0.73,0.87,
ALT-00734,yes,0.12,0.77,0.11,0.17,0.83,initial_access,0.97,0.84,
ALT-00735,yes,0.84,0.15,0.01,1.78,0.69,credential_access,0.99,0.39,
ALT-00736,yes,0.0,0.79,0.21,0.68,0.68,command_and_control,0.32,0.83,
ALT-00737,yes,0.0,0.07,0.93,0.23,0.77,exfiltration,0.7,0.89,
ALT-00738,yes,0.01,0.97,0.02,0.73,0.72,credential_access,0.79,0.87,
ALT-00739,yes,0.01,0.76,0.23,0.85,0.8,resource_development,0.38,0.8,
ALT-00740,yes,0.0,0.09,0.91,0.24,0.76,exfiltration,0.75,0.88,
ALT-00741,yes,0.83,0.17,0.0,1.17,0.67,credential_access,1.0,0.45,
ALT-00742,yes,0.01,0.96,0.03,1.05,0.79,credential_access,0.71,0.85,
ALT-00743,yes,0.0,0.37,0.63,0.3,0.7,resource_development,0.55,0.9,
ALT-00744,yes,0.0,0.31,0.6900000000000001,0.62,0.62,initial_access,0.86,0.94,
ALT-00745,yes,0.01,0.97,0.02,0.7,0.7,credential_access,0.76,0.88,
ALT-00746,yes,0.15,0.79,0.06,0.17,0.83,initial_access,0.97,0.82,
ALT-00747,yes,0.0,0.01,0.99,0.34,0.66,exfiltration,0.57,0.93,
ALT-00748,yes,0.83,0.17,0.0,1.14,0.75,credential_access,0.99,0.42,
ALT-00749,yes,0.0,0.39,0.61,0.2,0.8,resource_development,0.59,0.91,
ALT-00750,yes,0.97,0.03,0.0,1.27,0.72,credential_access,0.78,0.59,
ALT-00751,yes,0.83,0.17,0.0,1.17,0.69,credential_access,0.99,0.44,
ALT-00752,yes,0.88,0.11,0.01,1.26,0.73,initial_access,0.93,0.48,
ALT-00753,yes,0.9,0.08,0.02,1.71,0.64,exfiltration,0.79,0.53,
ALT-00754,yes,0.0,0.14,0.86,0.98,0.77,exfiltration,0.72,0.87,
ALT-00755,yes,0.0,0.78,0.22,0.83,0.78,resource_development,0.3,0.8,
ALT-00756,yes,0.15,0.79,0.06,0.18,0.82,initial_access,0.96,0.84,
ALT-00757,yes,0.0,0.08,0.92,0.21,0.79,exfiltration,0.76,0.88,
ALT-00758,yes,0.39,0.59,0.02,1.74,0.68,exfiltration,1.0,0.62,
ALT-00759,yes,0.0,0.07,0.93,0.2,0.8,exfiltration,0.74,0.89,
ALT-00760,yes,0.0,0.01,0.99,0.59,0.51,exfiltration,0.6,0.9,
ALT-00761,yes,0.15,0.76,0.09,0.18,0.82,initial_access,0.96,0.84,
ALT-00762,yes,0.01,0.97,0.02,0.74,0.74,credential_access,0.75,0.86,
ALT-00763,yes,0.0,0.01,0.99,0.37,0.63,exfiltration,0.6,0.93,
ALT-00764,yes,0.01,0.97,0.02,0.74,0.74,credential_access,0.78,0.87,
ALT-00765,yes,0.0,0.28,0.72,0.42,0.58,execution,0.63,0.9,
ALT-00766,yes,0.82,0.17,0.01,1.57,0.56,credential_access,0.99,0.45,
ALT-00767,yes,0.0,0.37,0.63,0.2,0.8,resource_development,0.53,0.91,
ALT-00768,yes,0.0,0.01,0.99,0.32,0.68,exfiltration,0.6,0.93,
ALT-00769,yes,0.0,0.01,0.99,0.39,0.61,exfiltration,0.58,0.92,
ALT-00770,yes,0.0,0.06,0.94,0.18,0.82,exfiltration,0.77,0.89,
ALT-00771,yes,0.0,0.25,0.75,0.55,0.55,initial_access,0.85,0.94,
ALT-00772,yes,0.0,0.07,0.93,0.22,0.78,exfiltration,0.77,0.88,
ALT-00773,yes,0.83,0.17,0.0,1.17,0.65,credential_access,0.99,0.47,
ALT-00774,yes,0.0,0.24,0.76,0.57,0.57,initial_access,0.86,0.94,
ALT-00775,yes,0.0,0.27,0.73,0.64,0.63,initial_access,0.85,0.94,
ALT-00776,yes,0.0,0.01,0.99,0.35,0.65,exfiltration,0.55,0.93,
ALT-00777,yes,0.13,0.79,0.08,0.17,0.83,initial_access,0.96,0.84,
ALT-00778,yes,0.02,0.96,0.02,0.79,0.78,credential_access,0.77,0.87,
ALT-00779,yes,0.14,0.78,0.08,0.2,0.8,initial_access,0.96,0.82,
ALT-00780,yes,0.79,0.21,0.0,1.12,0.72,credential_access,0.99,0.46,
ALT-00781,yes,0.0,0.28,0.72,0.55,0.55,initial_access,0.83,0.94,
ALT-00782,yes,0.0,0.31,0.69,0.4,0.6,resource_development,0.57,0.9,
ALT-00783,yes,0.0,0.19,0.81,0.6,0.6,initial_access,0.86,0.94,
ALT-00784,yes,0.01,0.98,0.01,0.68,0.68,credential_access,0.75,0.88,
ALT-00785,yes,0.01,0.97,0.02,0.72,0.71,credential_access,0.72,0.87,
ALT-00786,yes,0.0,0.42,0.58,0.18,0.82,resource_development,0.58,0.91,
ALT-00787,yes,0.0,0.01,0.99,0.54,0.51,exfiltration,0.6,0.92,
ALT-00788,yes,0.0,0.01,0.99,0.34,0.66,exfiltration,0.57,0.93,
ALT-00789,yes,0.0,0.1,0.9,1.06,0.79,exfiltration,0.77,0.87,
ALT-00790,yes,0.0,0.35,0.65,0.18,0.82,resource_development,0.63,0.91,
ALT-00791,yes,0.0,0.18,0.8200000000000001,1.01,0.76,initial_access,0.86,0.93,
ALT-00792,yes,0.07,0.52,0.41,1.2,0.76,initial_access,0.75,0.79,
ALT-00793,yes,0.0,0.81,0.19,0.68,0.67,resource_development,0.35,0.82,
ALT-00794,yes,0.07,0.63,0.3,1.06,0.91,initial_access,0.98,0.79,
ALT-00795,yes,0.15,0.76,0.09,0.17,0.83,initial_access,0.96,0.83,
ALT-00796,yes,0.0,0.25,0.75,0.58,0.57,initial_access,0.84,0.95,
ALT-00797,yes,0.01,0.74,0.25,0.83,0.77,resource_development,0.29,0.8,
ALT-00798,yes,0.13,0.79,0.08,0.14,0.86,initial_access,0.97,0.82,
ALT-00799,yes,0.0,0.28,0.72,0.59,0.59,initial_access,0.86,0.94,
ALT-00800,yes,0.84,0.16,0.0,1.17,0.7,credential_access,1.0,0.46,
ALT-00801,yes,0.01,0.98,0.01,0.69,0.69,credential_access,0.79,0.87,
ALT-00802,yes,0.0,0.7,0.3,0.49,0.51,initial_access,0.86,0.92,
ALT-00803,yes,0.0,0.69,0.31,0.52,0.51,initial_access,0.88,0.91,
ALT-00804,yes,0.01,0.97,0.02,0.71,0.71,credential_access,0.73,0.87,
ALT-00805,yes,0.81,0.19,0.0,1.18,0.69,credential_access,0.99,0.41,
ALT-00806,yes,0.0,0.01,0.99,0.56,0.53,exfiltration,0.62,0.91,
ALT-00807,yes,0.0,0.13,0.87,0.96,0.81,exfiltration,0.72,0.88,
ALT-00808,yes,0.86,0.14,0.0,1.15,0.7,credential_access,0.99,0.44,
ALT-00809,yes,0.33,0.65,0.02,0.97,0.86,credential_access,0.84,0.72,
ALT-00810,yes,0.0,0.14,0.86,0.94,0.79,exfiltration,0.79,0.87,
ALT-00811,yes,0.9,0.1,0.0,1.21,0.79,initial_access,0.95,0.58,
ALT-00812,yes,0.97,0.03,0.0,1.28,0.72,credential_access,0.8,0.62,
ALT-00813,yes,0.17,0.77,0.06,0.16,0.84,initial_access,0.98,0.84,
ALT-00814,yes,0.9,0.09,0.01,1.31,0.69,initial_access,0.93,0.46,
ALT-00815,yes,0.92,0.07,0.01,1.73,0.67,exfiltration,0.78,0.5,
ALT-00816,yes,0.0,0.39,0.61,0.18,0.82,resource_development,0.58,0.92,
ALT-00817,yes,0.41,0.51,0.08,1.85,0.67,exfiltration,0.62,0.63,
ALT-00818,yes,0.01,0.97,0.02,0.69,0.69,credential_access,0.71,0.88,
ALT-00819,yes,0.0,0.24,0.76,0.59,0.59,initial_access,0.86,0.93,
ALT-00820,yes,0.0,0.21,0.79,1.04,0.78,initial_access,0.86,0.93,
ALT-00821,yes,0.0,0.07,0.93,0.22,0.78,exfiltration,0.72,0.88,
ALT-00822,yes,0.0,0.34,0.66,0.36,0.64,resource_development,0.59,0.91,
ALT-00823,yes,0.8099999999999999,0.18,0.01,1.15,0.71,credential_access,0.99,0.47,
ALT-00824,yes,0.0,0.33,0.67,0.42,0.58,execution,0.63,0.9,
ALT-00825,yes,0.01,0.97,0.02,0.7,0.7,credential_access,0.8,0.88,
ALT-00826,yes,0.02,0.96,0.02,0.76,0.76,credential_access,0.82,0.88,
ALT-00827,yes,0.43,0.55,0.02,1.77,0.68,exfiltration,1.0,0.62,
ALT-00828,yes,0.0,0.23,0.77,0.58,0.58,initial_access,0.83,0.94,
ALT-00829,yes,0.0,0.24,0.76,0.57,0.57,initial_access,0.85,0.94,
ALT-00830,yes,0.0,0.17,0.83,0.59,0.59,initial_access,0.84,0.94,
ALT-00831,yes,0.0,0.01,0.99,0.32,0.68,exfiltration,0.59,0.93,
ALT-00832,yes,0.01,0.97,0.02,0.7,0.7,credential_access,0.76,0.87,
ALT-00833,yes,0.01,0.97,0.02,0.68,0.67,credential_access,0.75,0.88,
ALT-00834,yes,0.0,0.78,0.22,0.62,0.62,resource_development,0.31,0.83,
ALT-00835,yes,0.01,0.97,0.02,0.68,0.68,credential_access,0.82,0.88,
ALT-00836,yes,0.15,0.78,0.07,0.19,0.81,initial_access,0.97,0.84,
ALT-00837,yes,0.12,0.78,0.1,0.18,0.82,initial_access,0.97,0.84,
ALT-00838,yes,0.0,0.78,0.22,0.67,0.66,command_and_control,0.27,0.83,
ALT-00839,yes,0.0,0.13,0.87,0.91,0.76,exfiltration,0.74,0.88,
ALT-00840,yes,0.0,0.01,0.99,0.32,0.68,exfiltration,0.58,0.93,
ALT-00841,yes,0.0,0.15,0.85,0.87,0.77,exfiltration,0.68,0.89,
ALT-00842,yes,0.18,0.74,0.08,0.19,0.81,initial_access,0.96,0.84,
ALT-00843,yes,0.86,0.14,0.0,1.19,0.68,credential_access,0.99,0.47,
ALT-00844,yes,0.0,0.09,0.91,0.2,0.8,exfiltration,0.71,0.89,
ALT-00845,yes,0.12,0.81,0.07,0.17,0.83,initial_access,0.97,0.82,
ALT-00846,yes,0.0,0.38,0.62,0.19,0.81,resource_development,0.53,0.92,
ALT-00847,yes,0.01,0.98,0.01,0.7,0.7,credential_access,0.77,0.88,
ALT-00848,yes,0.0,0.39,0.61,0.14,0.86,resource_development,0.55,0.92,
ALT-00849,yes,0.83,0.17,0.0,1.12,0.71,credential_access,1.0,0.46,
ALT-00850,yes,0.12,0.81,0.07,0.19,0.81,initial_access,0.97,0.84,
ALT-00851,yes,0.82,0.18,0.0,1.1,0.71,credential_access,0.99,0.45,
ALT-00852,yes,0.0,0.01,0.99,0.39,0.61,exfiltration,0.61,0.93,
ALT-00853,yes,0.0,0.01,0.99,0.36,0.64,exfiltration,0.58,0.93,
ALT-00854,yes,0.0,0.01,0.99,0.37,0.63,exfiltration,0.63,0.93,
ALT-00855,yes,0.93,0.07,0.0,1.06,0.94,execution,0.74,0.4,
ALT-00856,yes,0.0,0.13,0.87,0.93,0.78,exfiltration,0.74,0.88,
ALT-00857,yes,0.0,0.01,0.99,0.33,0.67,exfiltration,0.63,0.93,
ALT-00858,yes,0.0,0.01,0.99,0.32,0.68,exfiltration,0.61,0.93,
ALT-00859,yes,0.6,0.39,0.01,1.06,0.94,privilege_escalation,1.0,0.51,
ALT-00860,yes,0.0,0.08,0.92,0.18,0.82,exfiltration,0.7,0.89,
ALT-00861,yes,0.0,0.09,0.91,0.24,0.76,exfiltration,0.77,0.9,
ALT-00862,yes,0.0,0.16,0.84,0.93,0.81,exfiltration,0.73,0.87,
ALT-00863,yes,0.66,0.26,0.08,2.15,0.84,lateral_movement,0.95,0.64,
ALT-00864,yes,0.0,0.41,0.59,0.15,0.85,resource_development,0.53,0.92,
ALT-00865,yes,0.97,0.03,0.0,1.25,0.74,credential_access,0.83,0.61,
ALT-00866,yes,0.83,0.16,0.01,1.68,0.67,credential_access,1.0,0.45,
ALT-00867,yes,0.83,0.17,0.0,1.16,0.74,credential_access,0.99,0.44,
ALT-00868,yes,0.91,0.09,0.0,1.29,0.7,initial_access,0.93,0.47,
ALT-00869,yes,0.0,0.13,0.87,0.95,0.81,exfiltration,0.71,0.88,
ALT-00870,yes,0.92,0.07,0.01,1.62,0.58,exfiltration,0.83,0.5,
ALT-00871,yes,0.0,0.01,0.99,0.33,0.67,exfiltration,0.58,0.93,
ALT-00872,yes,0.0,0.01,0.99,0.47,0.53,exfiltration,0.58,0.92,
ALT-00873,yes,0.7,0.28,0.02,2.59,0.59,exfiltration,0.99,0.51,
ALT-00874,yes,0.01,0.98,0.01,0.71,0.71,credential_access,0.77,0.88,
ALT-00875,yes,0.82,0.18,0.0,1.12,0.72,credential_access,0.99,0.46,
ALT-00876,yes,0.01,0.97,0.02,0.7,0.7,credential_access,0.77,0.87,
ALT-00877,yes,0.0,0.09,0.91,0.47,0.53,exfiltration,0.75,0.86,
ALT-00878,yes,0.0,0.14,0.86,1.05,0.78,exfiltration,0.72,0.87,
ALT-00879,yes,0.0,0.24,0.76,1.03,0.76,initial_access,0.85,0.93,
ALT-00880,yes,0.0,0.32,0.68,0.57,0.57,initial_access,0.87,0.94,
ALT-00881,yes,0.0,0.77,0.23,0.64,0.64,resource_development,0.28,0.83,
ALT-00882,yes,0.0,0.25,0.75,0.61,0.61,initial_access,0.85,0.94,
ALT-00883,yes,0.46,0.53,0.01,1.77,0.71,exfiltration,1.0,0.61,
ALT-00884,yes,0.0,0.07,0.93,0.22,0.78,exfiltration,0.73,0.89,
ALT-00885,yes,0.01,0.97,0.02,0.72,0.72,credential_access,0.79,0.87,
ALT-00886,yes,0.0,0.01,0.99,0.37,0.63,exfiltration,0.61,0.93,
ALT-00887,yes,0.0,0.29,0.71,0.62,0.62,initial_access,0.84,0.94,
ALT-00888,yes,0.0,0.25,0.75,0.79,0.75,execution,0.86,0.85,
ALT-00889,yes,0.0,0.23,0.77,0.81,0.78,execution,0.83,0.85,
ALT-00890,yes,0.0,0.29,0.71,0.8,0.77,execution,0.85,0.86,
ALT-00891,yes,0.0,0.24,0.76,0.81,0.78,execution,0.86,0.85,
ALT-00892,yes,0.0,0.28,0.72,0.77,0.74,execution,0.85,0.86,
ALT-00893,yes,0.8,0.19,0.01,1.12,0.67,credential_access,0.99,0.46,
ALT-00894,yes,0.0,0.01,0.99,0.32,0.68,exfiltration,0.6,0.93,
ALT-00895,yes,0.0,0.07,0.93,0.24,0.76,exfiltration,0.74,0.88,
ALT-00896,yes,0.0,0.22,0.78,0.57,0.57,initial_access,0.85,0.94,
ALT-00897,yes,0.0,0.15,0.85,1.09,0.74,exfiltration,0.73,0.88,
ALT-00898,yes,0.0,0.79,0.21,0.65,0.65,resource_development,0.27,0.82,
ALT-00899,yes,0.84,0.15,0.01,1.61,0.59,credential_access,0.99,0.41,
ALT-00900,yes,0.85,0.12,0.03,3.0,1.0,privilege_escalation,0.77,0.41,
ALT-00901,yes,0.0,0.8,0.2,0.63,0.62,command_and_control,0.26,0.83,
ALT-00902,yes,0.0,0.11,0.89,0.4,0.6,exfiltration,0.75,0.87,
ALT-00903,yes,0.0,0.21,0.79,0.64,0.64,initial_access,0.86,0.94,
ALT-00904,yes,0.0,0.7,0.3,0.66,0.66,resource_development,0.43,0.84,
ALT-00905,yes,0.0,0.16,0.84,0.95,0.82,exfiltration,0.74,0.88,
ALT-00906,yes,0.81,0.19,0.0,1.17,0.67,credential_access,0.99,0.44,
ALT-00907,yes,0.0,0.14,0.86,0.94,0.79,exfiltration,0.72,0.87,
ALT-00908,yes,0.0,0.77,0.23,0.79,0.75,command_and_control,0.29,0.8,
ALT-00909,yes,0.0,0.78,0.22,0.63,0.62,resource_development,0.36,0.83,
ALT-00910,yes,0.81,0.19,0.0,1.13,0.7,credential_access,0.99,0.46,
ALT-00911,yes,0.0,0.15,0.85,0.95,0.8,exfiltration,0.75,0.88,
ALT-00912,yes,0.0,0.09,0.91,0.21,0.79,exfiltration,0.73,0.89,
ALT-00913,yes,0.16,0.83,0.01,1.11,0.0,reconnaissance,0.95,0.72,
ALT-00914,yes,0.15,0.84,0.01,1.16,0.0,reconnaissance,0.96,0.72,
ALT-00915,yes,0.8,0.2,0.0,1.17,0.66,credential_access,0.99,0.49,
ALT-00916,yes,0.16,0.83,0.01,1.08,0.0,reconnaissance,0.96,0.72,
ALT-00917,yes,0.0,0.16,0.84,0.93,0.79,exfiltration,0.75,0.89,
ALT-00918,yes,0.0,0.32,0.68,0.28,0.72,resource_development,0.61,0.91,
ALT-00919,yes,0.0,0.01,0.99,0.38,0.62,exfiltration,0.63,0.93,
ALT-00920,yes,0.0,0.08,0.92,0.21,0.79,exfiltration,0.77,0.89,
ALT-00921,yes,0.0,0.81,0.19,0.67,0.67,resource_development,0.3,0.83,
ALT-00922,yes,0.0,0.27,0.73,0.58,0.58,initial_access,0.83,0.94,
ALT-00923,yes,0.0,0.01,0.99,0.35,0.65,exfiltration,0.62,0.93,
ALT-00924,yes,0.0,0.39,0.61,0.18,0.82,resource_development,0.61,0.9,
ALT-00925,yes,0.0,0.79,0.21,0.64,0.64,resource_development,0.34,0.82,
ALT-00926,yes,0.83,0.17,0.0,1.09,0.71,credential_access,0.99,0.46,
ALT-00927,yes,0.0,0.01,0.99,0.32,0.68,exfiltration,0.59,0.93,
ALT-00928,yes,0.0,0.74,0.26,0.7,0.7,command_and_control,0.27,0.83,
ALT-00929,yes,0.0,0.16,0.84,0.97,0.83,exfiltration,0.78,0.87,
ALT-00930,yes,0.0,0.09,0.91,0.24,0.76,exfiltration,0.75,0.88,
ALT-00931,yes,0.0,0.14,0.86,0.95,0.8,exfiltration,0.73,0.88,
ALT-00932,yes,0.0,0.09,0.91,0.22,0.78,exfiltration,0.71,0.88,
ALT-00933,yes,0.01,0.97,0.02,0.71,0.71,credential_access,0.76,0.87,
ALT-00934,yes,0.0,0.37,0.63,0.2,0.8,resource_development,0.64,0.92,
ALT-00935,yes,0.0,0.13,0.87,0.96,0.83,exfiltration,0.67,0.88,
ALT-00936,yes,0.0,0.34,0.66,0.16,0.84,resource_development,0.59,0.92,
ALT-00937,yes,0.0,0.01,0.99,0.36,0.64,exfiltration,0.62,0.93,
ALT-00938,yes,0.17,0.77,0.06,0.19,0.81,initial_access,0.95,0.84,
ALT-00939,yes,0.83,0.17,0.0,1.16,0.72,credential_access,0.99,0.46,
ALT-00940,yes,0.77,0.23,0.0,1.11,0.69,credential_access,0.99,0.46,
ALT-00941,yes,0.0,0.27,0.73,0.59,0.59,initial_access,0.87,0.93,
ALT-00942,yes,0.0,0.07,0.93,0.19,0.81,exfiltration,0.72,0.88,
ALT-00943,yes,0.8200000000000001,0.18,0.0,1.09,0.7,credential_access,0.99,0.47,
ALT-00944,yes,0.0,0.09,0.91,0.2,0.8,exfiltration,0.73,0.88,
ALT-00945,no,,,,,,,,,
ALT-00946,no,,,,,,,,,
ALT-00947,yes,0.97,0.03,0.0,1.22,0.77,credential_access,0.81,0.59,
ALT-00948,yes,0.0,0.0,1.0,0.8,0.53,credential_access,0.99,0.87,
ALT-00949,yes,0.0,0.0,1.0,0.89,0.53,credential_access,0.99,0.86,
ALT-00950,yes,0.88,0.11,0.01,1.3,0.69,initial_access,0.93,0.5,
ALT-00951,yes,0.92,0.07,0.01,1.62,0.57,exfiltration,0.83,0.55,
ALT-00952,yes,0.83,0.17,0.0,1.18,0.7,credential_access,0.99,0.47,
ALT-00953,yes,0.14,0.79,0.07,0.18,0.82,initial_access,0.97,0.83,
ALT-00954,yes,0.0,0.34,0.66,0.19,0.81,resource_development,0.59,0.91,
ALT-00955,yes,0.0,0.24,0.76,1.03,0.74,initial_access,0.84,0.93,
ALT-00956,yes,0.0,0.14,0.86,0.97,0.8,exfiltration,0.64,0.88,
ALT-00957,yes,0.13,0.8,0.07,0.16,0.84,initial_access,0.97,0.84,
ALT-00958,yes,0.0,0.14,0.86,0.94,0.78,exfiltration,0.7,0.88,
ALT-00959,yes,0.46,0.53,0.01,1.78,0.69,exfiltration,1.0,0.63,
ALT-00960,yes,0.0,0.36,0.64,0.23,0.77,resource_development,0.59,0.9,
ALT-00961,yes,0.02,0.96,0.02,1.03,0.81,credential_access,0.78,0.84,
ALT-00962,yes,0.0,0.4,0.6,0.18,0.82,resource_development,0.58,0.91,
ALT-00963,yes,0.0,0.17,0.83,0.64,0.64,initial_access,0.83,0.94,
ALT-00964,yes,0.0,0.02,0.98,0.95,0.05,exfiltration,0.65,0.93,
ALT-00965,yes,0.0,0.02,0.98,0.91,0.09,exfiltration,0.72,0.92,
ALT-00966,yes,0.0,0.03,0.97,1.04,0.0,exfiltration,0.67,0.92,
ALT-00967,yes,0.0,0.28,0.72,0.65,0.65,initial_access,0.86,0.93,
ALT-00968,yes,0.8200000000000001,0.18,0.0,1.17,0.74,credential_access,0.99,0.43,
ALT-00969,yes,0.0,0.01,0.99,0.36,0.64,exfiltration,0.63,0.92,
ALT-00970,yes,0.0,0.4,0.6,0.16,0.84,resource_development,0.62,0.92,
ALT-00971,yes,0.0,0.07,0.93,0.24,0.76,exfiltration,0.77,0.89,
ALT-00972,yes,0.0,0.01,0.99,0.35,0.65,exfiltration,0.59,0.93,
ALT-00973,yes,0.0,0.21,0.79,0.59,0.59,initial_access,0.84,0.94,
ALT-00974,yes,0.0,0.01,0.99,0.37,0.63,exfiltration,0.59,0.93,
ALT-00975,yes,0.0,0.78,0.22,0.65,0.65,command_and_control,0.3,0.82,
ALT-00976,yes,0.0,0.15,0.85,0.97,0.83,exfiltration,0.73,0.88,
ALT-00977,yes,0.0,0.19,0.81,0.59,0.59,initial_access,0.85,0.94,
ALT-00978,yes,0.0,0.75,0.25,0.61,0.6,resource_development,0.31,0.84,
ALT-00979,yes,0.0,0.01,0.99,0.35,0.65,exfiltration,0.58,0.93,
ALT-00980,yes,0.02,0.95,0.03,1.03,0.78,credential_access,0.67,0.85,
ALT-00981,yes,0.0,0.14,0.86,0.95,0.83,exfiltration,0.66,0.88,
ALT-00982,yes,0.14,0.78,0.08,0.49,0.51,initial_access,0.97,0.82,
ALT-00983,yes,0.0,0.09,0.91,0.19,0.81,exfiltration,0.72,0.88,
ALT-00984,yes,0.01,0.64,0.35,0.99,0.72,command_and_control,0.31,0.78,
ALT-00985,yes,0.01,0.97,0.02,0.67,0.66,credential_access,0.72,0.87,
ALT-00986,yes,0.0,0.4,0.6,0.36,0.64,resource_development,0.52,0.88,
ALT-00987,yes,0.0,0.09,0.91,0.2,0.8,exfiltration,0.76,0.88,
ALT-00988,yes,0.0,0.74,0.26,0.6,0.6,command_and_control,0.26,0.85,
ALT-00989,yes,0.01,0.73,0.26,0.87,0.8,resource_development,0.3,0.8,
ALT-00990,yes,0.0,0.36,0.64,0.36,0.64,resource_development,0.6,0.9,
ALT-00991,yes,0.03,0.95,0.02,1.04,0.8,credential_access,0.76,0.84,
ALT-00992,yes,0.0,0.01,0.99,0.48,0.52,exfiltration,0.58,0.91,
ALT-00993,yes,0.01,0.97,0.02,0.73,0.72,credential_access,0.79,0.87,
ALT-00994,yes,0.01,0.97,0.02,0.7,0.7,credential_access,0.76,0.87,
ALT-00995,yes,0.8200000000000001,0.18,0.0,1.09,0.77,credential_access,0.99,0.44,
ALT-00996,yes,0.0,0.24,0.76,0.59,0.59,initial_access,0.84,0.94,
ALT-00997,yes,0.0,0.06,0.94,0.19,0.81,exfiltration,0.67,0.89,
ALT-00998,yes,0.0,0.01,0.99,0.32,0.68,exfiltration,0.58,0.93,
ALT-00999,yes,0.0,0.01,0.99,0.3,0.7,exfiltration,0.59,0.93,
ALT-01000,yes,0.0,0.09,0.91,0.18,0.82,exfiltration,0.71,0.89,
ALT-01001,yes,0.0,0.01,0.99,0.32,0.68,exfiltration,0.55,0.93,
ALT-01002,yes,0.0,0.79,0.21,0.71,0.7,resource_development,0.3,0.82,
ALT-01003,yes,0.0,0.07,0.93,0.23,0.77,exfiltration,0.74,0.89,
ALT-01004,yes,0.17,0.77,0.06,0.23,0.77,initial_access,0.97,0.83,
ALT-01005,yes,0.0,0.39,0.61,0.32,0.68,resource_development,0.6,0.89,
ALT-01006,yes,0.0,0.29,0.71,0.41,0.59,resource_development,0.59,0.9,
ALT-01007,no,,,,,,,,,
ALT-01008,no,,,,,,,,,
ALT-01009,yes,0.15,0.77,0.08,0.4,0.6,initial_access,0.96,0.81,
ALT-01010,yes,0.0,0.0,1.0,0.8,0.54,credential_access,0.99,0.86,
ALT-01011,yes,0.0,0.07,0.93,1.08,0.74,exfiltration,0.71,0.87,
ALT-01012,yes,0.0,0.0,1.0,0.78,0.51,credential_access,0.99,0.87,
ALT-01013,yes,0.0,0.01,0.99,0.36,0.64,exfiltration,0.54,0.93,
ALT-01014,yes,0.0,0.75,0.25,0.79,0.74,resource_development,0.33,0.8,
ALT-01015,yes,0.0,0.08,0.92,0.22,0.78,exfiltration,0.73,0.88,
ALT-01016,yes,0.83,0.17,0.0,1.14,0.68,credential_access,0.99,0.47,
ALT-01017,yes,0.0,0.79,0.21,0.64,0.64,resource_development,0.35,0.83,
ALT-01018,yes,0.0,0.08,0.92,0.22,0.78,exfiltration,0.75,0.89,
ALT-01019,yes,0.0,0.36,0.64,0.15,0.85,resource_development,0.59,0.91,
ALT-01020,yes,0.0,0.14,0.86,0.93,0.77,exfiltration,0.72,0.88,
ALT-01021,yes,0.0,0.07,0.93,0.23,0.77,exfiltration,0.76,0.89,
ALT-01022,yes,0.0,0.17,0.83,0.93,0.76,exfiltration,0.73,0.88,
ALT-01023,yes,0.0,0.14,0.86,0.95,0.78,exfiltration,0.71,0.88,
ALT-01024,yes,0.0,0.32,0.68,0.19,0.81,resource_development,0.61,0.9,
ALT-01025,yes,0.01,0.97,0.02,0.72,0.72,credential_access,0.74,0.88,
ALT-01026,yes,0.0,0.08,0.92,0.26,0.74,exfiltration,0.73,0.88,
ALT-01027,yes,0.0,0.01,0.99,0.32,0.68,exfiltration,0.6,0.93,
ALT-01028,yes,0.15,0.78,0.07,0.16,0.84,initial_access,0.96,0.83,
ALT-01029,yes,0.0,0.01,0.99,0.64,0.55,exfiltration,0.6,0.91,
ALT-01030,yes,0.81,0.19,0.0,1.09,0.75,credential_access,0.99,0.48,
ALT-01031,yes,0.0,0.09,0.91,0.38,0.62,exfiltration,0.75,0.87,
ALT-01032,yes,0.0,0.21,0.79,0.56,0.56,initial_access,0.85,0.94,
ALT-01033,yes,0.0,0.14,0.86,1.05,0.75,exfiltration,0.72,0.87,
ALT-01034,yes,0.0,0.13,0.87,0.97,0.81,exfiltration,0.69,0.88,
ALT-01035,yes,0.0,0.15,0.85,0.99,0.81,exfiltration,0.76,0.88,
ALT-01036,yes,0.86,0.14,0.0,1.12,0.72,credential_access,1.0,0.45,
ALT-01037,yes,0.82,0.18,0.0,1.11,0.73,credential_access,1.0,0.45,
ALT-01038,yes,0.8,0.2,0.0,1.13,0.72,credential_access,0.99,0.45,
ALT-01039,yes,0.0,0.14,0.86,0.98,0.8,exfiltration,0.76,0.87,
ALT-01040,yes,0.0,0.2,0.8,0.58,0.58,initial_access,0.85,0.94,
ALT-01041,yes,0.01,0.97,0.02,0.66,0.65,credential_access,0.75,0.87,
ALT-01042,yes,0.0,0.01,0.99,0.36,0.64,exfiltration,0.6,0.93,
