alert_id,action,reason
ALT-00001,close,detector severity low
ALT-00002,close,detector severity low
ALT-00003,investigate,detector severity medium
ALT-00004,close,detector severity low
ALT-00005,close,detector severity low
ALT-00006,close,detector severity low
ALT-00007,close,detector severity low
ALT-00008,close,detector severity low
ALT-00009,close,detector severity low
ALT-00010,close,detector severity low
ALT-00011,close,detector severity low
ALT-00012,investigate,detector severity medium
ALT-00013,investigate,detector severity medium
ALT-00014,investigate,detector severity medium
ALT-00015,escalate,detector severity high
ALT-00016,close,detector severity low
ALT-00017,escalate,detector severity high
ALT-00018,investigate,detector severity medium
ALT-00019,escalate,detector severity high
ALT-00020,escalate,detector severity high
ALT-00021,close,detector severity low
ALT-00022,investigate,detector severity medium
ALT-00023,escalate,detector severity high; never-suppress: rule name mentions 'large upload'
ALT-00024,close,detector severity low
ALT-00025,investigate,detector severity medium
ALT-00026,escalate,detector severity high; never-suppress: rule name mentions 'large upload'
ALT-00027,close,detector severity low
ALT-00028,close,detector severity low
ALT-00029,investigate,detector severity medium
ALT-00030,investigate,detector severity medium
ALT-00031,investigate,detector severity medium
ALT-00032,close,detector severity low
ALT-00033,escalate,detector severity high; never-suppress: rule name mentions 'large upload'
ALT-00034,close,detector severity low
ALT-00035,close,detector severity low
ALT-00036,close,detector severity low
ALT-00037,close,detector severity low
ALT-00038,close,detector severity low
ALT-00039,escalate,detector severity high; never-suppress: rule name mentions 'large upload'
ALT-00040,close,detector severity low
ALT-00041,close,detector severity low
ALT-00042,close,detector severity low
ALT-00043,investigate,detector severity medium
ALT-00044,close,detector severity low
ALT-00045,close,detector severity low
ALT-00046,close,detector severity low
ALT-00047,close,detector severity low
ALT-00048,investigate,detector severity medium
ALT-00049,investigate,detector severity medium
ALT-00050,investigate,detector severity medium
ALT-00051,escalate,detector severity high; never-suppress: claimed tactic privilege_escalation
ALT-00052,investigate,detector severity medium
ALT-00053,investigate,detector severity medium
ALT-00054,close,detector severity low
ALT-00055,close,detector severity low
ALT-00056,investigate,detector severity medium
ALT-00057,investigate,detector severity medium
ALT-00058,investigate,detector severity medium
ALT-00059,close,detector severity low
ALT-00060,escalate,detector severity high; never-suppress: rule name mentions 'large upload'
ALT-00061,escalate,detector severity high; never-suppress: rule name mentions 'large upload'
ALT-00062,escalate,detector severity high; never-suppress: claimed tactic exfiltration
ALT-00063,close,detector severity low
ALT-00064,close,detector severity low
ALT-00065,close,detector severity low
ALT-00066,close,detector severity low
ALT-00067,close,detector severity low
ALT-00068,investigate,detector severity medium
ALT-00069,close,detector severity low
ALT-00070,investigate,detector severity medium
ALT-00071,investigate,detector severity medium
ALT-00072,investigate,detector severity medium
ALT-00073,investigate,detector severity medium
ALT-00074,investigate,detector severity medium
ALT-00075,close,detector severity low
ALT-00076,close,detector severity low
ALT-00077,close,detector severity low
ALT-00078,close,detector severity low
ALT-00079,close,detector severity low
ALT-00080,close,detector severity low
ALT-00081,close,detector severity low
ALT-00082,close,detector severity low
ALT-00083,investigate,detector severity medium
ALT-00084,escalate,detector severity high
ALT-00085,close,detector severity low
ALT-00086,close,detector severity low
ALT-00087,escalate,detector severity high; never-suppress: rule name mentions 'large upload'
ALT-00088,investigate,detector severity medium
ALT-00089,close,detector severity low
ALT-00090,investigate,detector severity medium
ALT-00091,investigate,detector severity medium
ALT-00092,close,detector severity low
ALT-00093,investigate,detector severity medium
ALT-00094,close,detector severity low
ALT-00095,investigate,detector severity medium
ALT-00096,investigate,detector severity medium
ALT-00097,close,detector severity low
ALT-00098,investigate,detector severity medium
ALT-00099,investigate,detector severity medium
ALT-00100,investigate,detector severity medium
ALT-00101,investigate,detector severity medium
ALT-00102,escalate,detector severity high
ALT-00103,escalate,detector severity high; never-suppress: rule name mentions 'large upload'
ALT-00104,investigate,detector severity medium
ALT-00105,escalate,detector severity high
ALT-00106,escalate,detector severity high; never-suppress: claimed tactic exfiltration
ALT-00107,investigate,detector severity medium
ALT-00108,investigate,detector severity medium
ALT-00109,investigate,detector severity medium
ALT-00110,close,detector severity low
ALT-00111,escalate,detector severity high; never-suppress: rule name mentions 'large upload'
ALT-00112,investigate,detector severity medium
ALT-00113,escalate,detector severity high; never-suppress: claimed tactic exfiltration
ALT-00114,investigate,detector severity medium
ALT-00115,close,detector severity low
ALT-00116,close,detector severity low
ALT-00117,investigate,detector severity medium
ALT-00118,escalate,detector severity high; never-suppress: rule name mentions 'large upload'
ALT-00119,investigate,detector severity medium
ALT-00120,close,detector severity low
ALT-00121,close,detector severity low
ALT-00122,investigate,detector severity medium
ALT-00123,close,detector severity low
ALT-00124,investigate,detector severity medium
ALT-00125,close,detector severity low
ALT-00126,investigate,detector severity medium
ALT-00127,investigate,detector severity medium
ALT-00128,escalate,detector severity high
ALT-00129,escalate,detector severity high; never-suppress: rule name mentions 'large upload'
ALT-00130,close,detector severity low
ALT-00131,close,detector severity low
ALT-00132,investigate,detector severity medium
ALT-00133,close,detector severity low
ALT-00134,close,detector severity low
ALT-00135,investigate,detector severity medium
ALT-00136,close,detector severity low
ALT-00137,escalate,detector severity high; never-suppress: claimed tactic exfiltration
ALT-00138,close,detector severity low
ALT-00139,investigate,detector severity medium
ALT-00140,close,detector severity low
ALT-00141,close,detector severity low
ALT-00142,investigate,detector severity medium
ALT-00143,close,detector severity low
ALT-00144,close,detector severity low
ALT-00145,escalate,detector severity high; never-suppress: rule name mentions 'large upload'
ALT-00146,close,detector severity low
ALT-00147,close,detector severity low
ALT-00148,close,detector severity low
ALT-00149,investigate,detector severity medium
ALT-00150,close,detector severity low
ALT-00151,escalate,detector severity high; never-suppress: rule name mentions 'large upload'
ALT-00152,close,detector severity low
ALT-00153,investigate,detector severity medium
ALT-00154,close,detector severity low
ALT-00155,close,detector severity low
ALT-00156,close,detector severity low
ALT-00157,escalate,detector severity high; never-suppress: claimed tactic exfiltration
ALT-00158,close,detector severity low
ALT-00159,escalate,detector severity high; never-suppress: claimed tactic exfiltration
ALT-00160,escalate,detector severity high; never-suppress: claimed tactic exfiltration
ALT-00161,escalate,detector severity high; never-suppress: rule name mentions 'large upload'
ALT-00162,investigate,detector severity medium
ALT-00163,investigate,detector severity medium
ALT-00164,close,detector severity low
ALT-00165,investigate,detector severity medium
ALT-00166,investigate,detector severity medium
ALT-00167,close,detector severity low
ALT-00168,close,detector severity low
ALT-00169,close,detector severity low
ALT-00170,close,detector severity low
ALT-00171,escalate,detector severity high
ALT-00172,close,detector severity low
ALT-00173,close,detector severity informational
ALT-00174,investigate,detector severity medium
ALT-00175,escalate,detector severity high
ALT-00176,escalate,detector severity high
ALT-00177,escalate,detector severity high
ALT-00178,investigate,detector severity medium
ALT-00179,escalate,detector severity high
ALT-00180,investigate,detector severity medium
ALT-00181,close,detector severity low
ALT-00182,investigate,detector severity medium
ALT-00183,close,detector severity low
ALT-00184,close,detector severity low
ALT-00185,investigate,detector severity medium
ALT-00186,close,detector severity low
ALT-00187,close,detector severity low
ALT-00188,close,detector severity low
ALT-00189,investigate,detector severity medium
ALT-00190,investigate,detector severity medium
ALT-00191,investigate,detector severity medium
ALT-00192,escalate,detector severity high; never-suppress: rule name mentions 'large upload'
ALT-00193,close,detector severity low
ALT-00194,escalate,detector severity high; never-suppress: rule name mentions 'large upload'
ALT-00195,close,detector severity low
ALT-00196,investigate,detector severity medium
ALT-00197,investigate,detector severity medium
ALT-00198,close,detector severity low
ALT-00199,close,detector severity low
ALT-00200,close,detector severity low
ALT-00201,investigate,detector severity medium
ALT-00202,close,detector severity low
ALT-00203,close,detector severity low
ALT-00204,investigate,detector severity medium
ALT-00205,close,detector severity low
ALT-00206,close,detector severity low
ALT-00207,investigate,detector severity medium
ALT-00208,close,detector severity low
ALT-00209,investigate,detector severity medium
ALT-00210,close,detector severity low
ALT-00211,close,detector severity low
ALT-00212,investigate,detector severity medium
ALT-00213,close,detector severity low
ALT-00214,escalate,detector severity high; never-suppress: rule name mentions 'large upload'
ALT-00215,close,detector severity low
ALT-00216,close,detector severity low
ALT-00217,close,detector severity low
ALT-00218,close,detector severity low
ALT-00219,close,detector severity low
ALT-00220,close,detector severity low
ALT-00221,escalate,detector severity high; never-suppress: rule name mentions 'large upload'
ALT-00222,close,detector severity low
ALT-00223,investigate,detector severity medium
ALT-00224,close,detector severity low
ALT-00225,escalate,detector severity high; never-suppress: rule name mentions 'large upload'
ALT-00226,close,detector severity low
ALT-00227,close,detector severity informational
ALT-00228,escalate,detector severity high; never-suppress: rule name mentions 'large upload'
ALT-00229,investigate,detector severity medium
ALT-00230,close,detector severity low
ALT-00231,close,detector severity low
ALT-00232,investigate,detector severity medium
ALT-00233,close,detector severity low
ALT-00234,investigate,detector severity medium
ALT-00235,close,detector severity low
ALT-00236,investigate,detector severity medium
ALT-00237,escalate,detector severity high
ALT-00238,close,detector severity low
ALT-00239,close,detector severity low
ALT-00240,investigate,detector severity medium
ALT-00241,investigate,detector severity medium
ALT-00242,escalate,detector severity high; never-suppress: rule name mentions 'large upload'
ALT-00243,investigate,detector severity medium
ALT-00244,investigate,detector severity medium
ALT-00245,investigate,detector severity medium
ALT-00246,investigate,detector severity medium
ALT-00247,close,detector severity low
ALT-00248,close,detector severity low
ALT-00249,investigate,detector severity medium
ALT-00250,escalate,detector severity high
ALT-00251,investigate,detector severity medium
ALT-00252,investigate,detector severity medium
ALT-00253,close,detector severity low
ALT-00254,close,detector severity low
ALT-00255,investigate,detector severity medium
ALT-00256,investigate,detector severity medium
ALT-00257,close,detector severity low
ALT-00258,close,detector severity low
ALT-00259,escalate,detector severity high; never-suppress: claimed tactic exfiltration
ALT-00260,escalate,detector severity high; never-suppress: rule name mentions 'large upload'
ALT-00261,close,detector severity low
ALT-00262,close,detector severity informational
ALT-00263,investigate,detector severity medium
ALT-00264,close,detector severity low
ALT-00265,investigate,detector severity medium
ALT-00266,investigate,detector severity medium
ALT-00267,investigate,detector severity medium
ALT-00268,investigate,detector severity medium
ALT-00269,investigate,detector severity medium
ALT-00270,close,detector severity low
ALT-00271,close,detector severity low
ALT-00272,investigate,detector severity medium
ALT-00273,investigate,detector severity medium
ALT-00274,investigate,detector severity medium
ALT-00275,escalate,detector severity high; never-suppress: rule name mentions 'large upload'
ALT-00276,close,detector severity low
ALT-00277,close,detector severity low
ALT-00278,close,detector severity low
ALT-00279,close,detector severity low
ALT-00280,close,detector severity low
ALT-00281,investigate,detector severity medium
ALT-00282,close,detector severity low
ALT-00283,close,detector severity low
ALT-00284,close,detector severity low
ALT-00285,close,detector severity low
ALT-00286,investigate,detector severity medium
ALT-00287,close,detector severity low
ALT-00288,investigate,detector severity medium
ALT-00289,close,detector severity low
ALT-00290,close,detector severity low
ALT-00291,investigate,detector severity medium
ALT-00292,close,detector severity low
ALT-00293,close,detector severity low
ALT-00294,investigate,detector severity medium
ALT-00295,close,detector severity low
ALT-00296,investigate,detector severity medium
ALT-00297,close,detector severity low
ALT-00298,close,detector severity low
ALT-00299,close,detector severity low
ALT-00300,close,detector severity low
ALT-00301,close,detector severity low
ALT-00302,close,detector severity informational
ALT-00303,close,detector severity low
ALT-00304,close,detector severity low
ALT-00305,close,detector severity low
ALT-00306,close,detector severity low
ALT-00307,investigate,detector severity medium
ALT-00308,investigate,detector severity medium
ALT-00309,close,detector severity low
ALT-00310,close,detector severity informational
ALT-00311,close,detector severity low
ALT-00312,investigate,detector severity medium
ALT-00313,close,allowlist: authorized test host scans
ALT-00314,close,allowlist: authorized test host scans
ALT-00315,investigate,detector severity medium
ALT-00316,escalate,detector severity high
ALT-00317,escalate,detector severity high; never-suppress: rule name mentions 'large upload'
ALT-00318,escalate,detector severity high
ALT-00319,close,detector severity low
ALT-00320,close,detector severity low
ALT-00321,close,detector severity low
ALT-00322,close,detector severity low
ALT-00323,close,detector severity low
ALT-00324,close,detector severity low
ALT-00325,close,detector severity low
ALT-00326,close,detector severity low
ALT-00327,close,detector severity low
ALT-00328,escalate,detector severity high; never-suppress: rule name mentions 'large upload'
ALT-00329,escalate,detector severity high; never-suppress: rule name mentions 'large upload'
ALT-00330,escalate,detector severity high; never-suppress: rule name mentions 'large upload'
ALT-00331,close,detector severity low
ALT-00332,investigate,detector severity medium
ALT-00333,investigate,detector severity medium
ALT-00334,close,detector severity low
ALT-00335,investigate,detector severity medium
ALT-00336,close,detector severity low
ALT-00337,close,detector severity low
ALT-00338,close,detector severity low
ALT-00339,investigate,detector severity medium
ALT-00340,close,detector severity low
ALT-00341,investigate,detector severity medium
ALT-00342,close,detector severity low
ALT-00343,close,detector severity low
ALT-00344,investigate,detector severity medium
ALT-00345,escalate,detector severity high; never-suppress: rule name mentions 'large upload'
ALT-00346,investigate,detector severity medium
ALT-00347,escalate,detector severity high; never-suppress: claimed tactic privilege_escalation
ALT-00348,investigate,detector severity medium
ALT-00349,investigate,detector severity medium
ALT-00350,close,detector severity low
ALT-00351,escalate,detector severity high; never-suppress: rule name mentions 'large upload'
ALT-00352,investigate,detector severity medium
ALT-00353,investigate,detector severity medium
ALT-00354,investigate,detector severity medium
ALT-00355,investigate,detector severity medium
ALT-00356,close,detector severity low
ALT-00357,close,detector severity low
ALT-00358,close,detector severity low
ALT-00359,close,detector severity low
ALT-00360,investigate,detector severity medium
ALT-00361,close,detector severity low
ALT-00362,investigate,detector severity medium
ALT-00363,escalate,detector severity high; never-suppress: claimed tactic exfiltration
ALT-00364,investigate,detector severity medium
ALT-00365,close,detector severity low
ALT-00366,close,detector severity low
ALT-00367,close,detector severity low
ALT-00368,investigate,detector severity medium
ALT-00369,close,detector severity low
ALT-00370,investigate,detector severity medium
ALT-00371,escalate,detector severity high; never-suppress: rule name mentions 'large upload'
ALT-00372,investigate,detector severity medium
ALT-00373,close,detector severity low
ALT-00374,escalate,detector severity high
ALT-00375,investigate,detector severity medium
ALT-00376,escalate,detector severity high; never-suppress: rule name mentions 'large upload'
ALT-00377,close,detector severity low
ALT-00378,close,detector severity low
ALT-00379,investigate,detector severity medium
ALT-00380,investigate,detector severity medium
ALT-00381,close,detector severity low
ALT-00382,close,detector severity low
ALT-00383,escalate,detector severity high; never-suppress: claimed tactic exfiltration
ALT-00384,close,detector severity low
ALT-00385,investigate,detector severity medium
ALT-00386,investigate,detector severity medium
ALT-00387,escalate,detector severity high; never-suppress: rule name mentions 'large upload'
ALT-00388,close,detector severity low
ALT-00389,investigate,detector severity medium
ALT-00390,close,detector severity low
ALT-00391,investigate,detector severity medium
ALT-00392,close,detector severity low
ALT-00393,close,detector severity low
ALT-00394,close,detector severity low
ALT-00395,investigate,detector severity medium
ALT-00396,investigate,detector severity medium
ALT-00397,close,detector severity informational
ALT-00398,investigate,detector severity medium
ALT-00399,escalate,detector severity high
ALT-00400,escalate,detector severity high
ALT-00401,escalate,detector severity high
ALT-00402,escalate,detector severity high
ALT-00403,close,detector severity low
ALT-00404,investigate,detector severity medium
ALT-00405,close,detector severity low
ALT-00406,close,detector severity low
ALT-00407,close,detector severity low
ALT-00408,investigate,detector severity medium
ALT-00409,close,detector severity informational
ALT-00410,investigate,detector severity medium
ALT-00411,close,detector severity low
ALT-00412,investigate,detector severity medium
ALT-00413,close,detector severity low
ALT-00414,close,detector severity low
ALT-00415,close,detector severity low
ALT-00416,close,detector severity low
ALT-00417,close,detector severity low
ALT-00418,close,detector severity low
ALT-00419,investigate,detector severity medium
ALT-00420,close,detector severity low
ALT-00421,close,detector severity low
ALT-00422,escalate,detector severity high
ALT-00423,close,detector severity low
ALT-00424,close,detector severity low
ALT-00425,investigate,detector severity medium
ALT-00426,investigate,detector severity medium
ALT-00427,close,detector severity low
ALT-00428,close,detector severity low
ALT-00429,close,detector severity low
ALT-00430,investigate,detector severity medium
ALT-00431,close,detector severity low
ALT-00432,close,detector severity low
ALT-00433,close,detector severity low
ALT-00434,close,detector severity low
ALT-00435,close,detector severity low
ALT-00436,close,detector severity low
ALT-00437,close,detector severity low
ALT-00438,close,detector severity low
ALT-00439,close,detector severity low
ALT-00440,investigate,detector severity medium
ALT-00441,close,detector severity low
ALT-00442,escalate,detector severity high; never-suppress: rule name mentions 'large upload'
ALT-00443,close,detector severity low
ALT-00444,investigate,detector severity medium
ALT-00445,close,detector severity low
ALT-00446,close,detector severity low
ALT-00447,investigate,detector severity medium
ALT-00448,investigate,detector severity medium
ALT-00449,close,detector severity low
ALT-00450,close,detector severity low
ALT-00451,close,detector severity low
ALT-00452,close,detector severity low
ALT-00453,investigate,detector severity medium
ALT-00454,close,detector severity low
ALT-00455,investigate,detector severity medium
ALT-00456,close,detector severity low
ALT-00457,escalate,detector severity high; never-suppress: rule name mentions 'large upload'
ALT-00458,close,detector severity low
ALT-00459,close,detector severity low
ALT-00460,close,detector severity low
ALT-00461,close,detector severity low
ALT-00462,investigate,detector severity medium
ALT-00463,close,detector severity informational
ALT-00464,close,detector severity low
ALT-00465,close,detector severity low
ALT-00466,close,detector severity low
ALT-00467,close,detector severity low
ALT-00468,investigate,detector severity medium
ALT-00469,investigate,detector severity medium
ALT-00470,investigate,detector severity medium
ALT-00471,close,detector severity low
ALT-00472,close,detector severity low
ALT-00473,investigate,detector severity medium
ALT-00474,close,detector severity low
ALT-00475,close,detector severity low
ALT-00476,close,detector severity low
ALT-00477,investigate,detector severity medium
ALT-00478,investigate,detector severity medium
ALT-00479,escalate,detector severity high; never-suppress: rule name mentions 'large upload'
ALT-00480,close,detector severity low
ALT-00481,close,detector severity low
ALT-00482,close,detector severity low
ALT-00483,investigate,detector severity medium
ALT-00484,investigate,detector severity medium
ALT-00485,investigate,detector severity medium
ALT-00486,close,detector severity low
ALT-00487,close,detector severity low
ALT-00488,investigate,detector severity medium
ALT-00489,close,detector severity low
ALT-00490,close,detector severity low
ALT-00491,close,detector severity low
ALT-00492,close,detector severity low
ALT-00493,close,detector severity low
ALT-00494,close,detector severity low
ALT-00495,close,detector severity low
ALT-00496,close,detector severity low
ALT-00497,escalate,detector severity high; never-suppress: rule name mentions 'large upload'
ALT-00498,close,detector severity low
ALT-00499,close,detector severity low
ALT-00500,close,detector severity low
ALT-00501,close,detector severity low
ALT-00502,close,detector severity low
ALT-00503,close,detector severity low
ALT-00504,close,detector severity low
ALT-00505,close,detector severity low
ALT-00506,investigate,detector severity medium
ALT-00507,close,detector severity low
ALT-00508,investigate,detector severity medium
ALT-00509,close,detector severity low
ALT-00510,close,detector severity low
ALT-00511,investigate,detector severity medium
ALT-00512,close,detector severity low
ALT-00513,investigate,detector severity medium
ALT-00514,close,detector severity low
ALT-00515,close,detector severity low
ALT-00516,investigate,detector severity medium
ALT-00517,investigate,detector severity medium
ALT-00518,close,detector severity low
ALT-00519,close,detector severity low
ALT-00520,close,detector severity low
ALT-00521,escalate,detector severity high; never-suppress: rule name mentions 'large upload'
ALT-00522,close,detector severity low
ALT-00523,close,detector severity low
ALT-00524,close,detector severity low
ALT-00525,close,detector severity low
ALT-00526,investigate,detector severity medium
ALT-00527,investigate,detector severity medium
ALT-00528,investigate,detector severity medium
ALT-00529,close,detector severity low
ALT-00530,close,detector severity low
ALT-00531,close,detector severity low
ALT-00532,escalate,detector severity high; never-suppress: rule name mentions 'large upload'
ALT-00533,investigate,detector severity medium
ALT-00534,investigate,detector severity medium
ALT-00535,close,detector severity low
ALT-00536,close,detector severity low
ALT-00537,investigate,detector severity medium
ALT-00538,close,detector severity informational
ALT-00539,escalate,detector severity high; never-suppress: rule name mentions 'large upload'
ALT-00540,close,detector severity low
ALT-00541,close,detector severity low
ALT-00542,investigate,detector severity medium
ALT-00543,investigate,detector severity medium
ALT-00544,close,detector severity low
ALT-00545,investigate,detector severity medium
ALT-00546,close,detector severity low
ALT-00547,escalate,detector severity high; never-suppress: rule name mentions 'large upload'
ALT-00548,escalate,detector severity high; never-suppress: rule name mentions 'large upload'
ALT-00549,investigate,detector severity medium
ALT-00550,close,detector severity low
ALT-00551,investigate,detector severity medium
ALT-00552,investigate,detector severity medium
ALT-00553,close,detector severity low
ALT-00554,close,detector severity low
ALT-00555,close,detector severity low
ALT-00556,investigate,detector severity medium
ALT-00557,close,detector severity low
ALT-00558,close,detector severity low
ALT-00559,close,detector severity low
ALT-00560,investigate,detector severity medium
ALT-00561,investigate,detector severity medium
ALT-00562,investigate,detector severity medium
ALT-00563,investigate,detector severity medium
ALT-00564,close,detector severity low
ALT-00565,close,detector severity low
ALT-00566,close,detector severity low
ALT-00567,investigate,detector severity medium
ALT-00568,escalate,detector severity high; never-suppress: rule name mentions 'large upload'
ALT-00569,investigate,detector severity medium
ALT-00570,close,detector severity low
ALT-00571,investigate,detector severity medium
ALT-00572,close,detector severity low
ALT-00573,investigate,detector severity medium
ALT-00574,escalate,detector severity high; never-suppress: rule name mentions 'large upload'
ALT-00575,close,detector severity low
ALT-00576,investigate,detector severity medium
ALT-00577,close,detector severity low
ALT-00578,investigate,detector severity medium
ALT-00579,close,detector severity low
ALT-00580,close,detector severity low
ALT-00581,close,detector severity low
ALT-00582,close,detector severity low
ALT-00583,investigate,detector severity medium
ALT-00584,close,detector severity low
ALT-00585,close,detector severity low
ALT-00586,close,detector severity low
ALT-00587,close,detector severity low
ALT-00588,close,detector severity low
ALT-00589,close,detector severity low
ALT-00590,close,detector severity low
ALT-00591,close,detector severity low
ALT-00592,close,detector severity low
ALT-00593,escalate,detector severity high; never-suppress: rule name mentions 'large upload'
ALT-00594,investigate,detector severity medium
ALT-00595,close,detector severity low
ALT-00596,close,detector severity low
ALT-00597,investigate,detector severity medium
ALT-00598,close,detector severity low
ALT-00599,close,detector severity low
ALT-00600,investigate,detector severity medium
ALT-00601,investigate,detector severity medium
ALT-00602,close,detector severity low
ALT-00603,investigate,detector severity medium
ALT-00604,close,detector severity low
ALT-00605,close,detector severity low
ALT-00606,investigate,detector severity medium
ALT-00607,investigate,detector severity medium
ALT-00608,escalate,detector severity high; never-suppress: rule name mentions 'large upload'
ALT-00609,close,detector severity low
ALT-00610,close,detector severity low
ALT-00611,close,detector severity low
ALT-00612,investigate,detector severity medium
ALT-00613,escalate,detector severity high; never-suppress: rule name mentions 'large upload'
ALT-00614,close,detector severity low
ALT-00615,close,detector severity low
ALT-00616,close,detector severity low
ALT-00617,investigate,detector severity medium
ALT-00618,investigate,detector severity medium
ALT-00619,investigate,detector severity medium
ALT-00620,investigate,detector severity medium
ALT-00621,investigate,detector severity medium
ALT-00622,investigate,detector severity medium
ALT-00623,close,detector severity low
ALT-00624,close,detector severity low
ALT-00625,investigate,detector severity medium
ALT-00626,investigate,detector severity medium
ALT-00627,close,detector severity low
ALT-00628,close,detector severity low
ALT-00629,escalate,detector severity high; never-suppress: rule name mentions 'large upload'
ALT-00630,escalate,detector severity high; never-suppress: rule name mentions 'large upload'
ALT-00631,investigate,detector severity medium
ALT-00632,escalate,detector severity high
ALT-00633,close,detector severity low
ALT-00634,close,detector severity low
ALT-00635,investigate,detector severity medium
ALT-00636,investigate,detector severity medium
ALT-00637,close,detector severity low
ALT-00638,investigate,detector severity medium
ALT-00639,investigate,detector severity medium
ALT-00640,close,detector severity low
ALT-00641,close,detector severity low
ALT-00642,close,detector severity low
ALT-00643,investigate,detector severity medium
ALT-00644,close,detector severity low
ALT-00645,escalate,detector severity high; never-suppress: rule name mentions 'large upload'
ALT-00646,close,detector severity low
ALT-00647,close,detector severity low
ALT-00648,investigate,detector severity medium
ALT-00649,close,detector severity low
ALT-00650,close,detector severity low
ALT-00651,investigate,detector severity medium
ALT-00652,investigate,detector severity medium
ALT-00653,close,detector severity low
ALT-00654,close,detector severity low
ALT-00655,close,detector severity low
ALT-00656,escalate,detector severity high; never-suppress: rule name mentions 'large upload'
ALT-00657,investigate,detector severity medium
ALT-00658,escalate,detector severity high; never-suppress: rule name mentions 'large upload'
ALT-00659,close,detector severity low
ALT-00660,investigate,detector severity medium
ALT-00661,investigate,detector severity medium
ALT-00662,close,detector severity low
ALT-00663,close,detector severity low
ALT-00664,close,detector severity low
ALT-00665,investigate,detector severity medium
ALT-00666,close,detector severity low
ALT-00667,investigate,detector severity medium
ALT-00668,close,detector severity low
ALT-00669,investigate,detector severity medium
ALT-00670,close,detector severity low
ALT-00671,close,detector severity low
ALT-00672,close,detector severity low
ALT-00673,investigate,detector severity medium
ALT-00674,close,detector severity low
ALT-00675,close,detector severity low
ALT-00676,close,detector severity low
ALT-00677,close,detector severity low
ALT-00678,close,detector severity low
ALT-00679,close,detector severity low
ALT-00680,close,detector severity low
ALT-00681,close,detector severity low
ALT-00682,close,detector severity low
ALT-00683,investigate,detector severity medium
ALT-00684,close,detector severity low
ALT-00685,investigate,detector severity medium
ALT-00686,close,detector severity low
ALT-00687,investigate,detector severity medium
ALT-00688,close,detector severity low
ALT-00689,close,detector severity low
ALT-00690,investigate,detector severity medium
ALT-00691,close,detector severity low
ALT-00692,escalate,detector severity high; never-suppress: rule name mentions 'large upload'
ALT-00693,close,detector severity low
ALT-00694,investigate,detector severity medium
ALT-00695,close,detector severity low
ALT-00696,investigate,detector severity medium
ALT-00697,investigate,detector severity medium
ALT-00698,close,detector severity low
ALT-00699,escalate,detector severity high
ALT-00700,close,detector severity low
ALT-00701,close,detector severity low
ALT-00702,investigate,detector severity medium
ALT-00703,close,detector severity low
ALT-00704,close,detector severity low
ALT-00705,escalate,detector severity high; never-suppress: rule name mentions 'large upload'
ALT-00706,close,detector severity low
ALT-00707,close,detector severity low
ALT-00708,close,detector severity low
ALT-00709,investigate,detector severity medium
ALT-00710,investigate,detector severity medium
ALT-00711,close,detector severity low
ALT-00712,escalate,detector severity high; never-suppress: rule name mentions 'large upload'
ALT-00713,close,detector severity low
ALT-00714,investigate,detector severity medium
ALT-00715,investigate,detector severity medium
ALT-00716,investigate,detector severity medium
ALT-00717,close,detector severity low
ALT-00718,close,detector severity low
ALT-00719,close,detector severity low
ALT-00720,close,detector severity low
ALT-00721,close,detector severity low
ALT-00722,close,detector severity low
ALT-00723,investigate,detector severity medium
ALT-00724,investigate,detector severity medium
ALT-00725,escalate,detector severity high; never-suppress: claimed tactic exfiltration
ALT-00726,escalate,detector severity high; never-suppress: claimed tactic exfiltration
ALT-00727,escalate,detector severity high; never-suppress: claimed tactic exfiltration
ALT-00728,investigate,detector severity medium
ALT-00729,investigate,detector severity medium
ALT-00730,investigate,detector severity medium
ALT-00731,investigate,detector severity medium
ALT-00732,close,detector severity low
ALT-00733,investigate,detector severity medium
ALT-00734,close,detector severity low
ALT-00735,investigate,detector severity medium
ALT-00736,investigate,detector severity medium
ALT-00737,escalate,detector severity high; never-suppress: rule name mentions 'large upload'
ALT-00738,close,detector severity low
ALT-00739,investigate,detector severity medium
ALT-00740,escalate,detector severity high; never-suppress: rule name mentions 'large upload'
ALT-00741,investigate,detector severity medium
ALT-00742,close,detector severity low
ALT-00743,close,detector severity low
ALT-00744,close,detector severity low
ALT-00745,close,detector severity low
ALT-00746,close,detector severity low
ALT-00747,close,detector severity low
ALT-00748,investigate,detector severity medium
ALT-00749,close,detector severity low
ALT-00750,investigate,detector severity medium
ALT-00751,investigate,detector severity medium
ALT-00752,escalate,detector severity high
ALT-00753,investigate,detector severity medium
ALT-00754,investigate,detector severity medium
ALT-00755,investigate,detector severity medium
ALT-00756,close,detector severity low
ALT-00757,escalate,detector severity high; never-suppress: rule name mentions 'large upload'
ALT-00758,escalate,detector severity high; never-suppress: claimed tactic exfiltration
ALT-00759,escalate,detector severity high; never-suppress: rule name mentions 'large upload'
ALT-00760,close,detector severity low
ALT-00761,close,detector severity low
ALT-00762,close,detector severity low
ALT-00763,close,detector severity low
ALT-00764,close,detector severity low
ALT-00765,escalate,detector severity high
ALT-00766,investigate,detector severity medium
ALT-00767,close,detector severity low
ALT-00768,close,detector severity low
ALT-00769,close,detector severity low
ALT-00770,escalate,detector severity high; never-suppress: rule name mentions 'large upload'
ALT-00771,close,detector severity low
ALT-00772,escalate,detector severity high; never-suppress: rule name mentions 'large upload'
ALT-00773,investigate,detector severity medium
ALT-00774,close,detector severity low
ALT-00775,close,detector severity low
ALT-00776,close,detector severity low
ALT-00777,close,detector severity low
ALT-00778,close,detector severity low
ALT-00779,close,detector severity low
ALT-00780,investigate,detector severity medium
ALT-00781,close,detector severity low
ALT-00782,close,detector severity low
ALT-00783,close,detector severity low
ALT-00784,close,detector severity low
ALT-00785,close,detector severity low
ALT-00786,close,detector severity low
ALT-00787,close,detector severity low
ALT-00788,close,detector severity low
ALT-00789,investigate,detector severity medium
ALT-00790,close,detector severity low
ALT-00791,close,detector severity low
ALT-00792,escalate,detector severity high
ALT-00793,investigate,detector severity medium
ALT-00794,investigate,detector severity medium
ALT-00795,close,detector severity low
ALT-00796,close,detector severity low
ALT-00797,investigate,detector severity medium
ALT-00798,close,detector severity low
ALT-00799,close,detector severity low
ALT-00800,investigate,detector severity medium
ALT-00801,close,detector severity low
ALT-00802,close,detector severity low
ALT-00803,close,detector severity low
ALT-00804,close,detector severity low
ALT-00805,investigate,detector severity medium
ALT-00806,close,detector severity low
ALT-00807,investigate,detector severity medium
ALT-00808,investigate,detector severity medium
ALT-00809,close,detector severity low
ALT-00810,investigate,detector severity medium
ALT-00811,investigate,detector severity medium
ALT-00812,investigate,detector severity medium
ALT-00813,close,detector severity low
ALT-00814,escalate,detector severity high
ALT-00815,investigate,detector severity medium
ALT-00816,close,detector severity low
ALT-00817,investigate,detector severity medium
ALT-00818,close,detector severity low
ALT-00819,close,detector severity low
ALT-00820,close,detector severity low
ALT-00821,escalate,detector severity high; never-suppress: rule name mentions 'large upload'
ALT-00822,close,detector severity low
ALT-00823,investigate,detector severity medium
ALT-00824,escalate,detector severity high
ALT-00825,close,detector severity low
ALT-00826,close,detector severity low
ALT-00827,escalate,detector severity high; never-suppress: claimed tactic exfiltration
ALT-00828,close,detector severity low
ALT-00829,close,detector severity low
ALT-00830,close,detector severity low
ALT-00831,close,detector severity low
ALT-00832,close,detector severity low
ALT-00833,close,detector severity low
ALT-00834,investigate,detector severity medium
ALT-00835,close,detector severity low
ALT-00836,close,detector severity low
ALT-00837,close,detector severity low
ALT-00838,investigate,detector severity medium
ALT-00839,investigate,detector severity medium
ALT-00840,close,detector severity low
ALT-00841,investigate,detector severity medium
ALT-00842,close,detector severity low
ALT-00843,investigate,detector severity medium
ALT-00844,escalate,detector severity high; never-suppress: rule name mentions 'large upload'
ALT-00845,close,detector severity low
ALT-00846,close,detector severity low
ALT-00847,close,detector severity low
ALT-00848,close,detector severity low
ALT-00849,investigate,detector severity medium
ALT-00850,close,detector severity low
ALT-00851,investigate,detector severity medium
ALT-00852,close,detector severity low
ALT-00853,close,detector severity low
ALT-00854,close,detector severity low
ALT-00855,investigate,detector severity medium
ALT-00856,investigate,detector severity medium
ALT-00857,close,detector severity low
ALT-00858,close,detector severity low
ALT-00859,escalate,detector severity high; never-suppress: claimed tactic privilege_escalation
ALT-00860,escalate,detector severity high; never-suppress: rule name mentions 'large upload'
ALT-00861,escalate,detector severity high; never-suppress: rule name mentions 'large upload'
ALT-00862,investigate,detector severity medium
ALT-00863,investigate,detector severity medium
ALT-00864,close,detector severity low
ALT-00865,investigate,detector severity medium
ALT-00866,investigate,detector severity medium
ALT-00867,investigate,detector severity medium
ALT-00868,escalate,detector severity high
ALT-00869,investigate,detector severity medium
ALT-00870,investigate,detector severity medium
ALT-00871,close,detector severity low
ALT-00872,close,detector severity low
ALT-00873,escalate,detector severity high; never-suppress: claimed tactic exfiltration
ALT-00874,close,detector severity low
ALT-00875,investigate,detector severity medium
ALT-00876,close,detector severity low
ALT-00877,escalate,detector severity high; never-suppress: rule name mentions 'large upload'
ALT-00878,investigate,detector severity medium
ALT-00879,close,detector severity low
ALT-00880,close,detector severity low
ALT-00881,investigate,detector severity medium
ALT-00882,close,detector severity low
ALT-00883,escalate,detector severity high; never-suppress: claimed tactic exfiltration
ALT-00884,escalate,detector severity high; never-suppress: rule name mentions 'large upload'
ALT-00885,close,detector severity low
ALT-00886,close,detector severity low
ALT-00887,close,detector severity low
ALT-00888,investigate,detector severity medium
ALT-00889,investigate,detector severity medium
ALT-00890,investigate,detector severity medium
ALT-00891,investigate,detector severity medium
ALT-00892,investigate,detector severity medium
ALT-00893,investigate,detector severity medium
ALT-00894,close,detector severity low
ALT-00895,escalate,detector severity high; never-suppress: rule name mentions 'large upload'
ALT-00896,close,detector severity low
ALT-00897,investigate,detector severity medium
ALT-00898,investigate,detector severity medium
ALT-00899,investigate,detector severity medium
ALT-00900,close,detector severity low
ALT-00901,investigate,detector severity medium
ALT-00902,escalate,detector severity high; never-suppress: rule name mentions 'large upload'
ALT-00903,close,detector severity low
ALT-00904,investigate,detector severity medium
ALT-00905,investigate,detector severity medium
ALT-00906,investigate,detector severity medium
ALT-00907,investigate,detector severity medium
ALT-00908,investigate,detector severity medium
ALT-00909,investigate,detector severity medium
ALT-00910,investigate,detector severity medium
ALT-00911,investigate,detector severity medium
ALT-00912,escalate,detector severity high; never-suppress: rule name mentions 'large upload'
ALT-00913,close,detector severity low
ALT-00914,close,detector severity low
ALT-00915,investigate,detector severity medium
ALT-00916,close,detector severity low
ALT-00917,investigate,detector severity medium
ALT-00918,close,detector severity low
ALT-00919,close,detector severity low
ALT-00920,escalate,detector severity high; never-suppress: rule name mentions 'large upload'
ALT-00921,investigate,detector severity medium
ALT-00922,close,detector severity low
ALT-00923,close,detector severity low
ALT-00924,close,detector severity low
ALT-00925,investigate,detector severity medium
ALT-00926,investigate,detector severity medium
ALT-00927,close,detector severity low
ALT-00928,investigate,detector severity medium
ALT-00929,investigate,detector severity medium
ALT-00930,escalate,detector severity high; never-suppress: rule name mentions 'large upload'
ALT-00931,investigate,detector severity medium
ALT-00932,escalate,detector severity high; never-suppress: rule name mentions 'large upload'
ALT-00933,close,detector severity low
ALT-00934,close,detector severity low
ALT-00935,investigate,detector severity medium
ALT-00936,close,detector severity low
ALT-00937,close,detector severity low
ALT-00938,close,detector severity low
ALT-00939,investigate,detector severity medium
ALT-00940,investigate,detector severity medium
ALT-00941,close,detector severity low
ALT-00942,escalate,detector severity high; never-suppress: rule name mentions 'large upload'
ALT-00943,investigate,detector severity medium
ALT-00944,escalate,detector severity high; never-suppress: rule name mentions 'large upload'
ALT-00945,close,allowlist: authorized test host scans
ALT-00946,close,allowlist: authorized test host scans
ALT-00947,investigate,detector severity medium
ALT-00948,escalate,detector severity high
ALT-00949,escalate,detector severity high
ALT-00950,escalate,detector severity high
ALT-00951,investigate,detector severity medium
ALT-00952,investigate,detector severity medium
ALT-00953,close,detector severity low
ALT-00954,close,detector severity low
ALT-00955,close,detector severity low
ALT-00956,investigate,detector severity medium
ALT-00957,close,detector severity low
ALT-00958,investigate,detector severity medium
ALT-00959,escalate,detector severity high; never-suppress: claimed tactic exfiltration
ALT-00960,close,detector severity low
ALT-00961,close,detector severity low
ALT-00962,close,detector severity low
ALT-00963,close,detector severity low
ALT-00964,escalate,detector severity high; never-suppress: claimed tactic exfiltration
ALT-00965,escalate,detector severity high; never-suppress: claimed tactic exfiltration
ALT-00966,escalate,detector severity high; never-suppress: claimed tactic exfiltration
ALT-00967,close,detector severity low
ALT-00968,investigate,detector severity medium
ALT-00969,close,detector severity low
ALT-00970,close,detector severity low
ALT-00971,escalate,detector severity high; never-suppress: rule name mentions 'large upload'
ALT-00972,close,detector severity low
ALT-00973,close,detector severity low
ALT-00974,close,detector severity low
ALT-00975,investigate,detector severity medium
ALT-00976,investigate,detector severity medium
ALT-00977,close,detector severity low
ALT-00978,investigate,detector severity medium
ALT-00979,close,detector severity low
ALT-00980,close,detector severity low
ALT-00981,investigate,detector severity medium
ALT-00982,close,detector severity low
ALT-00983,escalate,detector severity high; never-suppress: rule name mentions 'large upload'
ALT-00984,investigate,detector severity medium
ALT-00985,close,detector severity low
ALT-00986,close,detector severity low
ALT-00987,escalate,detector severity high; never-suppress: rule name mentions 'large upload'
ALT-00988,investigate,detector severity medium
ALT-00989,investigate,detector severity medium
ALT-00990,close,detector severity low
ALT-00991,close,detector severity low
ALT-00992,close,detector severity low
ALT-00993,close,detector severity low
ALT-00994,close,detector severity low
ALT-00995,investigate,detector severity medium
ALT-00996,close,detector severity low
ALT-00997,escalate,detector severity high; never-suppress: rule name mentions 'large upload'
ALT-00998,close,detector severity low
ALT-00999,close,detector severity low
ALT-01000,escalate,detector severity high; never-suppress: rule name mentions 'large upload'
ALT-01001,close,detector severity low
ALT-01002,investigate,detector severity medium
ALT-01003,escalate,detector severity high; never-suppress: rule name mentions 'large upload'
ALT-01004,close,detector severity low
ALT-01005,close,detector severity low
ALT-01006,close,detector severity low
ALT-01007,close,allowlist: authorized test host scans
ALT-01008,close,allowlist: authorized test host scans
ALT-01009,close,detector severity low
ALT-01010,escalate,detector severity high
ALT-01011,investigate,detector severity medium
ALT-01012,escalate,detector severity high
ALT-01013,close,detector severity low
ALT-01014,investigate,detector severity medium
ALT-01015,escalate,detector severity high; never-suppress: rule name mentions 'large upload'
ALT-01016,investigate,detector severity medium
ALT-01017,investigate,detector severity medium
ALT-01018,escalate,detector severity high; never-suppress: rule name mentions 'large upload'
ALT-01019,close,detector severity low
ALT-01020,investigate,detector severity medium
ALT-01021,escalate,detector severity high; never-suppress: rule name mentions 'large upload'
ALT-01022,investigate,detector severity medium
ALT-01023,investigate,detector severity medium
ALT-01024,close,detector severity low
ALT-01025,close,detector severity low
ALT-01026,escalate,detector severity high; never-suppress: rule name mentions 'large upload'
ALT-01027,close,detector severity low
ALT-01028,close,detector severity low
ALT-01029,close,detector severity low
ALT-01030,investigate,detector severity medium
ALT-01031,escalate,detector severity high; never-suppress: rule name mentions 'large upload'
ALT-01032,close,detector severity low
ALT-01033,investigate,detector severity medium
ALT-01034,investigate,detector severity medium
ALT-01035,investigate,detector severity medium
ALT-01036,investigate,detector severity medium
ALT-01037,investigate,detector severity medium
ALT-01038,investigate,detector severity medium
ALT-01039,investigate,detector severity medium
ALT-01040,close,detector severity low
ALT-01041,close,detector severity low
ALT-01042,close,detector severity low
