alert_id,group_id
ALT-00001,GRP-0001
ALT-00002,GRP-0002
ALT-00003,GRP-0003
ALT-00004,GRP-0004
ALT-00005,GRP-0004
ALT-00006,GRP-0004
ALT-00007,GRP-0005
ALT-00008,GRP-0004
ALT-00009,GRP-0006
ALT-00010,GRP-0007
ALT-00011,GRP-0003
ALT-00012,GRP-0008
ALT-00013,GRP-0009
ALT-00014,GRP-0010
ALT-00015,GRP-0004
ALT-00016,GRP-0011
ALT-00017,GRP-0004
ALT-00018,GRP-0012
ALT-00019,GRP-0004
ALT-00020,GRP-0004
ALT-00021,GRP-0013
ALT-00022,GRP-0014
ALT-00023,GRP-0015
ALT-00024,GRP-0016
ALT-00025,GRP-0017
ALT-00026,GRP-0018
ALT-00027,GRP-0015
ALT-00028,GRP-0011
ALT-00029,GRP-0019
ALT-00030,GRP-0020
ALT-00031,GRP-0021
ALT-00032,GRP-0022
ALT-00033,GRP-0023
ALT-00034,GRP-0024
ALT-00035,GRP-0025
ALT-00036,GRP-0011
ALT-00037,GRP-0026
ALT-00038,GRP-0027
ALT-00039,GRP-0028
ALT-00040,GRP-0029
ALT-00041,GRP-0030
ALT-00042,GRP-0020
ALT-00043,GRP-0031
ALT-00044,GRP-0032
ALT-00045,GRP-0007
ALT-00046,GRP-0033
ALT-00047,GRP-0034
ALT-00048,GRP-0035
ALT-00049,GRP-0004
ALT-00050,GRP-0036
ALT-00051,GRP-0004
ALT-00052,GRP-0028
ALT-00053,GRP-0037
ALT-00054,GRP-0038
ALT-00055,GRP-0039
ALT-00056,GRP-0040
ALT-00057,GRP-0038
ALT-00058,GRP-0004
ALT-00059,GRP-0041
ALT-00060,GRP-0042
ALT-00061,GRP-0043
ALT-00062,GRP-0004
ALT-00063,GRP-0010
ALT-00064,GRP-0044
ALT-00065,GRP-0045
ALT-00066,GRP-0046
ALT-00067,GRP-0047
ALT-00068,GRP-0045
ALT-00069,GRP-0048
ALT-00070,GRP-0045
ALT-00071,GRP-0049
ALT-00072,GRP-0010
ALT-00073,GRP-0050
ALT-00074,GRP-0051
ALT-00075,GRP-0052
ALT-00076,GRP-0053
ALT-00077,GRP-0054
ALT-00078,GRP-0011
ALT-00079,GRP-0020
ALT-00080,GRP-0055
ALT-00081,GRP-0056
ALT-00082,GRP-0054
ALT-00083,GRP-0057
ALT-00084,GRP-0057
ALT-00085,GRP-0058
ALT-00086,GRP-0031
ALT-00087,GRP-0041
ALT-00088,GRP-0057
ALT-00089,GRP-0059
ALT-00090,GRP-0019
ALT-00091,GRP-0058
ALT-00092,GRP-0060
ALT-00093,GRP-0061
ALT-00094,GRP-0015
ALT-00095,GRP-0004
ALT-00096,GRP-0062
ALT-00097,GRP-0004
ALT-00098,GRP-0063
ALT-00099,GRP-0004
ALT-00100,GRP-0056
ALT-00101,GRP-0025
ALT-00102,GRP-0025
ALT-00103,GRP-0064
ALT-00104,GRP-0025
ALT-00105,GRP-0065
ALT-00106,GRP-0057
ALT-00107,GRP-0066
ALT-00108,GRP-0067
ALT-00109,GRP-0065
ALT-00110,GRP-0049
ALT-00111,GRP-0025
ALT-00112,GRP-0068
ALT-00113,GRP-0025
ALT-00114,GRP-0069
ALT-00115,GRP-0070
ALT-00116,GRP-0071
ALT-00117,GRP-0030
ALT-00118,GRP-0072
ALT-00119,GRP-0073
ALT-00120,GRP-0017
ALT-00121,GRP-0074
ALT-00122,GRP-0004
ALT-00123,GRP-0075
ALT-00124,GRP-0076
ALT-00125,GRP-0072
ALT-00126,GRP-0077
ALT-00127,GRP-0004
ALT-00128,GRP-0004
ALT-00129,GRP-0078
ALT-00130,GRP-0003
ALT-00131,GRP-0079
ALT-00132,GRP-0004
ALT-00133,GRP-0004
ALT-00134,GRP-0080
ALT-00135,GRP-0081
ALT-00136,GRP-0081
ALT-00137,GRP-0004
ALT-00138,GRP-0082
ALT-00139,GRP-0083
ALT-00140,GRP-0074
ALT-00141,GRP-0084
ALT-00142,GRP-0038
ALT-00143,GRP-0032
ALT-00144,GRP-0054
ALT-00145,GRP-0045
ALT-00146,GRP-0007
ALT-00147,GRP-0085
ALT-00148,GRP-0086
ALT-00149,GRP-0023
ALT-00150,GRP-0019
ALT-00151,GRP-0072
ALT-00152,GRP-0087
ALT-00153,GRP-0088
ALT-00154,GRP-0086
ALT-00155,GRP-0026
ALT-00156,GRP-0089
ALT-00157,GRP-0004
ALT-00158,GRP-0090
ALT-00159,GRP-0004
ALT-00160,GRP-0004
ALT-00161,GRP-0091
ALT-00162,GRP-0092
ALT-00163,GRP-0093
ALT-00164,GRP-0063
ALT-00165,GRP-0094
ALT-00166,GRP-0063
ALT-00167,GRP-0095
ALT-00168,GRP-0004
ALT-00169,GRP-0096
ALT-00170,GRP-0097
ALT-00171,GRP-0040
ALT-00172,GRP-0098
ALT-00173,GRP-0004
ALT-00174,GRP-0021
ALT-00175,GRP-0004
ALT-00176,GRP-0004
ALT-00177,GRP-0004
ALT-00178,GRP-0017
ALT-00179,GRP-0004
ALT-00180,GRP-0001
ALT-00181,GRP-0099
ALT-00182,GRP-0004
ALT-00183,GRP-0056
ALT-00184,GRP-0079
ALT-00185,GRP-0100
ALT-00186,GRP-0051
ALT-00187,GRP-0101
ALT-00188,GRP-0102
ALT-00189,GRP-0103
ALT-00190,GRP-0104
ALT-00191,GRP-0105
ALT-00192,GRP-0106
ALT-00193,GRP-0004
ALT-00194,GRP-0014
ALT-00195,GRP-0044
ALT-00196,GRP-0107
ALT-00197,GRP-0027
ALT-00198,GRP-0007
ALT-00199,GRP-0108
ALT-00200,GRP-0109
ALT-00201,GRP-0076
ALT-00202,GRP-0084
ALT-00203,GRP-0053
ALT-00204,GRP-0110
ALT-00205,GRP-0111
ALT-00206,GRP-0071
ALT-00207,GRP-0066
ALT-00208,GRP-0064
ALT-00209,GRP-0112
ALT-00210,GRP-0113
ALT-00211,GRP-0004
ALT-00212,GRP-0103
ALT-00213,GRP-0114
ALT-00214,GRP-0115
ALT-00215,GRP-0116
ALT-00216,GRP-0117
ALT-00217,GRP-0014
ALT-00218,GRP-0118
ALT-00219,GRP-0119
ALT-00220,GRP-0120
ALT-00221,GRP-0021
ALT-00222,GRP-0121
ALT-00223,GRP-0122
ALT-00224,GRP-0049
ALT-00225,GRP-0123
ALT-00226,GRP-0094
ALT-00227,GRP-0074
ALT-00228,GRP-0088
ALT-00229,GRP-0111
ALT-00230,GRP-0033
ALT-00231,GRP-0124
ALT-00232,GRP-0033
ALT-00233,GRP-0125
ALT-00234,GRP-0124
ALT-00235,GRP-0023
ALT-00236,GRP-0004
ALT-00237,GRP-0004
ALT-00238,GRP-0126
ALT-00239,GRP-0127
ALT-00240,GRP-0004
ALT-00241,GRP-0050
ALT-00242,GRP-0128
ALT-00243,GRP-0043
ALT-00244,GRP-0012
ALT-00245,GRP-0046
ALT-00246,GRP-0020
ALT-00247,GRP-0129
ALT-00248,GRP-0130
ALT-00249,GRP-0065
ALT-00250,GRP-0065
ALT-00251,GRP-0102
ALT-00252,GRP-0065
ALT-00253,GRP-0039
ALT-00254,GRP-0095
ALT-00255,GRP-0097
ALT-00256,GRP-0131
ALT-00257,GRP-0053
ALT-00258,GRP-0132
ALT-00259,GRP-0065
ALT-00260,GRP-0038
ALT-00261,GRP-0038
ALT-00262,GRP-0004
ALT-00263,GRP-0007
ALT-00264,GRP-0041
ALT-00265,GRP-0038
ALT-00266,GRP-0036
ALT-00267,GRP-0133
ALT-00268,GRP-0051
ALT-00269,GRP-0021
ALT-00270,GRP-0074
ALT-00271,GRP-0046
ALT-00272,GRP-0027
ALT-00273,GRP-0075
ALT-00274,GRP-0134
ALT-00275,GRP-0027
ALT-00276,GRP-0077
ALT-00277,GRP-0135
ALT-00278,GRP-0004
ALT-00279,GRP-0084
ALT-00280,GRP-0136
ALT-00281,GRP-0135
ALT-00282,GRP-0137
ALT-00283,GRP-0073
ALT-00284,GRP-0025
ALT-00285,GRP-0036
ALT-00286,GRP-0093
ALT-00287,GRP-0138
ALT-00288,GRP-0139
ALT-00289,GRP-0140
ALT-00290,GRP-0104
ALT-00291,GRP-0004
ALT-00292,GRP-0030
ALT-00293,GRP-0012
ALT-00294,GRP-0141
ALT-00295,GRP-0142
ALT-00296,GRP-0032
ALT-00297,GRP-0015
ALT-00298,GRP-0143
ALT-00299,GRP-0144
ALT-00300,GRP-0145
ALT-00301,GRP-0146
ALT-00302,GRP-0147
ALT-00303,GRP-0064
ALT-00304,GRP-0148
ALT-00305,GRP-0098
ALT-00306,GRP-0100
ALT-00307,GRP-0149
ALT-00308,GRP-0004
ALT-00309,GRP-0092
ALT-00310,GRP-0074
ALT-00311,GRP-0115
ALT-00312,GRP-0064
ALT-00313,GRP-0004
ALT-00314,GRP-0004
ALT-00315,GRP-0150
ALT-00316,GRP-0004
ALT-00317,GRP-0151
ALT-00318,GRP-0004
ALT-00319,GRP-0152
ALT-00320,GRP-0126
ALT-00321,GRP-0153
ALT-00322,GRP-0004
ALT-00323,GRP-0145
ALT-00324,GRP-0134
ALT-00325,GRP-0111
ALT-00326,GRP-0004
ALT-00327,GRP-0050
ALT-00328,GRP-0086
ALT-00329,GRP-0126
ALT-00330,GRP-0004
ALT-00331,GRP-0154
ALT-00332,GRP-0155
ALT-00333,GRP-0140
ALT-00334,GRP-0079
ALT-00335,GRP-0079
ALT-00336,GRP-0156
ALT-00337,GRP-0003
ALT-00338,GRP-0003
ALT-00339,GRP-0032
ALT-00340,GRP-0073
ALT-00341,GRP-0136
ALT-00342,GRP-0147
ALT-00343,GRP-0117
ALT-00344,GRP-0004
ALT-00345,GRP-0157
ALT-00346,GRP-0158
ALT-00347,GRP-0004
ALT-00348,GRP-0125
ALT-00349,GRP-0159
ALT-00350,GRP-0109
ALT-00351,GRP-0160
ALT-00352,GRP-0137
ALT-00353,GRP-0066
ALT-00354,GRP-0004
ALT-00355,GRP-0025
ALT-00356,GRP-0115
ALT-00357,GRP-0135
ALT-00358,GRP-0122
ALT-00359,GRP-0125
ALT-00360,GRP-0093
ALT-00361,GRP-0161
ALT-00362,GRP-0004
ALT-00363,GRP-0004
ALT-00364,GRP-0112
ALT-00365,GRP-0044
ALT-00366,GRP-0146
ALT-00367,GRP-0162
ALT-00368,GRP-0046
ALT-00369,GRP-0100
ALT-00370,GRP-0163
ALT-00371,GRP-0162
ALT-00372,GRP-0164
ALT-00373,GRP-0165
ALT-00374,GRP-0164
ALT-00375,GRP-0164
ALT-00376,GRP-0138
ALT-00377,GRP-0087
ALT-00378,GRP-0036
ALT-00379,GRP-0065
ALT-00380,GRP-0147
ALT-00381,GRP-0049
ALT-00382,GRP-0160
ALT-00383,GRP-0164
ALT-00384,GRP-0045
ALT-00385,GRP-0166
ALT-00386,GRP-0167
ALT-00387,GRP-0094
ALT-00388,GRP-0094
ALT-00389,GRP-0108
ALT-00390,GRP-0136
ALT-00391,GRP-0141
ALT-00392,GRP-0074
ALT-00393,GRP-0064
ALT-00394,GRP-0165
ALT-00395,GRP-0049
ALT-00396,GRP-0038
ALT-00397,GRP-0147
ALT-00398,GRP-0079
ALT-00399,GRP-0004
ALT-00400,GRP-0004
ALT-00401,GRP-0004
ALT-00402,GRP-0004
ALT-00403,GRP-0074
ALT-00404,GRP-0111
ALT-00405,GRP-0168
ALT-00406,GRP-0169
ALT-00407,GRP-0163
ALT-00408,GRP-0076
ALT-00409,GRP-0004
ALT-00410,GRP-0129
ALT-00411,GRP-0170
ALT-00412,GRP-0171
ALT-00413,GRP-0004
ALT-00414,GRP-0004
ALT-00415,GRP-0172
ALT-00416,GRP-0004
ALT-00417,GRP-0066
ALT-00418,GRP-0173
ALT-00419,GRP-0030
ALT-00420,GRP-0021
ALT-00421,GRP-0093
ALT-00422,GRP-0174
ALT-00423,GRP-0175
ALT-00424,GRP-0176
ALT-00425,GRP-0174
ALT-00426,GRP-0177
ALT-00427,GRP-0178
ALT-00428,GRP-0076
ALT-00429,GRP-0170
ALT-00430,GRP-0179
ALT-00431,GRP-0148
ALT-00432,GRP-0127
ALT-00433,GRP-0046
ALT-00434,GRP-0106
ALT-00435,GRP-0180
ALT-00436,GRP-0178
ALT-00437,GRP-0129
ALT-00438,GRP-0051
ALT-00439,GRP-0014
ALT-00440,GRP-0178
ALT-00441,GRP-0123
ALT-00442,GRP-0084
ALT-00443,GRP-0181
ALT-00444,GRP-0182
ALT-00445,GRP-0004
ALT-00446,GRP-0183
ALT-00447,GRP-0012
ALT-00448,GRP-0184
ALT-00449,GRP-0182
ALT-00450,GRP-0148
ALT-00451,GRP-0118
ALT-00452,GRP-0128
ALT-00453,GRP-0185
ALT-00454,GRP-0186
ALT-00455,GRP-0143
ALT-00456,GRP-0187
ALT-00457,GRP-0020
ALT-00458,GRP-0015
ALT-00459,GRP-0143
ALT-00460,GRP-0150
ALT-00461,GRP-0183
ALT-00462,GRP-0188
ALT-00463,GRP-0074
ALT-00464,GRP-0189
ALT-00465,GRP-0100
ALT-00466,GRP-0150
ALT-00467,GRP-0147
ALT-00468,GRP-0075
ALT-00469,GRP-0190
ALT-00470,GRP-0191
ALT-00471,GRP-0160
ALT-00472,GRP-0192
ALT-00473,GRP-0193
ALT-00474,GRP-0135
ALT-00475,GRP-0004
ALT-00476,GRP-0194
ALT-00477,GRP-0004
ALT-00478,GRP-0004
ALT-00479,GRP-0195
ALT-00480,GRP-0196
ALT-00481,GRP-0004
ALT-00482,GRP-0167
ALT-00483,GRP-0197
ALT-00484,GRP-0163
ALT-00485,GRP-0138
ALT-00486,GRP-0171
ALT-00487,GRP-0134
ALT-00488,GRP-0198
ALT-00489,GRP-0132
ALT-00490,GRP-0021
ALT-00491,GRP-0066
ALT-00492,GRP-0004
ALT-00493,GRP-0025
ALT-00494,GRP-0145
ALT-00495,GRP-0075
ALT-00496,GRP-0141
ALT-00497,GRP-0135
ALT-00498,GRP-0199
ALT-00499,GRP-0200
ALT-00500,GRP-0179
ALT-00501,GRP-0030
ALT-00502,GRP-0201
ALT-00503,GRP-0202
ALT-00504,GRP-0203
ALT-00505,GRP-0179
ALT-00506,GRP-0180
ALT-00507,GRP-0015
ALT-00508,GRP-0204
ALT-00509,GRP-0149
ALT-00510,GRP-0127
ALT-00511,GRP-0198
ALT-00512,GRP-0205
ALT-00513,GRP-0137
ALT-00514,GRP-0206
ALT-00515,GRP-0177
ALT-00516,GRP-0207
ALT-00517,GRP-0204
ALT-00518,GRP-0135
ALT-00519,GRP-0208
ALT-00520,GRP-0209
ALT-00521,GRP-0185
ALT-00522,GRP-0210
ALT-00523,GRP-0050
ALT-00524,GRP-0074
ALT-00525,GRP-0004
ALT-00526,GRP-0123
ALT-00527,GRP-0211
ALT-00528,GRP-0137
ALT-00529,GRP-0179
ALT-00530,GRP-0174
ALT-00531,GRP-0212
ALT-00532,GRP-0065
ALT-00533,GRP-0118
ALT-00534,GRP-0213
ALT-00535,GRP-0214
ALT-00536,GRP-0215
ALT-00537,GRP-0201
ALT-00538,GRP-0147
ALT-00539,GRP-0216
ALT-00540,GRP-0217
ALT-00541,GRP-0218
ALT-00542,GRP-0141
ALT-00543,GRP-0174
ALT-00544,GRP-0219
ALT-00545,GRP-0204
ALT-00546,GRP-0185
ALT-00547,GRP-0126
ALT-00548,GRP-0187
ALT-00549,GRP-0012
ALT-00550,GRP-0044
ALT-00551,GRP-0220
ALT-00552,GRP-0112
ALT-00553,GRP-0004
ALT-00554,GRP-0165
ALT-00555,GRP-0205
ALT-00556,GRP-0044
ALT-00557,GRP-0165
ALT-00558,GRP-0148
ALT-00559,GRP-0165
ALT-00560,GRP-0221
ALT-00561,GRP-0197
ALT-00562,GRP-0222
ALT-00563,GRP-0100
ALT-00564,GRP-0209
ALT-00565,GRP-0147
ALT-00566,GRP-0223
ALT-00567,GRP-0224
ALT-00568,GRP-0210
ALT-00569,GRP-0187
ALT-00570,GRP-0137
ALT-00571,GRP-0163
ALT-00572,GRP-0225
ALT-00573,GRP-0191
ALT-00574,GRP-0217
ALT-00575,GRP-0074
ALT-00576,GRP-0138
ALT-00577,GRP-0226
ALT-00578,GRP-0227
ALT-00579,GRP-0228
ALT-00580,GRP-0137
ALT-00581,GRP-0223
ALT-00582,GRP-0012
ALT-00583,GRP-0134
ALT-00584,GRP-0012
ALT-00585,GRP-0229
ALT-00586,GRP-0025
ALT-00587,GRP-0179
ALT-00588,GRP-0051
ALT-00589,GRP-0230
ALT-00590,GRP-0231
ALT-00591,GRP-0208
ALT-00592,GRP-0166
ALT-00593,GRP-0183
ALT-00594,GRP-0228
ALT-00595,GRP-0232
ALT-00596,GRP-0147
ALT-00597,GRP-0213
ALT-00598,GRP-0004
ALT-00599,GRP-0066
ALT-00600,GRP-0233
ALT-00601,GRP-0208
ALT-00602,GRP-0234
ALT-00603,GRP-0235
ALT-00604,GRP-0020
ALT-00605,GRP-0051
ALT-00606,GRP-0227
ALT-00607,GRP-0236
ALT-00608,GRP-0237
ALT-00609,GRP-0238
ALT-00610,GRP-0074
ALT-00611,GRP-0238
ALT-00612,GRP-0239
ALT-00613,GRP-0240
ALT-00614,GRP-0241
ALT-00615,GRP-0242
ALT-00616,GRP-0243
ALT-00617,GRP-0225
ALT-00618,GRP-0051
ALT-00619,GRP-0244
ALT-00620,GRP-0245
ALT-00621,GRP-0246
ALT-00622,GRP-0181
ALT-00623,GRP-0111
ALT-00624,GRP-0247
ALT-00625,GRP-0015
ALT-00626,GRP-0248
ALT-00627,GRP-0066
ALT-00628,GRP-0170
ALT-00629,GRP-0249
ALT-00630,GRP-0004
ALT-00631,GRP-0250
ALT-00632,GRP-0147
ALT-00633,GRP-0066
ALT-00634,GRP-0175
ALT-00635,GRP-0118
ALT-00636,GRP-0100
ALT-00637,GRP-0251
ALT-00638,GRP-0147
ALT-00639,GRP-0212
ALT-00640,GRP-0025
ALT-00641,GRP-0252
ALT-00642,GRP-0179
ALT-00643,GRP-0214
ALT-00644,GRP-0227
ALT-00645,GRP-0134
ALT-00646,GRP-0012
ALT-00647,GRP-0253
ALT-00648,GRP-0254
ALT-00649,GRP-0221
ALT-00650,GRP-0255
ALT-00651,GRP-0180
ALT-00652,GRP-0256
ALT-00653,GRP-0257
ALT-00654,GRP-0222
ALT-00655,GRP-0182
ALT-00656,GRP-0258
ALT-00657,GRP-0259
ALT-00658,GRP-0206
ALT-00659,GRP-0255
ALT-00660,GRP-0135
ALT-00661,GRP-0150
ALT-00662,GRP-0260
ALT-00663,GRP-0025
ALT-00664,GRP-0147
ALT-00665,GRP-0261
ALT-00666,GRP-0175
ALT-00667,GRP-0262
ALT-00668,GRP-0235
ALT-00669,GRP-0231
ALT-00670,GRP-0263
ALT-00671,GRP-0214
ALT-00672,GRP-0012
ALT-00673,GRP-0264
ALT-00674,GRP-0179
ALT-00675,GRP-0227
ALT-00676,GRP-0265
ALT-00677,GRP-0084
ALT-00678,GRP-0229
ALT-00679,GRP-0012
ALT-00680,GRP-0004
ALT-00681,GRP-0012
ALT-00682,GRP-0266
ALT-00683,GRP-0213
ALT-00684,GRP-0267
ALT-00685,GRP-0211
ALT-00686,GRP-0181
ALT-00687,GRP-0215
ALT-00688,GRP-0183
ALT-00689,GRP-0222
ALT-00690,GRP-0004
ALT-00691,GRP-0245
ALT-00692,GRP-0254
ALT-00693,GRP-0221
ALT-00694,GRP-0268
ALT-00695,GRP-0050
ALT-00696,GRP-0269
ALT-00697,GRP-0219
ALT-00698,GRP-0231
ALT-00699,GRP-0270
ALT-00700,GRP-0187
ALT-00701,GRP-0246
ALT-00702,GRP-0270
ALT-00703,GRP-0147
ALT-00704,GRP-0271
ALT-00705,GRP-0192
ALT-00706,GRP-0272
ALT-00707,GRP-0150
ALT-00708,GRP-0244
ALT-00709,GRP-0244
ALT-00710,GRP-0252
ALT-00711,GRP-0228
ALT-00712,GRP-0134
ALT-00713,GRP-0213
ALT-00714,GRP-0015
ALT-00715,GRP-0273
ALT-00716,GRP-0244
ALT-00717,GRP-0274
ALT-00718,GRP-0148
ALT-00719,GRP-0251
ALT-00720,GRP-0275
ALT-00721,GRP-0259
ALT-00722,GRP-0230
ALT-00723,GRP-0065
ALT-00724,GRP-0260
ALT-00725,GRP-0185
ALT-00726,GRP-0185
ALT-00727,GRP-0185
ALT-00728,GRP-0263
ALT-00729,GRP-0276
ALT-00730,GRP-0170
ALT-00731,GRP-0277
ALT-00732,GRP-0004
ALT-00733,GRP-0233
ALT-00734,GRP-0271
ALT-00735,GRP-0278
ALT-00736,GRP-0228
ALT-00737,GRP-0279
ALT-00738,GRP-0065
ALT-00739,GRP-0280
ALT-00740,GRP-0281
ALT-00741,GRP-0187
ALT-00742,GRP-0273
ALT-00743,GRP-0203
ALT-00744,GRP-0012
ALT-00745,GRP-0127
ALT-00746,GRP-0281
ALT-00747,GRP-0258
ALT-00748,GRP-0012
ALT-00749,GRP-0141
ALT-00750,GRP-0197
ALT-00751,GRP-0282
ALT-00752,GRP-0197
ALT-00753,GRP-0197
ALT-00754,GRP-0015
ALT-00755,GRP-0240
ALT-00756,GRP-0283
ALT-00757,GRP-0284
ALT-00758,GRP-0197
ALT-00759,GRP-0224
ALT-00760,GRP-0074
ALT-00761,GRP-0285
ALT-00762,GRP-0235
ALT-00763,GRP-0259
ALT-00764,GRP-0286
ALT-00765,GRP-0214
ALT-00766,GRP-0219
ALT-00767,GRP-0191
ALT-00768,GRP-0216
ALT-00769,GRP-0066
ALT-00770,GRP-0004
ALT-00771,GRP-0287
ALT-00772,GRP-0187
ALT-00773,GRP-0191
ALT-00774,GRP-0050
ALT-00775,GRP-0288
ALT-00776,GRP-0289
ALT-00777,GRP-0243
ALT-00778,GRP-0290
ALT-00779,GRP-0020
ALT-00780,GRP-0291
ALT-00781,GRP-0185
ALT-00782,GRP-0278
ALT-00783,GRP-0266
ALT-00784,GRP-0292
ALT-00785,GRP-0292
ALT-00786,GRP-0293
ALT-00787,GRP-0004
ALT-00788,GRP-0148
ALT-00789,GRP-0219
ALT-00790,GRP-0170
ALT-00791,GRP-0240
ALT-00792,GRP-0126
ALT-00793,GRP-0294
ALT-00794,GRP-0126
ALT-00795,GRP-0150
ALT-00796,GRP-0138
ALT-00797,GRP-0295
ALT-00798,GRP-0148
ALT-00799,GRP-0296
ALT-00800,GRP-0289
ALT-00801,GRP-0170
ALT-00802,GRP-0012
ALT-00803,GRP-0012
ALT-00804,GRP-0179
ALT-00805,GRP-0282
ALT-00806,GRP-0297
ALT-00807,GRP-0141
ALT-00808,GRP-0233
ALT-00809,GRP-0051
ALT-00810,GRP-0298
ALT-00811,GRP-0051
ALT-00812,GRP-0299
ALT-00813,GRP-0165
ALT-00814,GRP-0299
ALT-00815,GRP-0299
ALT-00816,GRP-0163
ALT-00817,GRP-0051
ALT-00818,GRP-0004
ALT-00819,GRP-0065
ALT-00820,GRP-0300
ALT-00821,GRP-0250
ALT-00822,GRP-0025
ALT-00823,GRP-0301
ALT-00824,GRP-0302
ALT-00825,GRP-0291
ALT-00826,GRP-0303
ALT-00827,GRP-0299
ALT-00828,GRP-0304
ALT-00829,GRP-0179
ALT-00830,GRP-0305
ALT-00831,GRP-0004
ALT-00832,GRP-0004
ALT-00833,GRP-0226
ALT-00834,GRP-0303
ALT-00835,GRP-0306
ALT-00836,GRP-0279
ALT-00837,GRP-0286
ALT-00838,GRP-0284
ALT-00839,GRP-0306
ALT-00840,GRP-0233
ALT-00841,GRP-0229
ALT-00842,GRP-0180
ALT-00843,GRP-0253
ALT-00844,GRP-0180
ALT-00845,GRP-0307
ALT-00846,GRP-0308
ALT-00847,GRP-0309
ALT-00848,GRP-0310
ALT-00849,GRP-0311
ALT-00850,GRP-0187
ALT-00851,GRP-0290
ALT-00852,GRP-0312
ALT-00853,GRP-0236
ALT-00854,GRP-0313
ALT-00855,GRP-0185
ALT-00856,GRP-0301
ALT-00857,GRP-0314
ALT-00858,GRP-0315
ALT-00859,GRP-0185
ALT-00860,GRP-0292
ALT-00861,GRP-0066
ALT-00862,GRP-0316
ALT-00863,GRP-0185
ALT-00864,GRP-0317
ALT-00865,GRP-0270
ALT-00866,GRP-0025
ALT-00867,GRP-0305
ALT-00868,GRP-0270
ALT-00869,GRP-0270
ALT-00870,GRP-0270
ALT-00871,GRP-0179
ALT-00872,GRP-0175
ALT-00873,GRP-0185
ALT-00874,GRP-0318
ALT-00875,GRP-0251
ALT-00876,GRP-0250
ALT-00877,GRP-0012
ALT-00878,GRP-0004
ALT-00879,GRP-0319
ALT-00880,GRP-0257
ALT-00881,GRP-0296
ALT-00882,GRP-0320
ALT-00883,GRP-0270
ALT-00884,GRP-0285
ALT-00885,GRP-0308
ALT-00886,GRP-0012
ALT-00887,GRP-0321
ALT-00888,GRP-0322
ALT-00889,GRP-0301
ALT-00890,GRP-0012
ALT-00891,GRP-0323
ALT-00892,GRP-0317
ALT-00893,GRP-0226
ALT-00894,GRP-0324
ALT-00895,GRP-0325
ALT-00896,GRP-0291
ALT-00897,GRP-0319
ALT-00898,GRP-0326
ALT-00899,GRP-0327
ALT-00900,GRP-0004
ALT-00901,GRP-0263
ALT-00902,GRP-0328
ALT-00903,GRP-0329
ALT-00904,GRP-0330
ALT-00905,GRP-0243
ALT-00906,GRP-0331
ALT-00907,GRP-0015
ALT-00908,GRP-0231
ALT-00909,GRP-0310
ALT-00910,GRP-0281
ALT-00911,GRP-0012
ALT-00912,GRP-0235
ALT-00913,GRP-0185
ALT-00914,GRP-0185
ALT-00915,GRP-0138
ALT-00916,GRP-0185
ALT-00917,GRP-0246
ALT-00918,GRP-0181
ALT-00919,GRP-0285
ALT-00920,GRP-0332
ALT-00921,GRP-0262
ALT-00922,GRP-0252
ALT-00923,GRP-0333
ALT-00924,GRP-0127
ALT-00925,GRP-0289
ALT-00926,GRP-0065
ALT-00927,GRP-0334
ALT-00928,GRP-0134
ALT-00929,GRP-0215
ALT-00930,GRP-0214
ALT-00931,GRP-0260
ALT-00932,GRP-0277
ALT-00933,GRP-0308
ALT-00934,GRP-0335
ALT-00935,GRP-0336
ALT-00936,GRP-0228
ALT-00937,GRP-0276
ALT-00938,GRP-0294
ALT-00939,GRP-0337
ALT-00940,GRP-0185
ALT-00941,GRP-0065
ALT-00942,GRP-0338
ALT-00943,GRP-0004
ALT-00944,GRP-0253
ALT-00945,GRP-0185
ALT-00946,GRP-0185
ALT-00947,GRP-0126
ALT-00948,GRP-0185
ALT-00949,GRP-0185
ALT-00950,GRP-0126
ALT-00951,GRP-0126
ALT-00952,GRP-0339
ALT-00953,GRP-0293
ALT-00954,GRP-0012
ALT-00955,GRP-0328
ALT-00956,GRP-0313
ALT-00957,GRP-0339
ALT-00958,GRP-0165
ALT-00959,GRP-0126
ALT-00960,GRP-0340
ALT-00961,GRP-0297
ALT-00962,GRP-0170
ALT-00963,GRP-0341
ALT-00964,GRP-0185
ALT-00965,GRP-0185
ALT-00966,GRP-0185
ALT-00967,GRP-0216
ALT-00968,GRP-0339
ALT-00969,GRP-0235
ALT-00970,GRP-0342
ALT-00971,GRP-0326
ALT-00972,GRP-0259
ALT-00973,GRP-0343
ALT-00974,GRP-0012
ALT-00975,GRP-0339
ALT-00976,GRP-0303
ALT-00977,GRP-0289
ALT-00978,GRP-0320
ALT-00979,GRP-0180
ALT-00980,GRP-0300
ALT-00981,GRP-0344
ALT-00982,GRP-0219
ALT-00983,GRP-0345
ALT-00984,GRP-0346
ALT-00985,GRP-0347
ALT-00986,GRP-0240
ALT-00987,GRP-0348
ALT-00988,GRP-0015
ALT-00989,GRP-0327
ALT-00990,GRP-0300
ALT-00991,GRP-0349
ALT-00992,GRP-0175
ALT-00993,GRP-0163
ALT-00994,GRP-0262
ALT-00995,GRP-0350
ALT-00996,GRP-0336
ALT-00997,GRP-0051
ALT-00998,GRP-0282
ALT-00999,GRP-0351
ALT-01000,GRP-0352
ALT-01001,GRP-0148
ALT-01002,GRP-0308
ALT-01003,GRP-0004
ALT-01004,GRP-0282
ALT-01005,GRP-0353
ALT-01006,GRP-0346
ALT-01007,GRP-0185
ALT-01008,GRP-0185
ALT-01009,GRP-0025
ALT-01010,GRP-0185
ALT-01011,GRP-0012
ALT-01012,GRP-0185
ALT-01013,GRP-0354
ALT-01014,GRP-0240
ALT-01015,GRP-0355
ALT-01016,GRP-0015
ALT-01017,GRP-0356
ALT-01018,GRP-0357
ALT-01019,GRP-0281
ALT-01020,GRP-0358
ALT-01021,GRP-0308
ALT-01022,GRP-0185
ALT-01023,GRP-0284
ALT-01024,GRP-0284
ALT-01025,GRP-0359
ALT-01026,GRP-0187
ALT-01027,GRP-0360
ALT-01028,GRP-0345
ALT-01029,GRP-0361
ALT-01030,GRP-0279
ALT-01031,GRP-0327
ALT-01032,GRP-0313
ALT-01033,GRP-0319
ALT-01034,GRP-0362
ALT-01035,GRP-0351
ALT-01036,GRP-0253
ALT-01037,GRP-0304
ALT-01038,GRP-0333
ALT-01039,GRP-0012
ALT-01040,GRP-0339
ALT-01041,GRP-0363
ALT-01042,GRP-0356
