rank,user,score,alert_ids,group_ids
1,finley.reyes@example.com,90.71,ALT-00035 ALT-00101 ALT-00102 ALT-00104,GRP-0030
2,blake.walsh@example.com,81.94,ALT-00121 ALT-00140 ALT-00227 ALT-00270 ALT-00310 ALT-00392 ALT-00403 ALT-00463 ALT-00524 ALT-00575,GRP-0101 GRP-0117 GRP-0199 GRP-0340
3,kai.novak@example.com,80.97,ALT-00067 ALT-00344 ALT-00347 ALT-00354 ALT-00363,GRP-0058 GRP-0296
4,reese.adler@example.com,74.8,ALT-00453 ALT-00521 ALT-00546 ALT-00781 ALT-00855 ALT-00859 ALT-00863 ALT-00873,GRP-0386 GRP-0448 GRP-0470 GRP-0687
5,morgan.reyes@example.com,74.52,ALT-00049 ALT-00051 ALT-00058 ALT-00062,GRP-0044
6,blake.chen@example.com,72.59,ALT-00372 ALT-00374 ALT-00375 ALT-00383,GRP-0318
7,finley.chen@example.com,72.58,ALT-00418 ALT-00812 ALT-00814 ALT-00815 ALT-00827,GRP-0352 GRP-0715
8,casey.diaz@example.com,72.57,ALT-00008 ALT-00099 ALT-00127 ALT-00128 ALT-00132 ALT-00137,GRP-0006 GRP-0085 GRP-0107
9,sage.ito@example.com,72.06,ALT-00215 ALT-00483 ALT-00561 ALT-00750 ALT-00752 ALT-00753 ALT-00758,GRP-0187 GRP-0411 GRP-0483 GRP-0660
10,jordan.hayes@example.com,64.9,ALT-00547 ALT-00792 ALT-00794 ALT-00947 ALT-00950 ALT-00951 ALT-00959,GRP-0471 GRP-0698 GRP-0833
11,morgan.silva@example.com,64.9,ALT-00389 ALT-00699 ALT-00702 ALT-00865 ALT-00868 ALT-00869 ALT-00870 ALT-00883,GRP-0331 GRP-0613 GRP-0759
12,reese.ortiz@example.com,64.83,ALT-00105 ALT-00109 ALT-00249 ALT-00250 ALT-00252 ALT-00259,GRP-0088 GRP-0218
13,sage.walsh@example.com,64.63,ALT-00083 ALT-00084 ALT-00088 ALT-00106,GRP-0072
14,finley.evans@example.com,48.69,ALT-00243 ALT-00619 ALT-00708 ALT-00709 ALT-00716,GRP-0213 GRP-0537 GRP-0620
15,finley.lopez@example.com,44.4,ALT-00031 ALT-00174 ALT-00221 ALT-00269 ALT-00420 ALT-00490,GRP-0026 GRP-0193 GRP-0354 GRP-0418
16,devon.lopez@example.com,42.81,ALT-00065 ALT-00068 ALT-00070 ALT-00145,GRP-0056 GRP-0122
17,noel.evans@example.com,40.6,ALT-00291 ALT-00475 ALT-00477 ALT-00492 ALT-00630 ALT-00732,GRP-0251 GRP-0405 GRP-0420 GRP-0548 GRP-0642
18,jordan.chen@example.com,40.16,ALT-00268 ALT-00438 ALT-00588 ALT-00605 ALT-00618 ALT-00809 ALT-00811 ALT-00817,GRP-0230 GRP-0371 GRP-0508 GRP-0524 GRP-0536 GRP-0713
19,jordan.adler@example.com,38.06,ALT-00502 ALT-00537 ALT-00900 ALT-00943,GRP-0430 GRP-0462 GRP-0789 GRP-0830
20,avery.jones@example.com,37.51,ALT-00302 ALT-00342 ALT-00380 ALT-00397 ALT-00467 ALT-00538 ALT-00565 ALT-00596 ALT-00664 ALT-00703,GRP-0262 GRP-0324 GRP-0487
21,sage.jones@example.com,36.34,ALT-00054 ALT-00057 ALT-00142 ALT-00260 ALT-00261 ALT-00265,GRP-0048 GRP-0119
22,sage.ortiz@example.com,35.56,ALT-00173 ALT-00211 ALT-00262 ALT-00278 ALT-00326 ALT-00409 ALT-00481 ALT-00525 ALT-00553,GRP-0150 GRP-0238
23,wren.jones@example.com,33.58,ALT-00680 ALT-00770 ALT-00818 ALT-00831 ALT-00832,GRP-0595 GRP-0677 GRP-0718 GRP-0730
24,devon.adler@example.com,30.73,ALT-00184 ALT-00334 ALT-00335 ALT-00398 ALT-00735,GRP-0157 GRP-0289 GRP-0338 GRP-0645
25,wren.ito@example.com,24.68,ALT-00163 ALT-00286 ALT-00360 ALT-00421 ALT-00667,GRP-0140 GRP-0246 GRP-0355 GRP-0582
26,wren.lopez@example.com,24.56,ALT-00175 ALT-00176 ALT-00177 ALT-00179 ALT-00237 ALT-00240 ALT-00322 ALT-00362,GRP-0151 GRP-0209 GRP-0278 GRP-0311
27,sage.adler@example.com,24.45,ALT-00376 ALT-00485 ALT-00576 ALT-00796 ALT-00915,GRP-0320 GRP-0413 GRP-0701 GRP-0803
28,noel.ortiz@example.com,24.43,ALT-00185 ALT-00306 ALT-00369 ALT-00465 ALT-00563 ALT-00636,GRP-0158 GRP-0266 GRP-0316 GRP-0397 GRP-0485
29,kai.hayes@example.com,24.12,ALT-00015 ALT-00017 ALT-00019 ALT-00020 ALT-00095 ALT-00168 ALT-00308,GRP-0013 GRP-0081 GRP-0145 GRP-0268
30,taylor.ortiz@example.com,23.73,ALT-00531 ALT-00639 ALT-00952 ALT-00957 ALT-00968 ALT-00975 ALT-01040,GRP-0456 GRP-0555 GRP-0834 GRP-0839 GRP-0855 GRP-0915
31,devon.fox@example.com,23.49,ALT-00458 ALT-00507 ALT-00625 ALT-00714 ALT-00754 ALT-00907 ALT-00988 ALT-01016,GRP-0391 GRP-0435 GRP-0543 GRP-0625 GRP-0662 GRP-0796 GRP-0868 GRP-0892
32,parker.chen@example.com,23.12,ALT-00277 ALT-00281 ALT-00357 ALT-00474 ALT-00497 ALT-00518 ALT-00660,GRP-0237 GRP-0241 GRP-0307 GRP-0404 GRP-0425 GRP-0445 GRP-0576
33,reese.ito@example.com,23.07,ALT-00244 ALT-00293 ALT-00447 ALT-00584 ALT-00646 ALT-00744 ALT-00748,GRP-0015 GRP-0253 GRP-0380 GRP-0504 GRP-0562 GRP-0654 GRP-0658
34,kai.grant@example.com,22.9,ALT-00445 ALT-00598 ALT-00899 ALT-00989,GRP-0378 GRP-0517 GRP-0788 GRP-0869
35,harper.khan@example.com,22.81,ALT-00071 ALT-00110 ALT-00224 ALT-00381 ALT-00395,GRP-0060 GRP-0091 GRP-0196 GRP-0325 GRP-0336
36,reese.tran@example.com,22.69,ALT-00066 ALT-00245 ALT-00271 ALT-00368 ALT-00433,GRP-0057 GRP-0214 GRP-0231 GRP-0366
37,sage.grant@example.com,22.69,ALT-00276 ALT-00534 ALT-00597 ALT-00683 ALT-00713,GRP-0236 GRP-0459 GRP-0516 GRP-0624
38,morgan.ortiz@example.com,22.59,ALT-00162 ALT-00309 ALT-00572 ALT-00617,GRP-0139 GRP-0269 GRP-0494 GRP-0535
39,quinn.moore@example.com,22.53,ALT-00488 ALT-00511 ALT-00802 ALT-00890 ALT-00974,GRP-0416 GRP-0707 GRP-0779 GRP-0854
40,noel.brooks@example.com,22.46,ALT-00544 ALT-00697 ALT-00766 ALT-00789 ALT-00982,GRP-0468 GRP-0611 GRP-0673 GRP-0695 GRP-0862
41,finley.jones@example.com,22.1,ALT-00562 ALT-00654 ALT-00689,GRP-0484 GRP-0570 GRP-0603
42,blake.jones@example.com,21.45,ALT-00647 ALT-00843 ALT-00944 ALT-01036,GRP-0563 GRP-0741 GRP-0831 GRP-0911
43,zion.fox@example.com,21.09,ALT-00751 ALT-00805 ALT-00998 ALT-01004,GRP-0661 GRP-0878 GRP-0884
44,logan.diaz@example.com,20.74,ALT-00590 ALT-00669 ALT-00698 ALT-00908,GRP-0510 GRP-0584 GRP-0612 GRP-0797
45,riley.ortiz@example.com,20.72,ALT-00470 ALT-00573 ALT-00767 ALT-00773,GRP-0400 GRP-0495 GRP-0674
46,quinn.lopez@example.com,20.56,ALT-00123 ALT-00273 ALT-00468 ALT-00495,GRP-0103 GRP-0233 GRP-0423
47,harper.ito@example.com,20.54,ALT-00014 ALT-00063 ALT-00072 ALT-00426,GRP-0012 GRP-0054 GRP-0061 GRP-0359
48,emery.chen@example.com,20.53,ALT-00046 ALT-00230 ALT-00232,GRP-0041 GRP-0202 GRP-0204
49,casey.fox@example.com,20.38,ALT-00073 ALT-00241 ALT-00327 ALT-00523,GRP-0062 GRP-0282 GRP-0450
50,emery.lopez@example.com,20.11,ALT-00178 ALT-00469 ALT-00717,GRP-0152 GRP-0399 GRP-0627
51,harper.lopez@example.com,19.51,ALT-00444 ALT-00449 ALT-00655 ALT-00983,GRP-0377 GRP-0382 GRP-0571 GRP-0863
52,morgan.khan@example.com,19.39,ALT-00191 ALT-00579 ALT-00594 ALT-00711,GRP-0164 GRP-0499 GRP-0514 GRP-0622
53,devon.chen@example.com,19.35,ALT-00456 ALT-00548 ALT-00569 ALT-00700 ALT-00741 ALT-00772 ALT-00850,GRP-0389 GRP-0472 GRP-0491 GRP-0614 GRP-0651 GRP-0679 GRP-0747
54,reese.patel@example.com,19.34,ALT-00600 ALT-00733 ALT-00808 ALT-00840,GRP-0519 GRP-0643 GRP-0712 GRP-0738
55,riley.adler@example.com,19.31,ALT-00060 ALT-00508 ALT-00517 ALT-00545,GRP-0052 GRP-0436 GRP-0444 GRP-0469
56,harper.chen@example.com,19.28,ALT-00139 ALT-00679,GRP-0116 GRP-0594
57,zion.novak@example.com,19.21,ALT-00235 ALT-00657 ALT-00721 ALT-00763,GRP-0207 GRP-0573 GRP-0631 GRP-0670
58,reese.fox@example.com,19.09,ALT-00280 ALT-00341 ALT-00390 ALT-00673,GRP-0240 GRP-0294 GRP-0332 GRP-0588
59,blake.moore@example.com,19.05,ALT-00010 ALT-00045 ALT-00146 ALT-00198 ALT-00263,GRP-0008 GRP-0040 GRP-0123 GRP-0171 GRP-0226
60,sage.khan@example.com,18.96,ALT-00411 ALT-00429 ALT-00628 ALT-00730 ALT-00790 ALT-00801,GRP-0347 GRP-0362 GRP-0546 GRP-0640 GRP-0696 GRP-0706
61,avery.hayes@example.com,18.95,ALT-00427 ALT-00436 ALT-00440 ALT-00906,GRP-0360 GRP-0369 GRP-0373 GRP-0795
62,sage.patel@example.com,18.81,ALT-00549 ALT-00681 ALT-00886 ALT-01039,GRP-0473 GRP-0596 GRP-0775 GRP-0914
63,zion.patel@example.com,18.8,ALT-00377 ALT-00823 ALT-00856 ALT-00889,GRP-0321 GRP-0723 GRP-0752 GRP-0778
64,zion.adler@example.com,18.78,ALT-00165 ALT-00226 ALT-00387 ALT-00388,GRP-0142 GRP-0198 GRP-0330
65,harper.moore@example.com,18.76,ALT-00740 ALT-00746 ALT-00910 ALT-01019,GRP-0650 GRP-0656 GRP-0799 GRP-0895
66,morgan.grant@example.com,18.68,ALT-00001 ALT-00180 ALT-00435 ALT-00506,GRP-0001 GRP-0153 GRP-0368 GRP-0434
67,taylor.diaz@example.com,18.47,ALT-00482 ALT-00737 ALT-00836 ALT-01030,GRP-0410 GRP-0647 GRP-0734 GRP-0905
68,kai.reyes@example.com,18.45,ALT-00089 ALT-00370 ALT-00407 ALT-00484 ALT-00571,GRP-0076 GRP-0317 GRP-0344 GRP-0412 GRP-0493
69,quinn.khan@example.com,17.86,ALT-00135 ALT-00136,GRP-0113 GRP-0114
70,casey.brooks@example.com,16.86,ALT-00349 ALT-00656 ALT-00747,GRP-0300 GRP-0572 GRP-0657
71,taylor.brooks@example.com,16.78,ALT-00527 ALT-00685 ALT-00970,GRP-0452 GRP-0599 GRP-0850
72,taylor.tran@example.com,16.59,ALT-00560 ALT-00649 ALT-00693 ALT-00939,GRP-0482 GRP-0565 GRP-0607 GRP-0826
73,harper.walsh@example.com,16.45,ALT-00188 ALT-00251 ALT-00665,GRP-0161 GRP-0219 GRP-0580
74,avery.moore@example.com,16.33,ALT-00043 ALT-00086 ALT-00536,GRP-0038 GRP-0074 GRP-0461
75,quinn.novak@example.com,16.31,ALT-00412 ALT-00486 ALT-00862,GRP-0348 GRP-0414 GRP-0757
76,riley.hayes@example.com,16.3,ALT-00124 ALT-00201 ALT-00408 ALT-00428,GRP-0104 GRP-0174 GRP-0345 GRP-0361
77,parker.ito@example.com,16.22,ALT-00085 ALT-00091 ALT-00448,GRP-0073 GRP-0381
78,blake.khan@example.com,16.17,ALT-00637 ALT-00719 ALT-00875,GRP-0554 GRP-0629 GRP-0765
79,riley.ito@example.com,16.11,ALT-00204 ALT-00567 ALT-00759,GRP-0177 GRP-0489 GRP-0666
80,zion.walsh@example.com,16.09,ALT-00577 ALT-00833 ALT-00893,GRP-0497 GRP-0731 GRP-0782
81,kai.ito@example.com,16.04,ALT-00595 ALT-00923 ALT-01038,GRP-0515 GRP-0810 GRP-0913
82,zion.evans@example.com,15.54,ALT-00612 ALT-00995,GRP-0530 GRP-0875
83,logan.ito@example.com,14.33,ALT-00189 ALT-00212,GRP-0162 GRP-0184
84,avery.diaz@example.com,14.13,ALT-00053 ALT-00321,GRP-0047 GRP-0277
85,kai.brooks@example.com,14.09,ALT-00830 ALT-00867,GRP-0729 GRP-0761
86,logan.jones@example.com,13.81,ALT-00108 ALT-00603,GRP-0090 GRP-0522
87,zion.grant@example.com,13.78,ALT-00364 ALT-00552 ALT-00849,GRP-0312 GRP-0476 GRP-0746
88,kai.adler@example.com,13.76,ALT-00112 ALT-00473,GRP-0093 GRP-0403
89,devon.silva@example.com,13.75,ALT-00039 ALT-00052,GRP-0034 GRP-0046
90,emery.ortiz@example.com,13.6,ALT-00231 ALT-00234,GRP-0203 GRP-0206
91,harper.ortiz@example.com,13.6,ALT-00828 ALT-01037,GRP-0727 GRP-0912
92,noel.silva@example.com,13.59,ALT-00778 ALT-00851,GRP-0684 GRP-0748
93,blake.reyes@example.com,13.57,ALT-00288 ALT-00551,GRP-0248 GRP-0475
94,avery.grant@example.com,11.49,ALT-00153 ALT-00228 ALT-00632 ALT-00638,GRP-0130 GRP-0200 GRP-0550
95,kai.khan@example.com,11.46,ALT-00626,GRP-0544
96,morgan.chen@example.com,11.06,ALT-00422 ALT-00425 ALT-00530 ALT-00543,GRP-0356 GRP-0455 GRP-0467
97,logan.evans@example.com,10.66,ALT-00041 ALT-00117 ALT-00292 ALT-00419 ALT-00501,GRP-0036 GRP-0097 GRP-0252 GRP-0353 GRP-0429
98,avery.evans@example.com,10.55,ALT-00430 ALT-00500 ALT-00505 ALT-00529 ALT-00587 ALT-00642 ALT-00674 ALT-00804,GRP-0363 GRP-0428 GRP-0433 GRP-0454 GRP-0507 GRP-0558 GRP-0589 GRP-0709
99,logan.moore@example.com,10.44,ALT-00373 ALT-00394 ALT-00554 ALT-00557 ALT-00559 ALT-00813,GRP-0319 GRP-0335 GRP-0477 GRP-0481 GRP-0716
100,morgan.hayes@example.com,10.33,ALT-00141 ALT-00202 ALT-00279 ALT-00442 ALT-00677,GRP-0118 GRP-0175 GRP-0239 GRP-0375 GRP-0592
101,parker.brooks@example.com,10.31,ALT-00282 ALT-00352 ALT-00513 ALT-00528 ALT-00570 ALT-00580,GRP-0242 GRP-0303 GRP-0440 GRP-0453 GRP-0492 GRP-0500
102,taylor.moore@example.com,10.29,ALT-00064 ALT-00195 ALT-00365 ALT-00550 ALT-00556,GRP-0055 GRP-0168 GRP-0313 GRP-0474 GRP-0479
103,reese.lopez@example.com,10.26,ALT-00246 ALT-00457 ALT-00604 ALT-00779,GRP-0215 GRP-0390 GRP-0523 GRP-0685
104,noel.walsh@example.com,10.25,ALT-00044 ALT-00143 ALT-00296 ALT-00339,GRP-0039 GRP-0120 GRP-0256 GRP-0292
105,sage.novak@example.com,10.24,ALT-00107 ALT-00207 ALT-00353 ALT-00417 ALT-00491 ALT-00599 ALT-00627,GRP-0089 GRP-0180 GRP-0304 GRP-0351 GRP-0419 GRP-0518 GRP-0545
106,wren.ortiz@example.com,10.24,ALT-00315 ALT-00460 ALT-00466 ALT-00661 ALT-00707 ALT-00795,GRP-0273 GRP-0393 GRP-0398 GRP-0577 GRP-0619 GRP-0700
107,taylor.grant@example.com,10.23,ALT-00038 ALT-00197 ALT-00272 ALT-00275,GRP-0033 GRP-0170 GRP-0232 GRP-0235
108,parker.grant@example.com,10.22,ALT-00098 ALT-00164 ALT-00166 ALT-00512,GRP-0084 GRP-0141 GRP-0143 GRP-0439
109,taylor.jones@example.com,10.22,ALT-00535 ALT-00643 ALT-00671 ALT-00765,GRP-0460 GRP-0559 GRP-0586 GRP-0672
110,avery.lopez@example.com,10.21,ALT-00214 ALT-00311 ALT-00356 ALT-00653,GRP-0186 GRP-0270 GRP-0306 GRP-0569
111,emery.novak@example.com,10.2,ALT-00304 ALT-00431 ALT-00450 ALT-00558 ALT-00718 ALT-00788 ALT-00798,GRP-0264 GRP-0364 GRP-0383 GRP-0480 GRP-0628 GRP-0694 GRP-0703
112,morgan.walsh@example.com,10.2,ALT-00172 ALT-00305 ALT-00582 ALT-00672,GRP-0149 GRP-0265 GRP-0502 GRP-0587
113,parker.fox@example.com,10.19,ALT-00247 ALT-00410 ALT-00437 ALT-00704 ALT-00734,GRP-0216 GRP-0346 GRP-0370 GRP-0616 GRP-0644
114,noel.grant@example.com,10.15,ALT-00274 ALT-00324 ALT-00487 ALT-00583 ALT-00645,GRP-0234 GRP-0280 GRP-0415 GRP-0503 GRP-0561
115,quinn.fox@example.com,10.1,ALT-00516 ALT-00846 ALT-00885 ALT-00933 ALT-01002,GRP-0443 GRP-0743 GRP-0774 GRP-0820 GRP-0882
116,devon.brooks@example.com,10.07,ALT-00029 ALT-00090 ALT-00150 ALT-00519,GRP-0024 GRP-0077 GRP-0127 GRP-0446
117,kai.lopez@example.com,10.07,ALT-00367 ALT-00371 ALT-00602 ALT-00882,GRP-0315 GRP-0521 GRP-0772
118,quinn.brooks@example.com,10.07,ALT-00218 ALT-00451 ALT-00533 ALT-00635,GRP-0190 GRP-0384 GRP-0458 GRP-0553
119,quinn.silva@example.com,10.07,ALT-00205 ALT-00229 ALT-00325 ALT-00404,GRP-0178 GRP-0201 GRP-0281 GRP-0341
120,taylor.fox@example.com,10.07,ALT-00350 ALT-00631 ALT-00821 ALT-00876,GRP-0301 GRP-0549 GRP-0721 GRP-0766
121,casey.patel@example.com,10.0,ALT-00757 ALT-00838 ALT-01023 ALT-01024,GRP-0665 GRP-0736 GRP-0899
122,reese.brooks@example.com,10.0,ALT-00050 ALT-00266 ALT-00285 ALT-00378,GRP-0045 GRP-0228 GRP-0245 GRP-0322
123,reese.silva@example.com,10.0,ALT-00566 ALT-00581 ALT-00902 ALT-00955,GRP-0488 GRP-0501 GRP-0791 GRP-0837
124,emery.moore@example.com,8.18,ALT-00319 ALT-00879 ALT-00897,GRP-0275 GRP-0769 GRP-0786
125,logan.hayes@example.com,7.99,ALT-00156 ALT-00609 ALT-00611,GRP-0133 GRP-0528 GRP-0529
126,finley.novak@example.com,7.88,ALT-00022 ALT-00194 ALT-00217 ALT-00439,GRP-0017 GRP-0167 GRP-0189 GRP-0372
127,casey.lopez@example.com,7.84,ALT-00210 ALT-00648 ALT-00692,GRP-0183 GRP-0564 GRP-0606
128,avery.silva@example.com,7.82,ALT-00021 ALT-00301 ALT-00366,GRP-0016 GRP-0261 GRP-0314
129,noel.adler@example.com,7.81,ALT-00134 ALT-00385 ALT-00592,GRP-0112 GRP-0328 GRP-0512
130,avery.khan@example.com,7.8,ALT-00116 ALT-00206 ALT-00520,GRP-0096 GRP-0179 GRP-0447
131,casey.ito@example.com,7.78,ALT-00585 ALT-00678 ALT-00841,GRP-0505 GRP-0593 GRP-0739
132,finley.adler@example.com,7.76,ALT-00761 ALT-00884 ALT-00919,GRP-0668 GRP-0773 GRP-0806
133,parker.silva@example.com,7.75,ALT-00351 ALT-00382 ALT-00471,GRP-0302 GRP-0326 GRP-0401
134,parker.patel@example.com,7.73,ALT-00219 ALT-00472 ALT-00705,GRP-0191 GRP-0402 GRP-0617
135,blake.lopez@example.com,7.71,ALT-00346 ALT-00616 ALT-00777,GRP-0298 GRP-0534 GRP-0683
136,noel.hayes@example.com,7.7,ALT-00080 ALT-00446 ALT-00461 ALT-00593,GRP-0069 GRP-0379 GRP-0394 GRP-0513
137,devon.ito@example.com,7.69,ALT-00820 ALT-00980 ALT-00990,GRP-0720 GRP-0860 GRP-0870
138,kai.patel@example.com,7.67,ALT-00167 ALT-00254 ALT-00696,GRP-0144 GRP-0221 GRP-0610
139,harper.fox@example.com,7.64,ALT-00016 ALT-00028 ALT-00036 ALT-00078 ALT-00498,GRP-0014 GRP-0023 GRP-0031 GRP-0067 GRP-0426
140,noel.tran@example.com,7.64,ALT-00826 ALT-00834 ALT-00976,GRP-0726 GRP-0732 GRP-0856
141,casey.silva@example.com,7.6,ALT-00239 ALT-00432 ALT-00510 ALT-00745,GRP-0211 GRP-0365 GRP-0438 GRP-0655
142,logan.grant@example.com,7.6,ALT-00480 ALT-00784 ALT-00785 ALT-00860,GRP-0409 GRP-0690 GRP-0691 GRP-0755
143,blake.silva@example.com,7.57,ALT-00323 ALT-00494 ALT-00887,GRP-0279 GRP-0422 GRP-0776
144,logan.fox@example.com,7.57,ALT-00233 ALT-00348 ALT-00359,GRP-0205 GRP-0299 GRP-0309
145,quinn.ito@example.com,7.57,ALT-00148 ALT-00154 ALT-00328,GRP-0125 GRP-0131 GRP-0283
146,riley.evans@example.com,7.57,ALT-00298 ALT-00455 ALT-00459,GRP-0258 GRP-0388 GRP-0392
147,kai.moore@example.com,7.56,ALT-00514 ALT-00658 ALT-00985,GRP-0441 GRP-0574 GRP-0865
148,blake.evans@example.com,7.5,ALT-00641 ALT-00710 ALT-00922,GRP-0557 GRP-0621 GRP-0809
149,casey.moore@example.com,7.5,ALT-00216 ALT-00343 ALT-00629,GRP-0188 GRP-0295 GRP-0547
150,casey.reyes@example.com,7.5,ALT-00294 ALT-00391 ALT-00496 ALT-00542 ALT-00749,GRP-0254 GRP-0333 GRP-0424 GRP-0466 GRP-0659
151,emery.brooks@example.com,7.5,ALT-00443 ALT-00622 ALT-00686,GRP-0376 GRP-0540 GRP-0600
152,emery.khan@example.com,7.5,ALT-00225 ALT-00441 ALT-00526,GRP-0197 GRP-0374 GRP-0451
153,harper.reyes@example.com,7.5,ALT-00541 ALT-00799 ALT-00881,GRP-0465 GRP-0704 GRP-0771
154,jordan.diaz@example.com,7.5,ALT-00854 ALT-00956 ALT-01032,GRP-0751 GRP-0838 GRP-0907
155,kai.jones@example.com,7.5,ALT-00522 ALT-00568 ALT-00848 ALT-00909,GRP-0449 GRP-0490 GRP-0745 GRP-0798
156,logan.khan@example.com,7.5,ALT-00192 ALT-00434 ALT-00706,GRP-0165 GRP-0367 GRP-0618
157,zion.ito@example.com,5.76,ALT-00258 ALT-00489,GRP-0225 GRP-0417
158,riley.walsh@example.com,5.54,ALT-00169 ALT-00504,GRP-0146 GRP-0432
159,noel.ito@example.com,5.35,ALT-00682 ALT-00783,GRP-0597 GRP-0689
160,finley.silva@example.com,5.29,ALT-00454 ALT-00991,GRP-0387 GRP-0871
161,finley.ito@example.com,5.27,ALT-00170 ALT-00255,GRP-0147 GRP-0222
162,jordan.walsh@example.com,5.27,ALT-00662 ALT-00724,GRP-0578 GRP-0634
163,avery.novak@example.com,5.25,ALT-00462 ALT-00756,GRP-0395 GRP-0664
164,taylor.chen@example.com,5.25,ALT-00289 ALT-00333,GRP-0249 GRP-0288
165,kai.silva@example.com,5.24,ALT-00764 ALT-00837,GRP-0671 GRP-0735
166,avery.reyes@example.com,5.23,ALT-00424 ALT-00852,GRP-0358 GRP-0749
167,blake.ortiz@example.com,5.21,ALT-00059 ALT-00087 ALT-00264,GRP-0051 GRP-0075 GRP-0227
168,casey.novak@example.com,5.21,ALT-00055 ALT-00253,GRP-0049 GRP-0220
169,emery.tran@example.com,5.19,ALT-00002 ALT-00295,GRP-0002 GRP-0255
170,wren.grant@example.com,5.19,ALT-00423 ALT-00634,GRP-0357 GRP-0552
171,noel.reyes@example.com,5.18,ALT-00118 ALT-00125,GRP-0098 GRP-0105
172,sage.brooks@example.com,5.1,ALT-00331 ALT-00835 ALT-00839,GRP-0286 GRP-0733 GRP-0737
173,emery.hayes@example.com,5.08,ALT-00464 ALT-00739,GRP-0396 GRP-0649
174,casey.grant@example.com,5.0,ALT-00405 ALT-00810,GRP-0342 GRP-0714
175,finley.moore@example.com,5.0,ALT-00803 ALT-00911,GRP-0708 GRP-0800
176,finley.ortiz@example.com,5.0,ALT-00093 ALT-00406,GRP-0079 GRP-0343
177,jordan.ito@example.com,5.0,ALT-00213 ALT-00503,GRP-0185 GRP-0431
178,jordan.patel@example.com,5.0,ALT-00729 ALT-00937,GRP-0639 GRP-0824
179,kai.diaz@example.com,5.0,ALT-00187 ALT-00540 ALT-00574,GRP-0160 GRP-0464 GRP-0496
180,kai.walsh@example.com,5.0,ALT-00731 ALT-00932,GRP-0641 GRP-0819
181,parker.diaz@example.com,5.0,ALT-00242 ALT-00452,GRP-0212 GRP-0385
182,quinn.jones@example.com,5.0,ALT-00864 ALT-00892,GRP-0758 GRP-0781
183,riley.fox@example.com,5.0,ALT-00607 ALT-00853,GRP-0526 GRP-0750
184,sage.lopez@example.com,5.0,ALT-00479 ALT-00898,GRP-0408 GRP-0787
185,taylor.ito@example.com,5.0,ALT-00336 ALT-00652,GRP-0290 GRP-0568
186,wren.brooks@example.com,5.0,ALT-00307 ALT-00509,GRP-0267 GRP-0437
187,emery.fox@example.com,2.86,ALT-00476,GRP-0406
188,wren.novak@example.com,2.8,ALT-00589 ALT-00722,GRP-0509 GRP-0632
189,wren.fox@example.com,2.62,ALT-00676,GRP-0591
190,quinn.reyes@example.com,2.57,ALT-00248,GRP-0217
191,blake.novak@example.com,2.56,ALT-00024,GRP-0019
192,devon.reyes@example.com,2.5,ALT-00013,GRP-0011
193,devon.tran@example.com,2.5,ALT-00115,GRP-0095
194,emery.walsh@example.com,2.5,ALT-00903,GRP-0792
195,finley.grant@example.com,2.5,ALT-00196,GRP-0169
196,finley.khan@example.com,2.5,ALT-00615,GRP-0533
197,noel.patel@example.com,2.5,ALT-00092,GRP-0078
