group_id,alerts,action,severity,users,max_p_true_positive
GRP-0001,1,investigate,informational,morgan.grant@example.com,0.15
GRP-0002,1,close,informational,emery.tran@example.com,0.02
GRP-0003,1,investigate,informational,zion.fox@example.com,0.0
GRP-0004,3,investigate,informational,,0.19
GRP-0005,1,close,informational,kai.moore@example.com,0.02
GRP-0006,1,investigate,informational,casey.diaz@example.com,0.01
GRP-0007,1,close,informational,wren.grant@example.com,0.0
GRP-0008,1,close,informational,blake.moore@example.com,0.0
GRP-0009,1,investigate,informational,zion.fox@example.com,0.15
GRP-0010,1,close,informational,blake.evans@example.com,0.0
GRP-0011,1,close,informational,devon.reyes@example.com,0.0
GRP-0012,1,investigate,informational,harper.ito@example.com,0.0
GRP-0013,4,investigate,informational,kai.hayes@example.com,0.0
GRP-0014,1,close,informational,harper.fox@example.com,0.0
GRP-0015,2,escalate,medium,reese.ito@example.com,0.82
GRP-0016,1,close,informational,avery.silva@example.com,0.0
GRP-0017,1,investigate,informational,finley.novak@example.com,0.0
GRP-0018,1,investigate,informational,devon.fox@example.com,0.0
GRP-0019,1,close,informational,blake.novak@example.com,0.01
GRP-0020,1,investigate,informational,emery.lopez@example.com,0.0
GRP-0021,1,investigate,informational,kai.khan@example.com,0.0
GRP-0022,1,investigate,informational,devon.fox@example.com,0.01
GRP-0023,1,close,informational,harper.fox@example.com,0.01
GRP-0024,1,close,informational,devon.brooks@example.com,0.0
GRP-0025,1,close,informational,reese.lopez@example.com,0.0
GRP-0026,3,escalate,medium,finley.lopez@example.com,0.85
GRP-0027,1,close,informational,noel.ito@example.com,0.0
GRP-0028,1,investigate,informational,zion.novak@example.com,0.0
GRP-0029,1,close,informational,kai.jones@example.com,0.0
GRP-0030,5,escalate,high,finley.reyes@example.com,0.97
GRP-0031,1,close,informational,harper.fox@example.com,0.01
GRP-0032,1,close,informational,reese.patel@example.com,0.0
GRP-0033,1,investigate,informational,taylor.grant@example.com,0.15
GRP-0034,1,investigate,informational,devon.silva@example.com,0.0
GRP-0035,1,close,informational,taylor.ortiz@example.com,0.0
GRP-0036,1,close,informational,logan.evans@example.com,0.0
GRP-0037,1,close,informational,reese.lopez@example.com,0.0
GRP-0038,1,escalate,medium,avery.moore@example.com,0.82
GRP-0039,1,close,informational,noel.walsh@example.com,0.01
GRP-0040,1,investigate,informational,blake.moore@example.com,0.0
GRP-0041,1,investigate,informational,emery.chen@example.com,0.12
GRP-0042,1,close,informational,emery.moore@example.com,0.0
GRP-0043,1,close,informational,blake.khan@example.com,0.0
GRP-0044,4,escalate,critical,morgan.reyes@example.com,0.91
GRP-0045,1,close,informational,reese.brooks@example.com,0.0
GRP-0046,1,escalate,medium,devon.silva@example.com,0.82
GRP-0047,1,escalate,medium,avery.diaz@example.com,0.86
GRP-0048,5,escalate,medium,sage.jones@example.com,0.82
GRP-0049,1,investigate,informational,casey.novak@example.com,0.11
GRP-0050,1,close,informational,quinn.moore@example.com,0.0
GRP-0051,1,investigate,informational,blake.ortiz@example.com,0.11
GRP-0052,1,investigate,informational,riley.adler@example.com,0.0
GRP-0053,1,investigate,informational,finley.evans@example.com,0.0
GRP-0054,1,investigate,informational,harper.ito@example.com,0.0
GRP-0055,1,investigate,informational,taylor.moore@example.com,0.0
GRP-0056,3,escalate,medium,devon.lopez@example.com,0.93
GRP-0057,1,investigate,informational,reese.tran@example.com,0.02
GRP-0058,1,investigate,informational,kai.novak@example.com,0.11
GRP-0059,1,close,informational,zion.evans@example.com,0.0
GRP-0060,1,escalate,medium,harper.khan@example.com,0.8
GRP-0061,1,escalate,medium,harper.ito@example.com,0.81
GRP-0062,2,escalate,medium,casey.fox@example.com,0.83
GRP-0063,1,escalate,medium,jordan.chen@example.com,0.81
GRP-0064,1,close,informational,wren.ortiz@example.com,0.0
GRP-0065,1,close,informational,jordan.diaz@example.com,0.01
GRP-0066,1,close,informational,finley.chen@example.com,0.0
GRP-0067,1,close,informational,harper.fox@example.com,0.01
GRP-0068,1,close,informational,reese.lopez@example.com,0.0
GRP-0069,1,close,informational,noel.hayes@example.com,0.0
GRP-0070,1,close,informational,devon.chen@example.com,0.0
GRP-0071,1,close,informational,finley.chen@example.com,0.01
GRP-0072,4,escalate,high,sage.walsh@example.com,0.97
GRP-0073,2,close,informational,parker.ito@example.com,0.01
GRP-0074,1,investigate,informational,avery.moore@example.com,0.0
GRP-0075,1,investigate,informational,blake.ortiz@example.com,0.0
GRP-0076,1,close,informational,kai.reyes@example.com,0.02
GRP-0077,1,close,informational,devon.brooks@example.com,0.0
GRP-0078,1,close,informational,noel.patel@example.com,0.0
GRP-0079,1,close,informational,finley.ortiz@example.com,0.0
GRP-0080,1,investigate,informational,devon.fox@example.com,0.0
GRP-0081,1,escalate,high,kai.hayes@example.com,0.84
GRP-0082,1,close,informational,noel.silva@example.com,0.0
GRP-0083,1,investigate,informational,morgan.reyes@example.com,0.17
GRP-0084,1,close,informational,parker.grant@example.com,0.0
GRP-0085,1,investigate,informational,casey.diaz@example.com,0.0
GRP-0086,1,close,informational,devon.chen@example.com,0.0
GRP-0087,1,investigate,informational,harper.ortiz@example.com,0.0
GRP-0088,2,investigate,informational,reese.ortiz@example.com,0.09
GRP-0089,1,close,informational,sage.novak@example.com,0.0
GRP-0090,1,escalate,medium,logan.jones@example.com,0.84
GRP-0091,1,investigate,informational,harper.khan@example.com,0.0
GRP-0092,1,investigate,informational,finley.reyes@example.com,0.0
GRP-0093,1,escalate,medium,kai.adler@example.com,0.8
GRP-0094,1,close,informational,reese.adler@example.com,0.0
GRP-0095,1,close,informational,devon.tran@example.com,0.0
GRP-0096,1,close,informational,avery.khan@example.com,0.0
GRP-0097,1,close,informational,logan.evans@example.com,0.01
GRP-0098,1,investigate,informational,noel.reyes@example.com,0.0
GRP-0099,1,close,informational,harper.moore@example.com,0.0
GRP-0100,1,investigate,informational,emery.lopez@example.com,0.0
GRP-0101,1,investigate,informational,blake.walsh@example.com,0.0
GRP-0102,1,investigate,informational,morgan.reyes@example.com,0.0
GRP-0103,1,investigate,informational,quinn.lopez@example.com,0.0
GRP-0104,1,investigate,informational,riley.hayes@example.com,0.0
GRP-0105,1,investigate,informational,noel.reyes@example.com,0.15
GRP-0106,1,close,informational,sage.grant@example.com,0.0
GRP-0107,4,escalate,high,casey.diaz@example.com,0.97
GRP-0108,1,investigate,informational,kai.walsh@example.com,0.0
GRP-0109,1,investigate,informational,zion.fox@example.com,0.0
GRP-0110,1,close,informational,devon.adler@example.com,0.02
GRP-0111,1,investigate,informational,morgan.reyes@example.com,0.0
GRP-0112,1,close,informational,noel.adler@example.com,0.01
GRP-0113,1,escalate,high,quinn.khan@example.com,0.83
GRP-0114,1,investigate,informational,quinn.khan@example.com,0.0
GRP-0115,1,close,informational,finley.jones@example.com,0.0
GRP-0116,1,escalate,high,harper.chen@example.com,0.84
GRP-0117,1,investigate,informational,blake.walsh@example.com,0.0
GRP-0118,1,close,informational,morgan.hayes@example.com,0.0
GRP-0119,1,investigate,informational,sage.jones@example.com,0.0
GRP-0120,1,investigate,informational,noel.walsh@example.com,0.11
GRP-0121,1,close,informational,finley.chen@example.com,0.0
GRP-0122,1,investigate,informational,devon.lopez@example.com,0.0
GRP-0123,1,investigate,informational,blake.moore@example.com,0.1
GRP-0124,1,close,informational,quinn.fox@example.com,0.0
GRP-0125,1,investigate,informational,quinn.ito@example.com,0.01
GRP-0126,1,investigate,informational,zion.novak@example.com,0.01
GRP-0127,1,close,informational,devon.brooks@example.com,0.0
GRP-0128,1,investigate,informational,noel.reyes@example.com,0.0
GRP-0129,1,close,informational,zion.patel@example.com,0.0
GRP-0130,1,investigate,informational,avery.grant@example.com,0.0
GRP-0131,1,investigate,informational,quinn.ito@example.com,0.0
GRP-0132,1,close,informational,reese.patel@example.com,0.01
GRP-0133,1,close,informational,logan.hayes@example.com,0.0
GRP-0134,1,investigate,informational,,0.0
GRP-0135,1,close,informational,taylor.jones@example.com,0.01
GRP-0136,1,investigate,informational,,0.0
GRP-0137,1,investigate,informational,,0.0
GRP-0138,1,investigate,informational,sage.patel@example.com,0.0
GRP-0139,1,close,informational,morgan.ortiz@example.com,0.0
GRP-0140,2,escalate,medium,wren.ito@example.com,0.83
GRP-0141,1,investigate,informational,parker.grant@example.com,0.11
GRP-0142,1,escalate,medium,zion.adler@example.com,0.83
GRP-0143,1,close,informational,parker.grant@example.com,0.0
GRP-0144,1,close,informational,kai.patel@example.com,0.0
GRP-0145,1,investigate,informational,kai.hayes@example.com,0.0
GRP-0146,1,close,informational,riley.walsh@example.com,0.0
GRP-0147,1,investigate,informational,finley.ito@example.com,0.16
GRP-0148,1,close,informational,quinn.moore@example.com,0.0
GRP-0149,1,investigate,informational,morgan.walsh@example.com,0.14
GRP-0150,8,escalate,medium,sage.ortiz@example.com,0.62
GRP-0151,4,investigate,informational,wren.lopez@example.com,0.0
GRP-0152,1,escalate,high,emery.lopez@example.com,0.82
GRP-0153,1,escalate,medium,morgan.grant@example.com,0.83
GRP-0154,1,close,informational,quinn.jones@example.com,0.0
GRP-0155,1,escalate,medium,casey.diaz@example.com,0.83
GRP-0156,1,close,informational,devon.chen@example.com,0.0
GRP-0157,1,investigate,informational,devon.adler@example.com,0.02
GRP-0158,1,escalate,medium,noel.ortiz@example.com,0.81
GRP-0159,1,investigate,informational,jordan.chen@example.com,0.0
GRP-0160,1,close,informational,kai.diaz@example.com,0.0
GRP-0161,1,investigate,informational,harper.walsh@example.com,0.0
GRP-0162,1,escalate,medium,logan.ito@example.com,0.83
GRP-0163,1,close,informational,kai.ito@example.com,0.0
GRP-0164,1,escalate,medium,morgan.khan@example.com,0.84
GRP-0165,1,investigate,informational,logan.khan@example.com,0.0
GRP-0166,1,investigate,informational,casey.diaz@example.com,0.02
GRP-0167,1,investigate,informational,finley.novak@example.com,0.0
GRP-0168,1,investigate,informational,taylor.moore@example.com,0.17
GRP-0169,1,close,informational,finley.grant@example.com,0.0
GRP-0170,1,investigate,informational,taylor.grant@example.com,0.0
GRP-0171,1,investigate,informational,blake.moore@example.com,0.0
GRP-0172,1,close,informational,morgan.silva@example.com,0.0
GRP-0173,1,close,informational,taylor.fox@example.com,0.01
GRP-0174,1,escalate,medium,riley.hayes@example.com,0.81
GRP-0175,1,close,informational,morgan.hayes@example.com,0.0
GRP-0176,1,close,informational,jordan.diaz@example.com,0.0
GRP-0177,1,close,informational,riley.ito@example.com,0.0
GRP-0178,1,close,informational,quinn.silva@example.com,0.01
GRP-0179,1,close,informational,avery.khan@example.com,0.01
GRP-0180,1,close,informational,sage.novak@example.com,0.0
GRP-0181,1,investigate,informational,harper.ortiz@example.com,0.01
GRP-0182,1,escalate,medium,zion.grant@example.com,0.81
GRP-0183,1,investigate,informational,casey.lopez@example.com,0.18
GRP-0184,1,investigate,informational,logan.ito@example.com,0.0
GRP-0185,1,close,informational,jordan.ito@example.com,0.0
GRP-0186,1,investigate,informational,avery.lopez@example.com,0.0
GRP-0187,1,close,informational,sage.ito@example.com,0.0
GRP-0188,1,close,informational,casey.moore@example.com,0.0
GRP-0189,1,investigate,informational,finley.novak@example.com,0.16
GRP-0190,1,close,informational,quinn.brooks@example.com,0.01
GRP-0191,1,close,informational,parker.patel@example.com,0.0
GRP-0192,1,close,informational,wren.jones@example.com,0.0
GRP-0193,1,investigate,informational,finley.lopez@example.com,0.0
GRP-0194,1,close,informational,finley.moore@example.com,0.0
GRP-0195,1,close,informational,devon.ito@example.com,0.0
GRP-0196,1,investigate,informational,harper.khan@example.com,0.14
GRP-0197,1,investigate,informational,emery.khan@example.com,0.0
GRP-0198,1,investigate,informational,zion.adler@example.com,0.0
GRP-0199,8,escalate,critical,blake.walsh@example.com,0.72
GRP-0200,1,investigate,informational,avery.grant@example.com,0.0
GRP-0201,1,close,informational,quinn.silva@example.com,0.0
GRP-0202,1,investigate,informational,emery.chen@example.com,0.0
GRP-0203,1,investigate,informational,emery.ortiz@example.com,0.0
GRP-0204,1,escalate,high,emery.chen@example.com,0.82
GRP-0205,1,close,informational,logan.fox@example.com,0.0
GRP-0206,1,escalate,medium,emery.ortiz@example.com,0.82
GRP-0207,1,investigate,informational,zion.novak@example.com,0.0
GRP-0208,1,investigate,informational,morgan.reyes@example.com,0.0
GRP-0209,2,investigate,informational,wren.lopez@example.com,0.16
GRP-0210,1,investigate,informational,jordan.hayes@example.com,0.18
GRP-0211,1,close,informational,casey.silva@example.com,0.0
GRP-0212,1,investigate,informational,parker.diaz@example.com,0.0
GRP-0213,1,investigate,informational,finley.evans@example.com,0.0
GRP-0214,2,escalate,medium,reese.tran@example.com,0.8
GRP-0215,1,investigate,informational,reese.lopez@example.com,0.0
GRP-0216,1,close,informational,parker.fox@example.com,0.0
GRP-0217,1,close,informational,quinn.reyes@example.com,0.01
GRP-0218,4,escalate,high,reese.ortiz@example.com,0.97
GRP-0219,1,escalate,medium,harper.walsh@example.com,0.81
GRP-0220,1,close,informational,casey.novak@example.com,0.01
GRP-0221,1,investigate,informational,kai.patel@example.com,0.11
GRP-0222,1,investigate,informational,finley.ito@example.com,0.0
GRP-0223,1,close,informational,jordan.patel@example.com,0.0
GRP-0224,1,close,informational,jordan.diaz@example.com,0.01
GRP-0225,1,investigate,informational,zion.ito@example.com,0.18
GRP-0226,1,escalate,medium,blake.moore@example.com,0.84
GRP-0227,1,investigate,informational,blake.ortiz@example.com,0.12
GRP-0228,1,close,informational,reese.brooks@example.com,0.0
GRP-0229,1,escalate,medium,kai.brooks@example.com,0.83
GRP-0230,1,investigate,informational,jordan.chen@example.com,0.0
GRP-0231,1,investigate,informational,reese.tran@example.com,0.1
GRP-0232,1,investigate,informational,taylor.grant@example.com,0.0
GRP-0233,2,escalate,medium,quinn.lopez@example.com,0.82
GRP-0234,1,close,informational,noel.grant@example.com,0.0
GRP-0235,1,investigate,informational,taylor.grant@example.com,0.0
GRP-0236,1,close,informational,sage.grant@example.com,0.0
GRP-0237,1,investigate,informational,parker.chen@example.com,0.0
GRP-0238,1,investigate,informational,sage.ortiz@example.com,0.0
GRP-0239,1,investigate,informational,morgan.hayes@example.com,0.14
GRP-0240,1,investigate,informational,reese.fox@example.com,0.0
GRP-0241,1,escalate,medium,parker.chen@example.com,0.77
GRP-0242,1,close,informational,parker.brooks@example.com,0.01
GRP-0243,1,close,informational,harper.moore@example.com,0.0
GRP-0244,1,investigate,informational,finley.reyes@example.com,0.02
GRP-0245,1,close,informational,reese.brooks@example.com,0.0
GRP-0246,1,investigate,informational,wren.ito@example.com,0.0
GRP-0247,1,investigate,informational,sage.adler@example.com,0.01
GRP-0248,1,escalate,medium,blake.reyes@example.com,0.81
GRP-0249,1,investigate,informational,taylor.chen@example.com,0.13
GRP-0250,1,close,informational,kai.ito@example.com,0.0
GRP-0251,1,investigate,informational,noel.evans@example.com,0.0
GRP-0252,1,close,informational,logan.evans@example.com,0.02
GRP-0253,1,investigate,informational,reese.ito@example.com,0.17
GRP-0254,1,close,informational,casey.reyes@example.com,0.0
GRP-0255,1,close,informational,emery.tran@example.com,0.0
GRP-0256,1,close,informational,noel.walsh@example.com,0.0
GRP-0257,1,close,informational,devon.fox@example.com,0.0
GRP-0258,1,close,informational,riley.evans@example.com,0.01
GRP-0259,1,close,informational,finley.adler@example.com,0.1
GRP-0260,1,close,informational,blake.silva@example.com,0.01
GRP-0261,1,investigate,informational,avery.silva@example.com,0.01
GRP-0262,8,escalate,medium,avery.jones@example.com,0.65
GRP-0263,1,investigate,informational,harper.ortiz@example.com,0.15
GRP-0264,1,close,informational,emery.novak@example.com,0.0
GRP-0265,1,close,informational,morgan.walsh@example.com,0.0
GRP-0266,1,investigate,informational,noel.ortiz@example.com,0.01
GRP-0267,1,close,informational,wren.brooks@example.com,0.0
GRP-0268,1,investigate,informational,kai.hayes@example.com,0.0
GRP-0269,1,investigate,informational,morgan.ortiz@example.com,0.13
GRP-0270,1,investigate,informational,avery.lopez@example.com,0.0
GRP-0271,1,investigate,informational,harper.ortiz@example.com,0.0
GRP-0272,4,close,informational,,0.0
GRP-0273,1,close,informational,wren.ortiz@example.com,0.0
GRP-0274,1,investigate,informational,reese.silva@example.com,0.0
GRP-0275,1,investigate,informational,emery.moore@example.com,0.16
GRP-0276,1,investigate,informational,jordan.hayes@example.com,0.0
GRP-0277,1,close,informational,avery.diaz@example.com,0.01
GRP-0278,1,investigate,informational,wren.lopez@example.com,0.0
GRP-0279,1,close,informational,blake.silva@example.com,0.01
GRP-0280,1,close,informational,noel.grant@example.com,0.0
GRP-0281,1,close,informational,quinn.silva@example.com,0.0
GRP-0282,1,investigate,informational,casey.fox@example.com,0.0
GRP-0283,1,investigate,informational,quinn.ito@example.com,0.0
GRP-0284,1,investigate,informational,jordan.hayes@example.com,0.0
GRP-0285,1,investigate,informational,casey.diaz@example.com,0.0
GRP-0286,1,close,informational,sage.brooks@example.com,0.01
GRP-0287,1,close,informational,blake.evans@example.com,0.0
GRP-0288,1,close,informational,taylor.chen@example.com,0.0
GRP-0289,2,investigate,informational,devon.adler@example.com,0.0
GRP-0290,1,close,informational,taylor.ito@example.com,0.0
GRP-0291,2,close,informational,zion.fox@example.com,0.01
GRP-0292,1,close,informational,noel.walsh@example.com,0.0
GRP-0293,1,close,informational,harper.moore@example.com,0.0
GRP-0294,1,escalate,medium,reese.fox@example.com,0.82
GRP-0295,1,close,informational,casey.moore@example.com,0.0
GRP-0296,4,escalate,critical,kai.novak@example.com,0.91
GRP-0297,1,investigate,informational,casey.patel@example.com,0.0
GRP-0298,1,close,informational,blake.lopez@example.com,0.0
GRP-0299,1,close,informational,logan.fox@example.com,0.0
GRP-0300,1,escalate,medium,casey.brooks@example.com,0.84
GRP-0301,1,close,informational,taylor.fox@example.com,0.0
GRP-0302,1,investigate,informational,parker.silva@example.com,0.0
GRP-0303,1,close,informational,parker.brooks@example.com,0.0
GRP-0304,1,close,informational,sage.novak@example.com,0.0
GRP-0305,1,escalate,high,finley.reyes@example.com,0.79
GRP-0306,1,investigate,informational,avery.lopez@example.com,0.14
GRP-0307,1,investigate,informational,parker.chen@example.com,0.14
GRP-0308,1,close,informational,devon.ito@example.com,0.0
GRP-0309,1,close,informational,logan.fox@example.com,0.01
GRP-0310,1,close,informational,sage.walsh@example.com,0.01
GRP-0311,1,escalate,high,wren.lopez@example.com,0.82
GRP-0312,1,investigate,informational,zion.grant@example.com,0.0
GRP-0313,1,investigate,informational,taylor.moore@example.com,0.01
GRP-0314,1,investigate,informational,avery.silva@example.com,0.17
GRP-0315,2,investigate,informational,kai.lopez@example.com,0.0
GRP-0316,1,investigate,informational,noel.ortiz@example.com,0.0
GRP-0317,1,investigate,informational,kai.reyes@example.com,0.0
GRP-0318,4,escalate,high,blake.chen@example.com,0.97
GRP-0319,1,investigate,informational,logan.moore@example.com,0.0
GRP-0320,1,investigate,informational,sage.adler@example.com,0.0
GRP-0321,1,close,informational,zion.patel@example.com,0.0
GRP-0322,1,close,informational,reese.brooks@example.com,0.0
GRP-0323,1,escalate,medium,reese.ortiz@example.com,0.82
GRP-0324,1,investigate,informational,avery.jones@example.com,0.0
GRP-0325,1,investigate,informational,harper.khan@example.com,0.01
GRP-0326,1,investigate,informational,parker.silva@example.com,0.0
GRP-0327,1,investigate,informational,devon.lopez@example.com,0.0
GRP-0328,1,close,informational,noel.adler@example.com,0.0
GRP-0329,1,close,informational,taylor.diaz@example.com,0.0
GRP-0330,2,investigate,informational,zion.adler@example.com,0.0
GRP-0331,1,close,informational,morgan.silva@example.com,0.0
GRP-0332,1,investigate,informational,reese.fox@example.com,0.01
GRP-0333,1,close,informational,casey.reyes@example.com,0.0
GRP-0334,1,investigate,informational,harper.ortiz@example.com,0.15
GRP-0335,1,investigate,informational,logan.moore@example.com,0.01
GRP-0336,1,escalate,medium,harper.khan@example.com,0.79
GRP-0337,1,investigate,informational,sage.jones@example.com,0.0
GRP-0338,1,escalate,high,devon.adler@example.com,0.83
GRP-0339,4,investigate,informational,kai.grant@example.com,0.0
GRP-0340,1,investigate,informational,blake.walsh@example.com,0.0
GRP-0341,1,close,informational,quinn.silva@example.com,0.0
GRP-0342,1,close,informational,casey.grant@example.com,0.0
GRP-0343,1,close,informational,finley.ortiz@example.com,0.0
GRP-0344,1,investigate,informational,kai.reyes@example.com,0.0
GRP-0345,1,investigate,informational,riley.hayes@example.com,0.0
GRP-0346,1,close,informational,parker.fox@example.com,0.0
GRP-0347,1,close,informational,sage.khan@example.com,0.0
GRP-0348,1,escalate,medium,quinn.novak@example.com,0.83
GRP-0349,3,investigate,informational,,0.22
GRP-0350,1,close,informational,devon.tran@example.com,0.0
GRP-0351,1,investigate,informational,sage.novak@example.com,0.14
GRP-0352,1,close,informational,finley.chen@example.com,0.0
GRP-0353,1,close,informational,logan.evans@example.com,0.01
GRP-0354,1,investigate,informational,finley.lopez@example.com,0.0
GRP-0355,1,investigate,informational,wren.ito@example.com,0.02
GRP-0356,2,investigate,informational,morgan.chen@example.com,0.07
GRP-0357,1,close,informational,wren.grant@example.com,0.0
GRP-0358,1,investigate,informational,avery.reyes@example.com,0.12
GRP-0359,1,escalate,medium,harper.ito@example.com,0.83
GRP-0360,1,close,informational,avery.hayes@example.com,0.0
GRP-0361,1,investigate,informational,riley.hayes@example.com,0.0
GRP-0362,1,close,informational,sage.khan@example.com,0.0
GRP-0363,1,investigate,informational,avery.evans@example.com,0.0
GRP-0364,1,close,informational,emery.novak@example.com,0.0
GRP-0365,1,close,informational,casey.silva@example.com,0.01
GRP-0366,1,investigate,informational,reese.tran@example.com,0.0
GRP-0367,1,investigate,informational,logan.khan@example.com,0.0
GRP-0368,1,close,informational,morgan.grant@example.com,0.0
GRP-0369,1,close,informational,avery.hayes@example.com,0.0
GRP-0370,1,close,informational,parker.fox@example.com,0.0
GRP-0371,1,close,informational,jordan.chen@example.com,0.0
GRP-0372,1,investigate,informational,finley.novak@example.com,0.15
GRP-0373,1,close,informational,avery.hayes@example.com,0.0
GRP-0374,1,investigate,informational,emery.khan@example.com,0.0
GRP-0375,1,investigate,informational,morgan.hayes@example.com,0.0
GRP-0376,1,close,informational,emery.brooks@example.com,0.0
GRP-0377,1,escalate,medium,harper.lopez@example.com,0.84
GRP-0378,1,close,informational,kai.grant@example.com,0.02
GRP-0379,1,investigate,informational,noel.hayes@example.com,0.13
GRP-0380,1,investigate,informational,reese.ito@example.com,0.0
GRP-0381,1,escalate,medium,parker.ito@example.com,0.8
GRP-0382,1,investigate,informational,harper.lopez@example.com,0.0
GRP-0383,1,close,informational,emery.novak@example.com,0.0
GRP-0384,1,close,informational,quinn.brooks@example.com,0.0
GRP-0385,1,investigate,informational,parker.diaz@example.com,0.0
GRP-0386,1,investigate,informational,reese.adler@example.com,0.0
GRP-0387,1,close,informational,finley.silva@example.com,0.0
GRP-0388,1,close,informational,riley.evans@example.com,0.0
GRP-0389,1,investigate,informational,devon.chen@example.com,0.1
GRP-0390,1,investigate,informational,reese.lopez@example.com,0.0
GRP-0391,1,investigate,informational,devon.fox@example.com,0.0
GRP-0392,1,close,informational,riley.evans@example.com,0.0
GRP-0393,1,close,informational,wren.ortiz@example.com,0.0
GRP-0394,1,investigate,informational,noel.hayes@example.com,0.0
GRP-0395,1,close,informational,avery.novak@example.com,0.0
GRP-0396,1,close,informational,emery.hayes@example.com,0.0
GRP-0397,1,investigate,informational,noel.ortiz@example.com,0.0
GRP-0398,1,close,informational,wren.ortiz@example.com,0.0
GRP-0399,1,close,informational,emery.lopez@example.com,0.0
GRP-0400,1,investigate,informational,riley.ortiz@example.com,0.0
GRP-0401,1,investigate,informational,parker.silva@example.com,0.13
GRP-0402,1,investigate,informational,parker.patel@example.com,0.16
GRP-0403,1,close,informational,kai.adler@example.com,0.0
GRP-0404,1,investigate,informational,parker.chen@example.com,0.0
GRP-0405,2,escalate,high,noel.evans@example.com,0.83
GRP-0406,1,investigate,informational,emery.fox@example.com,0.18
GRP-0407,1,investigate,informational,casey.diaz@example.com,0.0
GRP-0408,1,investigate,informational,sage.lopez@example.com,0.0
GRP-0409,1,close,informational,logan.grant@example.com,0.0
GRP-0410,1,close,informational,taylor.diaz@example.com,0.0
GRP-0411,1,close,informational,sage.ito@example.com,0.0
GRP-0412,1,investigate,informational,kai.reyes@example.com,0.0
GRP-0413,2,escalate,medium,sage.adler@example.com,0.82
GRP-0414,1,investigate,informational,quinn.novak@example.com,0.01
GRP-0415,1,investigate,informational,noel.grant@example.com,0.02
GRP-0416,2,escalate,medium,quinn.moore@example.com,0.81
GRP-0417,1,investigate,informational,zion.ito@example.com,0.0
GRP-0418,1,investigate,informational,finley.lopez@example.com,0.0
GRP-0419,1,close,informational,sage.novak@example.com,0.0
GRP-0420,1,escalate,critical,noel.evans@example.com,0.87
GRP-0421,1,investigate,informational,finley.reyes@example.com,0.14
GRP-0422,1,close,informational,blake.silva@example.com,0.0
GRP-0423,1,investigate,informational,quinn.lopez@example.com,0.01
GRP-0424,1,close,informational,casey.reyes@example.com,0.0
GRP-0425,1,investigate,informational,parker.chen@example.com,0.0
GRP-0426,1,close,informational,harper.fox@example.com,0.0
GRP-0427,1,close,informational,emery.chen@example.com,0.0
GRP-0428,1,investigate,informational,avery.evans@example.com,0.15
GRP-0429,1,investigate,informational,logan.evans@example.com,0.12
GRP-0430,1,close,informational,jordan.adler@example.com,0.0
GRP-0431,1,close,informational,jordan.ito@example.com,0.0
GRP-0432,1,investigate,informational,riley.walsh@example.com,0.14
GRP-0433,1,investigate,informational,avery.evans@example.com,0.0
GRP-0434,1,close,informational,morgan.grant@example.com,0.0
GRP-0435,1,investigate,informational,devon.fox@example.com,0.0
GRP-0436,1,investigate,informational,riley.adler@example.com,0.0
GRP-0437,1,close,informational,wren.brooks@example.com,0.0
GRP-0438,1,close,informational,casey.silva@example.com,0.0
GRP-0439,1,close,informational,parker.grant@example.com,0.02
GRP-0440,1,close,informational,parker.brooks@example.com,0.0
GRP-0441,1,investigate,informational,kai.moore@example.com,0.0
GRP-0442,1,investigate,informational,harper.ito@example.com,0.0
GRP-0443,1,close,informational,quinn.fox@example.com,0.0
GRP-0444,1,escalate,medium,riley.adler@example.com,0.85
GRP-0445,1,investigate,informational,parker.chen@example.com,0.0
GRP-0446,1,close,informational,devon.brooks@example.com,0.01
GRP-0447,1,investigate,informational,avery.khan@example.com,0.17
GRP-0448,1,investigate,informational,reese.adler@example.com,0.0
GRP-0449,1,investigate,informational,kai.jones@example.com,0.0
GRP-0450,1,investigate,informational,casey.fox@example.com,0.12
GRP-0451,1,close,informational,emery.khan@example.com,0.0
GRP-0452,1,escalate,medium,taylor.brooks@example.com,0.84
GRP-0453,1,close,informational,parker.brooks@example.com,0.0
GRP-0454,1,investigate,informational,avery.evans@example.com,0.16
GRP-0455,1,close,informational,morgan.chen@example.com,0.0
GRP-0456,1,investigate,informational,taylor.ortiz@example.com,0.14
GRP-0457,1,investigate,informational,reese.ortiz@example.com,0.0
GRP-0458,1,close,informational,quinn.brooks@example.com,0.0
GRP-0459,1,investigate,informational,sage.grant@example.com,0.0
GRP-0460,1,investigate,informational,taylor.jones@example.com,0.13
GRP-0461,1,close,informational,avery.moore@example.com,0.0
GRP-0462,1,close,informational,jordan.adler@example.com,0.0
GRP-0463,1,investigate,informational,blake.moore@example.com,0.0
GRP-0464,1,investigate,informational,kai.diaz@example.com,0.0
GRP-0465,1,close,informational,harper.reyes@example.com,0.0
GRP-0466,1,close,informational,casey.reyes@example.com,0.0
GRP-0467,1,close,informational,morgan.chen@example.com,0.0
GRP-0468,1,investigate,informational,noel.brooks@example.com,0.0
GRP-0469,1,investigate,informational,riley.adler@example.com,0.0
GRP-0470,1,investigate,informational,reese.adler@example.com,0.01
GRP-0471,1,investigate,informational,jordan.hayes@example.com,0.0
GRP-0472,1,investigate,informational,devon.chen@example.com,0.0
GRP-0473,1,escalate,medium,sage.patel@example.com,0.84
GRP-0474,1,close,informational,taylor.moore@example.com,0.0
GRP-0475,1,close,informational,blake.reyes@example.com,0.0
GRP-0476,1,close,informational,zion.grant@example.com,0.0
GRP-0477,2,investigate,informational,logan.moore@example.com,0.0
GRP-0478,1,close,informational,parker.grant@example.com,0.0
GRP-0479,1,close,informational,taylor.moore@example.com,0.0
GRP-0480,1,close,informational,emery.novak@example.com,0.0
GRP-0481,1,investigate,informational,logan.moore@example.com,0.16
GRP-0482,1,close,informational,taylor.tran@example.com,0.0
GRP-0483,1,investigate,informational,sage.ito@example.com,0.0
GRP-0484,1,escalate,high,finley.jones@example.com,0.83
GRP-0485,2,escalate,medium,noel.ortiz@example.com,0.83
GRP-0486,1,investigate,informational,avery.khan@example.com,0.0
GRP-0487,1,investigate,informational,avery.jones@example.com,0.0
GRP-0488,1,close,informational,reese.silva@example.com,0.0
GRP-0489,1,escalate,medium,riley.ito@example.com,0.8
GRP-0490,1,investigate,informational,kai.jones@example.com,0.0
GRP-0491,1,investigate,informational,devon.chen@example.com,0.0
GRP-0492,1,close,informational,parker.brooks@example.com,0.0
GRP-0493,1,escalate,medium,kai.reyes@example.com,0.8
GRP-0494,1,investigate,informational,morgan.ortiz@example.com,0.0
GRP-0495,2,escalate,medium,riley.ortiz@example.com,0.83
GRP-0496,1,investigate,informational,kai.diaz@example.com,0.0
GRP-0497,1,investigate,informational,zion.walsh@example.com,0.14
GRP-0498,1,investigate,informational,taylor.grant@example.com,0.0
GRP-0499,1,investigate,informational,morgan.khan@example.com,0.13
GRP-0500,1,investigate,informational,parker.brooks@example.com,0.14
GRP-0501,1,close,informational,reese.silva@example.com,0.0
GRP-0502,1,close,informational,morgan.walsh@example.com,0.0
GRP-0503,1,investigate,informational,noel.grant@example.com,0.0
GRP-0504,1,investigate,informational,reese.ito@example.com,0.0
GRP-0505,1,investigate,informational,casey.ito@example.com,0.13
GRP-0506,1,investigate,informational,finley.reyes@example.com,0.12
GRP-0507,1,investigate,informational,avery.evans@example.com,0.0
GRP-0508,1,investigate,informational,jordan.chen@example.com,0.0
GRP-0509,1,close,informational,wren.novak@example.com,0.09
GRP-0510,1,investigate,informational,logan.diaz@example.com,0.15
GRP-0511,1,close,informational,devon.brooks@example.com,0.0
GRP-0512,1,investigate,informational,noel.adler@example.com,0.14
GRP-0513,1,investigate,informational,noel.hayes@example.com,0.0
GRP-0514,1,close,informational,morgan.khan@example.com,0.0
GRP-0515,1,close,informational,kai.ito@example.com,0.0
GRP-0516,2,escalate,medium,sage.grant@example.com,0.8
GRP-0517,1,close,informational,kai.grant@example.com,0.0
GRP-0518,1,investigate,informational,sage.novak@example.com,0.0
GRP-0519,1,investigate,informational,reese.patel@example.com,0.0
GRP-0520,1,close,informational,devon.brooks@example.com,0.0
GRP-0521,1,close,informational,kai.lopez@example.com,0.01
GRP-0522,1,close,informational,logan.jones@example.com,0.0
GRP-0523,1,investigate,informational,reese.lopez@example.com,0.0
GRP-0524,1,investigate,informational,jordan.chen@example.com,0.0
GRP-0525,1,investigate,informational,taylor.grant@example.com,0.0
GRP-0526,1,close,informational,riley.fox@example.com,0.0
GRP-0527,1,investigate,informational,reese.brooks@example.com,0.0
GRP-0528,1,investigate,informational,logan.hayes@example.com,0.12
GRP-0529,1,close,informational,logan.hayes@example.com,0.0
GRP-0530,1,escalate,medium,zion.evans@example.com,0.85
GRP-0531,1,investigate,informational,wren.lopez@example.com,0.0
GRP-0532,1,close,informational,devon.lopez@example.com,0.0
GRP-0533,1,close,informational,finley.khan@example.com,0.0
GRP-0534,1,close,informational,blake.lopez@example.com,0.0
GRP-0535,1,escalate,high,morgan.ortiz@example.com,0.82
GRP-0536,1,investigate,informational,jordan.chen@example.com,0.0
GRP-0537,1,escalate,medium,finley.evans@example.com,0.81
GRP-0538,1,close,informational,avery.diaz@example.com,0.0
GRP-0539,1,close,informational,noel.walsh@example.com,0.0
GRP-0540,1,close,informational,emery.brooks@example.com,0.0
GRP-0541,1,close,informational,quinn.silva@example.com,0.0
GRP-0542,1,close,informational,emery.ortiz@example.com,0.0
GRP-0543,1,escalate,medium,devon.fox@example.com,0.84
GRP-0544,1,escalate,medium,kai.khan@example.com,0.84
GRP-0545,1,investigate,informational,sage.novak@example.com,0.01
GRP-0546,1,investigate,informational,sage.khan@example.com,0.13
GRP-0547,1,investigate,informational,casey.moore@example.com,0.0
GRP-0548,1,investigate,informational,noel.evans@example.com,0.0
GRP-0549,1,investigate,informational,taylor.fox@example.com,0.0
GRP-0550,2,investigate,informational,avery.grant@example.com,0.09
GRP-0551,1,investigate,informational,sage.novak@example.com,0.0
GRP-0552,1,close,informational,wren.grant@example.com,0.02
GRP-0553,1,close,informational,quinn.brooks@example.com,0.0
GRP-0554,1,investigate,informational,blake.khan@example.com,0.0
GRP-0555,1,close,informational,taylor.ortiz@example.com,0.0
GRP-0556,1,investigate,informational,finley.reyes@example.com,0.0
GRP-0557,1,close,informational,blake.evans@example.com,0.0
GRP-0558,1,investigate,informational,avery.evans@example.com,0.11
GRP-0559,1,close,informational,taylor.jones@example.com,0.0
GRP-0560,1,investigate,informational,taylor.grant@example.com,0.15
GRP-0561,1,investigate,informational,noel.grant@example.com,0.0
GRP-0562,1,investigate,informational,reese.ito@example.com,0.0
GRP-0563,1,investigate,informational,blake.jones@example.com,0.0
GRP-0564,1,investigate,informational,casey.lopez@example.com,0.0
GRP-0565,1,close,informational,taylor.tran@example.com,0.0
GRP-0566,1,close,informational,kai.novak@example.com,0.0
GRP-0567,1,investigate,informational,morgan.grant@example.com,0.0
GRP-0568,1,close,informational,taylor.ito@example.com,0.0
GRP-0569,1,close,informational,avery.lopez@example.com,0.0
GRP-0570,1,investigate,informational,finley.jones@example.com,0.0
GRP-0571,1,investigate,informational,harper.lopez@example.com,0.12
GRP-0572,1,investigate,informational,casey.brooks@example.com,0.0
GRP-0573,1,escalate,medium,zion.novak@example.com,0.85
GRP-0574,1,investigate,informational,kai.moore@example.com,0.0
GRP-0575,1,close,informational,kai.novak@example.com,0.0
GRP-0576,1,escalate,medium,parker.chen@example.com,0.83
GRP-0577,1,investigate,informational,wren.ortiz@example.com,0.0
GRP-0578,1,investigate,informational,jordan.walsh@example.com,0.16
GRP-0579,1,investigate,informational,finley.reyes@example.com,0.1
GRP-0580,1,close,informational,harper.walsh@example.com,0.0
GRP-0581,1,close,informational,wren.grant@example.com,0.0
GRP-0582,1,escalate,medium,wren.ito@example.com,0.81
GRP-0583,1,investigate,informational,logan.jones@example.com,0.01
GRP-0584,1,escalate,high,logan.diaz@example.com,0.82
GRP-0585,1,close,informational,blake.chen@example.com,0.0
GRP-0586,1,close,informational,taylor.jones@example.com,0.01
GRP-0587,1,close,informational,morgan.walsh@example.com,0.0
GRP-0588,1,close,informational,reese.fox@example.com,0.0
GRP-0589,1,investigate,informational,avery.evans@example.com,0.0
GRP-0590,1,investigate,informational,taylor.grant@example.com,0.0
GRP-0591,1,close,informational,wren.fox@example.com,0.09
GRP-0592,1,investigate,informational,morgan.hayes@example.com,0.12
GRP-0593,1,close,informational,casey.ito@example.com,0.0
GRP-0594,1,investigate,informational,harper.chen@example.com,0.0
GRP-0595,1,escalate,critical,wren.jones@example.com,0.83
GRP-0596,1,investigate,informational,sage.patel@example.com,0.0
GRP-0597,1,investigate,informational,noel.ito@example.com,0.17
GRP-0598,1,close,informational,devon.silva@example.com,0.0
GRP-0599,1,investigate,informational,taylor.brooks@example.com,0.0
GRP-0600,1,close,informational,emery.brooks@example.com,0.0
GRP-0601,1,close,informational,avery.moore@example.com,0.0
GRP-0602,1,investigate,informational,noel.hayes@example.com,0.0
GRP-0603,1,investigate,informational,finley.jones@example.com,0.17
GRP-0604,1,escalate,medium,casey.diaz@example.com,0.85
GRP-0605,1,investigate,informational,avery.diaz@example.com,0.12
GRP-0606,1,investigate,informational,casey.lopez@example.com,0.0
GRP-0607,1,close,informational,taylor.tran@example.com,0.0
GRP-0608,1,close,informational,blake.novak@example.com,0.0
GRP-0609,1,close,informational,casey.fox@example.com,0.01
GRP-0610,1,close,informational,kai.patel@example.com,0.0
GRP-0611,1,investigate,informational,noel.brooks@example.com,0.0
GRP-0612,1,investigate,informational,logan.diaz@example.com,0.16
GRP-0613,2,investigate,informational,morgan.silva@example.com,0.09
GRP-0614,1,investigate,informational,devon.chen@example.com,0.0
GRP-0615,1,close,informational,noel.walsh@example.com,0.0
GRP-0616,1,close,informational,parker.fox@example.com,0.0
GRP-0617,1,investigate,informational,parker.patel@example.com,0.0
GRP-0618,1,close,informational,logan.khan@example.com,0.0
GRP-0619,1,investigate,informational,wren.ortiz@example.com,0.0
GRP-0620,3,escalate,high,finley.evans@example.com,0.92
GRP-0621,1,close,informational,blake.evans@example.com,0.0
GRP-0622,1,close,informational,morgan.khan@example.com,0.0
GRP-0623,1,investigate,informational,noel.grant@example.com,0.0
GRP-0624,1,investigate,informational,sage.grant@example.com,0.12
GRP-0625,1,investigate,informational,devon.fox@example.com,0.0
GRP-0626,1,close,informational,quinn.khan@example.com,0.0
GRP-0627,1,investigate,informational,emery.lopez@example.com,0.17
GRP-0628,1,close,informational,emery.novak@example.com,0.01
GRP-0629,1,investigate,informational,blake.khan@example.com,0.0
GRP-0630,1,close,informational,kai.hayes@example.com,0.0
GRP-0631,1,investigate,informational,zion.novak@example.com,0.02
GRP-0632,1,investigate,informational,wren.novak@example.com,0.13
GRP-0633,1,investigate,informational,reese.ortiz@example.com,0.0
GRP-0634,1,investigate,informational,jordan.walsh@example.com,0.0
GRP-0635,1,investigate,informational,,0.0
GRP-0636,1,investigate,informational,,0.0
GRP-0637,1,investigate,informational,,0.0
GRP-0638,1,close,informational,blake.chen@example.com,0.0
GRP-0639,1,close,informational,jordan.patel@example.com,0.0
GRP-0640,1,escalate,medium,sage.khan@example.com,0.82
GRP-0641,1,investigate,informational,kai.walsh@example.com,0.0
GRP-0642,1,investigate,informational,noel.evans@example.com,0.01
GRP-0643,1,investigate,informational,reese.patel@example.com,0.0
GRP-0644,1,investigate,informational,parker.fox@example.com,0.12
GRP-0645,1,escalate,high,devon.adler@example.com,0.84
GRP-0646,1,close,informational,morgan.khan@example.com,0.0
GRP-0647,1,investigate,informational,taylor.diaz@example.com,0.0
GRP-0648,1,investigate,informational,reese.ortiz@example.com,0.01
GRP-0649,1,close,informational,emery.hayes@example.com,0.01
GRP-0650,1,investigate,informational,harper.moore@example.com,0.0
GRP-0651,1,escalate,medium,devon.chen@example.com,0.83
GRP-0652,1,close,informational,quinn.khan@example.com,0.01
GRP-0653,1,close,informational,riley.walsh@example.com,0.0
GRP-0654,1,investigate,informational,reese.ito@example.com,0.0
GRP-0655,1,close,informational,casey.silva@example.com,0.01
GRP-0656,1,investigate,informational,harper.moore@example.com,0.15
GRP-0657,1,investigate,informational,casey.brooks@example.com,0.0
GRP-0658,1,escalate,medium,reese.ito@example.com,0.83
GRP-0659,1,close,informational,casey.reyes@example.com,0.0
GRP-0660,4,escalate,high,sage.ito@example.com,0.97
GRP-0661,2,escalate,medium,zion.fox@example.com,0.83
GRP-0662,1,investigate,informational,devon.fox@example.com,0.0
GRP-0663,1,investigate,informational,wren.lopez@example.com,0.0
GRP-0664,1,investigate,informational,avery.novak@example.com,0.15
GRP-0665,1,investigate,informational,casey.patel@example.com,0.0
GRP-0666,1,investigate,informational,riley.ito@example.com,0.0
GRP-0667,1,investigate,informational,blake.walsh@example.com,0.0
GRP-0668,1,investigate,informational,finley.adler@example.com,0.15
GRP-0669,1,investigate,informational,logan.jones@example.com,0.01
GRP-0670,1,investigate,informational,zion.novak@example.com,0.0
GRP-0671,1,close,informational,kai.silva@example.com,0.01
GRP-0672,1,investigate,informational,taylor.jones@example.com,0.0
GRP-0673,1,escalate,high,noel.brooks@example.com,0.82
GRP-0674,1,investigate,informational,riley.ortiz@example.com,0.0
GRP-0675,1,investigate,informational,blake.moore@example.com,0.0
GRP-0676,1,investigate,informational,sage.novak@example.com,0.0
GRP-0677,1,investigate,informational,wren.jones@example.com,0.0
GRP-0678,1,close,informational,morgan.reyes@example.com,0.0
GRP-0679,1,investigate,informational,devon.chen@example.com,0.0
GRP-0680,1,close,informational,casey.fox@example.com,0.0
GRP-0681,1,close,informational,finley.novak@example.com,0.0
GRP-0682,1,investigate,informational,sage.jones@example.com,0.0
GRP-0683,1,investigate,informational,blake.lopez@example.com,0.13
GRP-0684,1,investigate,informational,noel.silva@example.com,0.02
GRP-0685,1,investigate,informational,reese.lopez@example.com,0.14
GRP-0686,1,escalate,medium,sage.walsh@example.com,0.79
GRP-0687,5,escalate,critical,reese.adler@example.com,0.93
GRP-0688,1,investigate,informational,devon.adler@example.com,0.0
GRP-0689,1,investigate,informational,noel.ito@example.com,0.0
GRP-0690,1,investigate,informational,logan.grant@example.com,0.01
GRP-0691,1,investigate,informational,logan.grant@example.com,0.01
GRP-0692,1,close,informational,parker.silva@example.com,0.0
GRP-0693,1,investigate,informational,noel.evans@example.com,0.0
GRP-0694,1,close,informational,emery.novak@example.com,0.0
GRP-0695,1,investigate,informational,noel.brooks@example.com,0.0
GRP-0696,1,investigate,informational,sage.khan@example.com,0.0
GRP-0697,1,investigate,informational,wren.lopez@example.com,0.0
GRP-0698,2,investigate,informational,jordan.hayes@example.com,0.07
GRP-0699,1,investigate,informational,avery.silva@example.com,0.0
GRP-0700,1,investigate,informational,wren.ortiz@example.com,0.15
GRP-0701,1,investigate,informational,sage.adler@example.com,0.0
GRP-0702,1,close,informational,emery.chen@example.com,0.01
GRP-0703,1,investigate,informational,emery.novak@example.com,0.13
GRP-0704,1,close,informational,harper.reyes@example.com,0.0
GRP-0705,1,escalate,medium,sage.jones@example.com,0.84
GRP-0706,1,investigate,informational,sage.khan@example.com,0.01
GRP-0707,1,close,informational,quinn.moore@example.com,0.0
GRP-0708,1,close,informational,finley.moore@example.com,0.0
GRP-0709,1,close,informational,avery.evans@example.com,0.01
GRP-0710,1,close,informational,logan.evans@example.com,0.0
GRP-0711,1,close,informational,casey.reyes@example.com,0.0
GRP-0712,1,escalate,medium,reese.patel@example.com,0.86
GRP-0713,3,escalate,medium,jordan.chen@example.com,0.9
GRP-0714,1,close,informational,casey.grant@example.com,0.0
GRP-0715,4,escalate,high,finley.chen@example.com,0.97
GRP-0716,1,investigate,informational,logan.moore@example.com,0.17
GRP-0717,1,investigate,informational,kai.reyes@example.com,0.0
GRP-0718,1,investigate,informational,wren.jones@example.com,0.01
GRP-0719,1,investigate,informational,reese.ortiz@example.com,0.0
GRP-0720,1,close,informational,devon.ito@example.com,0.0
GRP-0721,1,investigate,informational,taylor.fox@example.com,0.0
GRP-0722,1,investigate,informational,finley.reyes@example.com,0.0
GRP-0723,1,escalate,medium,zion.patel@example.com,0.81
GRP-0724,1,close,informational,emery.khan@example.com,0.0
GRP-0725,1,investigate,informational,sage.walsh@example.com,0.01
GRP-0726,1,close,informational,noel.tran@example.com,0.02
GRP-0727,1,investigate,informational,harper.ortiz@example.com,0.0
GRP-0728,1,close,informational,avery.evans@example.com,0.0
GRP-0729,1,investigate,informational,kai.brooks@example.com,0.0
GRP-0730,2,investigate,informational,wren.jones@example.com,0.01
GRP-0731,1,investigate,informational,zion.walsh@example.com,0.01
GRP-0732,1,close,informational,noel.tran@example.com,0.0
GRP-0733,1,close,informational,sage.brooks@example.com,0.01
GRP-0734,1,investigate,informational,taylor.diaz@example.com,0.15
GRP-0735,1,investigate,informational,kai.silva@example.com,0.12
GRP-0736,1,investigate,informational,casey.patel@example.com,0.0
GRP-0737,1,close,informational,sage.brooks@example.com,0.0
GRP-0738,1,investigate,informational,reese.patel@example.com,0.0
GRP-0739,1,close,informational,casey.ito@example.com,0.0
GRP-0740,2,investigate,informational,morgan.grant@example.com,0.18
GRP-0741,1,escalate,medium,blake.jones@example.com,0.86
GRP-0742,1,investigate,informational,sage.ortiz@example.com,0.12
GRP-0743,1,investigate,informational,quinn.fox@example.com,0.0
GRP-0744,1,close,informational,blake.ortiz@example.com,0.01
GRP-0745,1,close,informational,kai.jones@example.com,0.0
GRP-0746,1,escalate,medium,zion.grant@example.com,0.83
GRP-0747,1,investigate,informational,devon.chen@example.com,0.12
GRP-0748,1,escalate,medium,noel.silva@example.com,0.82
GRP-0749,1,close,informational,avery.reyes@example.com,0.0
GRP-0750,1,close,informational,riley.fox@example.com,0.0
GRP-0751,1,close,informational,jordan.diaz@example.com,0.0
GRP-0752,1,investigate,informational,zion.patel@example.com,0.0
GRP-0753,1,close,informational,avery.khan@example.com,0.0
GRP-0754,1,close,informational,taylor.chen@example.com,0.0
GRP-0755,1,investigate,informational,logan.grant@example.com,0.0
GRP-0756,1,investigate,informational,sage.novak@example.com,0.0
GRP-0757,1,close,informational,quinn.novak@example.com,0.0
GRP-0758,1,close,informational,quinn.jones@example.com,0.0
GRP-0759,5,escalate,high,morgan.silva@example.com,0.97
GRP-0760,1,escalate,high,finley.reyes@example.com,0.83
GRP-0761,1,escalate,medium,kai.brooks@example.com,0.83
GRP-0762,1,close,informational,avery.evans@example.com,0.0
GRP-0763,1,close,informational,wren.grant@example.com,0.0
GRP-0764,1,close,informational,quinn.lopez@example.com,0.01
GRP-0765,1,escalate,medium,blake.khan@example.com,0.82
GRP-0766,1,investigate,informational,taylor.fox@example.com,0.01
GRP-0767,1,investigate,informational,harper.chen@example.com,0.0
GRP-0768,1,investigate,informational,noel.evans@example.com,0.0
GRP-0769,1,close,informational,emery.moore@example.com,0.0
GRP-0770,1,close,informational,avery.lopez@example.com,0.0
GRP-0771,1,close,informational,harper.reyes@example.com,0.0
GRP-0772,1,close,informational,kai.lopez@example.com,0.0
GRP-0773,1,investigate,informational,finley.adler@example.com,0.0
GRP-0774,1,investigate,informational,quinn.fox@example.com,0.01
GRP-0775,1,close,informational,sage.patel@example.com,0.0
GRP-0776,1,close,informational,blake.silva@example.com,0.0
GRP-0777,1,close,informational,harper.khan@example.com,0.0
GRP-0778,1,investigate,informational,zion.patel@example.com,0.0
GRP-0779,1,close,informational,quinn.moore@example.com,0.0
GRP-0780,1,close,informational,logan.ito@example.com,0.0
GRP-0781,1,close,informational,quinn.jones@example.com,0.0
GRP-0782,1,escalate,medium,zion.walsh@example.com,0.8
GRP-0783,1,close,informational,kai.adler@example.com,0.0
GRP-0784,1,investigate,informational,parker.brooks@example.com,0.0
GRP-0785,1,investigate,informational,sage.walsh@example.com,0.0
GRP-0786,1,close,informational,emery.moore@example.com,0.0
GRP-0787,1,investigate,informational,sage.lopez@example.com,0.0
GRP-0788,1,escalate,high,kai.grant@example.com,0.84
GRP-0789,1,escalate,critical,jordan.adler@example.com,0.85
GRP-0790,1,close,informational,blake.chen@example.com,0.0
GRP-0791,1,investigate,informational,reese.silva@example.com,0.0
GRP-0792,1,close,informational,emery.walsh@example.com,0.0
GRP-0793,1,close,informational,devon.reyes@example.com,0.0
GRP-0794,1,close,informational,blake.lopez@example.com,0.0
GRP-0795,1,escalate,medium,avery.hayes@example.com,0.81
GRP-0796,1,investigate,informational,devon.fox@example.com,0.0
GRP-0797,1,investigate,informational,logan.diaz@example.com,0.0
GRP-0798,1,close,informational,kai.jones@example.com,0.0
GRP-0799,1,escalate,medium,harper.moore@example.com,0.81
GRP-0800,1,close,informational,finley.moore@example.com,0.0
GRP-0801,1,investigate,informational,logan.jones@example.com,0.0
GRP-0802,3,investigate,informational,,0.16
GRP-0803,1,escalate,medium,sage.adler@example.com,0.8
GRP-0804,1,close,informational,noel.walsh@example.com,0.0
GRP-0805,1,close,informational,emery.brooks@example.com,0.0
GRP-0806,1,investigate,informational,finley.adler@example.com,0.0
GRP-0807,1,investigate,informational,morgan.chen@example.com,0.0
GRP-0808,1,investigate,informational,wren.ito@example.com,0.0
GRP-0809,1,close,informational,blake.evans@example.com,0.0
GRP-0810,1,investigate,informational,kai.ito@example.com,0.0
GRP-0811,1,close,informational,casey.silva@example.com,0.0
GRP-0812,1,investigate,informational,sage.jones@example.com,0.0
GRP-0813,1,escalate,medium,reese.ortiz@example.com,0.83
GRP-0814,1,close,informational,noel.patel@example.com,0.0
GRP-0815,1,investigate,informational,noel.grant@example.com,0.0
GRP-0816,1,close,informational,avery.moore@example.com,0.0
GRP-0817,1,investigate,informational,taylor.jones@example.com,0.0
GRP-0818,1,close,informational,jordan.walsh@example.com,0.0
GRP-0819,1,investigate,informational,kai.walsh@example.com,0.0
GRP-0820,1,investigate,informational,quinn.fox@example.com,0.01
GRP-0821,1,close,informational,blake.reyes@example.com,0.0
GRP-0822,1,close,informational,casey.novak@example.com,0.0
GRP-0823,1,close,informational,morgan.khan@example.com,0.0
GRP-0824,1,close,informational,jordan.patel@example.com,0.0
GRP-0825,1,investigate,informational,avery.silva@example.com,0.17
GRP-0826,1,escalate,medium,taylor.tran@example.com,0.83
GRP-0827,1,escalate,medium,reese.adler@example.com,0.77
GRP-0828,1,investigate,informational,reese.ortiz@example.com,0.0
GRP-0829,1,investigate,informational,harper.fox@example.com,0.0
GRP-0830,1,escalate,medium,jordan.adler@example.com,0.82
GRP-0831,1,investigate,informational,blake.jones@example.com,0.0
GRP-0832,8,close,informational,,0.0
GRP-0833,4,escalate,high,jordan.hayes@example.com,0.97
GRP-0834,2,escalate,medium,taylor.ortiz@example.com,0.83
GRP-0835,1,investigate,informational,parker.silva@example.com,0.14
GRP-0836,1,investigate,informational,reese.ito@example.com,0.0
GRP-0837,1,investigate,informational,reese.silva@example.com,0.0
GRP-0838,1,close,informational,jordan.diaz@example.com,0.0
GRP-0839,1,investigate,informational,taylor.ortiz@example.com,0.13
GRP-0840,1,investigate,informational,logan.moore@example.com,0.0
GRP-0841,1,close,informational,noel.hayes@example.com,0.0
GRP-0842,1,close,informational,logan.evans@example.com,0.02
GRP-0843,1,investigate,informational,sage.khan@example.com,0.0
GRP-0844,1,close,informational,wren.brooks@example.com,0.0
GRP-0845,1,investigate,informational,,0.0
GRP-0846,1,investigate,informational,,0.0
GRP-0847,1,investigate,informational,,0.0
GRP-0848,1,close,informational,blake.moore@example.com,0.0
GRP-0849,1,investigate,informational,logan.jones@example.com,0.0
GRP-0850,1,close,informational,taylor.brooks@example.com,0.0
GRP-0851,1,investigate,informational,sage.lopez@example.com,0.0
GRP-0852,1,close,informational,zion.novak@example.com,0.0
GRP-0853,1,close,informational,taylor.grant@example.com,0.0
GRP-0854,1,close,informational,quinn.moore@example.com,0.0
GRP-0855,1,investigate,informational,taylor.ortiz@example.com,0.0
GRP-0856,1,close,informational,noel.tran@example.com,0.0
GRP-0857,1,investigate,informational,sage.jones@example.com,0.0
GRP-0858,1,close,informational,kai.lopez@example.com,0.0
GRP-0859,1,investigate,informational,morgan.grant@example.com,0.0
GRP-0860,1,close,informational,devon.ito@example.com,0.02
GRP-0861,1,close,informational,logan.fox@example.com,0.0
GRP-0862,1,investigate,informational,noel.brooks@example.com,0.14
GRP-0863,1,investigate,informational,harper.lopez@example.com,0.0
GRP-0864,1,investigate,informational,kai.hayes@example.com,0.01
GRP-0865,1,close,informational,kai.moore@example.com,0.01
GRP-0866,1,close,informational,wren.lopez@example.com,0.0
GRP-0867,1,investigate,informational,morgan.hayes@example.com,0.0
GRP-0868,1,investigate,informational,devon.fox@example.com,0.0
GRP-0869,1,investigate,informational,kai.grant@example.com,0.01
GRP-0870,1,close,informational,devon.ito@example.com,0.0
GRP-0871,1,close,informational,finley.silva@example.com,0.03
GRP-0872,1,close,informational,wren.grant@example.com,0.0
GRP-0873,1,close,informational,kai.reyes@example.com,0.01
GRP-0874,1,close,informational,wren.ito@example.com,0.01
GRP-0875,1,escalate,medium,zion.evans@example.com,0.82
GRP-0876,1,close,informational,casey.novak@example.com,0.0
GRP-0877,1,investigate,informational,jordan.chen@example.com,0.0
GRP-0878,1,investigate,informational,zion.fox@example.com,0.0
GRP-0879,1,close,informational,avery.grant@example.com,0.0
GRP-0880,1,investigate,informational,riley.ito@example.com,0.0
GRP-0881,1,close,informational,emery.novak@example.com,0.0
GRP-0882,1,investigate,informational,quinn.fox@example.com,0.0
GRP-0883,1,investigate,informational,jordan.adler@example.com,0.0
GRP-0884,1,investigate,informational,zion.fox@example.com,0.17
GRP-0885,1,close,informational,emery.tran@example.com,0.0
GRP-0886,1,close,informational,kai.hayes@example.com,0.0
GRP-0887,1,investigate,informational,finley.reyes@example.com,0.15
GRP-0888,1,investigate,informational,harper.chen@example.com,0.0
GRP-0889,1,close,informational,avery.jones@example.com,0.0
GRP-0890,1,close,informational,wren.lopez@example.com,0.0
GRP-0891,1,investigate,informational,devon.silva@example.com,0.0
GRP-0892,1,escalate,medium,devon.fox@example.com,0.83
GRP-0893,1,close,informational,finley.novak@example.com,0.0
GRP-0894,1,investigate,informational,reese.tran@example.com,0.0
GRP-0895,1,investigate,informational,harper.moore@example.com,0.0
GRP-0896,1,close,informational,reese.lopez@example.com,0.0
GRP-0897,1,investigate,informational,quinn.fox@example.com,0.0
GRP-0898,1,investigate,informational,reese.adler@example.com,0.0
GRP-0899,2,close,informational,casey.patel@example.com,0.0
GRP-0900,1,close,informational,quinn.ito@example.com,0.01
GRP-0901,1,investigate,informational,devon.chen@example.com,0.0
GRP-0902,1,close,informational,casey.lopez@example.com,0.0
GRP-0903,1,investigate,informational,harper.lopez@example.com,0.15
GRP-0904,1,close,informational,devon.adler@example.com,0.0
GRP-0905,1,escalate,medium,taylor.diaz@example.com,0.81
GRP-0906,1,investigate,informational,kai.grant@example.com,0.0
GRP-0907,1,close,informational,jordan.diaz@example.com,0.0
GRP-0908,1,close,informational,emery.moore@example.com,0.0
GRP-0909,1,close,informational,riley.hayes@example.com,0.0
GRP-0910,1,close,informational,avery.grant@example.com,0.0
GRP-0911,1,escalate,medium,blake.jones@example.com,0.86
GRP-0912,1,escalate,medium,harper.ortiz@example.com,0.82
GRP-0913,1,escalate,medium,kai.ito@example.com,0.8
GRP-0914,1,close,informational,sage.patel@example.com,0.0
GRP-0915,1,investigate,informational,taylor.ortiz@example.com,0.0
GRP-0916,1,close,informational,casey.moore@example.com,0.01
GRP-0917,1,close,informational,finley.novak@example.com,0.0
