rank,user,score
1,avery.grant@example.com,63.5
2,blake.chen@example.com,63.5
3,casey.diaz@example.com,63.5
4,devon.chen@example.com,63.5
5,finley.chen@example.com,63.5
6,finley.lopez@example.com,63.5
7,finley.reyes@example.com,63.5
8,jordan.chen@example.com,63.5
9,jordan.hayes@example.com,63.5
10,kai.grant@example.com,63.5
11,kai.hayes@example.com,63.5
12,kai.novak@example.com,63.5
13,morgan.chen@example.com,63.5
14,morgan.grant@example.com,63.5
15,morgan.reyes@example.com,63.5
16,morgan.silva@example.com,63.5
17,noel.evans@example.com,63.5
18,noel.grant@example.com,63.5
19,parker.brooks@example.com,63.5
20,parker.chen@example.com,63.5
21,quinn.fox@example.com,63.5
22,reese.adler@example.com,63.5
23,reese.ortiz@example.com,63.5
24,sage.ito@example.com,63.5
25,sage.jones@example.com,63.5
26,sage.novak@example.com,63.5
27,sage.walsh@example.com,63.5
28,taylor.grant@example.com,63.5
29,taylor.jones@example.com,63.5
30,wren.lopez@example.com,63.5
31,sage.adler@example.com,61.0
32,blake.moore@example.com,59.5
33,devon.lopez@example.com,59.5
34,jordan.adler@example.com,59.5
35,reese.lopez@example.com,59.5
36,riley.adler@example.com,59.5
37,avery.evans@example.com,59.0
38,devon.fox@example.com,59.0
39,reese.ito@example.com,59.0
40,taylor.ortiz@example.com,59.0
41,quinn.moore@example.com,57.0
42,casey.reyes@example.com,56.5
43,casey.patel@example.com,55.5
44,harper.ortiz@example.com,55.5
45,logan.jones@example.com,55.5
46,avery.jones@example.com,55.0
47,finley.evans@example.com,55.0
48,blake.jones@example.com,53.0
49,noel.ortiz@example.com,52.5
50,wren.ito@example.com,52.5
51,harper.lopez@example.com,51.5
52,harper.moore@example.com,51.5
53,morgan.hayes@example.com,51.5
54,reese.brooks@example.com,51.5
55,taylor.diaz@example.com,51.5
56,taylor.fox@example.com,51.5
57,wren.jones@example.com,51.5
58,zion.adler@example.com,51.5
59,devon.adler@example.com,51.0
60,kai.reyes@example.com,51.0
61,morgan.khan@example.com,51.0
62,noel.brooks@example.com,51.0
63,noel.walsh@example.com,51.0
64,sage.grant@example.com,51.0
65,sage.khan@example.com,51.0
66,wren.ortiz@example.com,51.0
67,blake.walsh@example.com,50.5
68,riley.ito@example.com,50.5
69,sage.lopez@example.com,50.5
70,finley.novak@example.com,49.0
71,kai.jones@example.com,49.0
72,noel.hayes@example.com,49.0
73,harper.ito@example.com,48.5
74,avery.lopez@example.com,47.5
75,kai.lopez@example.com,47.5
76,reese.silva@example.com,47.5
77,devon.brooks@example.com,47.0
78,harper.khan@example.com,47.0
79,logan.evans@example.com,47.0
80,logan.moore@example.com,47.0
81,parker.grant@example.com,47.0
82,quinn.silva@example.com,47.0
83,reese.patel@example.com,47.0
84,reese.tran@example.com,47.0
85,zion.patel@example.com,47.0
86,noel.reyes@example.com,46.5
87,casey.brooks@example.com,45.0
88,casey.lopez@example.com,45.0
89,emery.khan@example.com,45.0
90,harper.chen@example.com,45.0
91,logan.grant@example.com,45.0
92,parker.silva@example.com,45.0
93,sage.patel@example.com,45.0
94,zion.novak@example.com,45.0
95,emery.lopez@example.com,44.5
96,riley.hayes@example.com,44.5
97,riley.ortiz@example.com,44.5
98,avery.hayes@example.com,43.0
99,casey.fox@example.com,43.0
100,morgan.ortiz@example.com,43.0
101,parker.fox@example.com,43.0
102,quinn.brooks@example.com,43.0
103,reese.fox@example.com,43.0
104,taylor.moore@example.com,43.0
105,zion.fox@example.com,43.0
106,emery.novak@example.com,42.5
107,sage.ortiz@example.com,42.5
108,casey.moore@example.com,41.0
109,finley.adler@example.com,41.0
110,kai.moore@example.com,41.0
111,logan.khan@example.com,41.0
112,parker.patel@example.com,41.0
113,quinn.ito@example.com,41.0
114,blake.lopez@example.com,40.5
115,logan.diaz@example.com,40.5
116,quinn.lopez@example.com,40.5
117,taylor.tran@example.com,40.5
118,blake.ortiz@example.com,38.5
119,devon.silva@example.com,38.5
120,kai.diaz@example.com,38.5
121,kai.walsh@example.com,38.5
122,zion.grant@example.com,38.0
123,avery.moore@example.com,36.5
124,emery.brooks@example.com,36.5
125,emery.chen@example.com,36.5
126,harper.walsh@example.com,36.5
127,noel.tran@example.com,36.5
128,parker.ito@example.com,36.5
129,quinn.novak@example.com,36.5
130,taylor.brooks@example.com,36.5
131,harper.fox@example.com,34.5
132,parker.diaz@example.com,34.5
133,blake.evans@example.com,34.0
134,emery.moore@example.com,34.0
135,jordan.walsh@example.com,34.0
136,avery.diaz@example.com,32.5
137,avery.silva@example.com,32.5
138,blake.khan@example.com,32.5
139,casey.ito@example.com,32.5
140,finley.jones@example.com,32.5
141,harper.reyes@example.com,32.5
142,jordan.diaz@example.com,32.5
143,kai.ito@example.com,32.5
144,kai.patel@example.com,32.5
145,logan.fox@example.com,32.5
146,noel.adler@example.com,32.5
147,riley.evans@example.com,32.5
148,zion.walsh@example.com,32.5
149,morgan.walsh@example.com,30.5
150,blake.reyes@example.com,30.0
151,emery.ortiz@example.com,30.0
152,kai.adler@example.com,30.0
153,logan.ito@example.com,30.0
154,sage.brooks@example.com,30.0
155,avery.khan@example.com,28.0
156,casey.silva@example.com,28.0
157,kai.khan@example.com,28.0
158,jordan.patel@example.com,27.5
159,zion.evans@example.com,27.5
160,avery.novak@example.com,26.0
161,casey.grant@example.com,26.0
162,casey.novak@example.com,26.0
163,devon.ito@example.com,26.0
164,emery.hayes@example.com,26.0
165,finley.ito@example.com,26.0
166,finley.moore@example.com,26.0
167,finley.ortiz@example.com,26.0
168,kai.brooks@example.com,26.0
169,noel.silva@example.com,26.0
170,quinn.jones@example.com,26.0
171,quinn.khan@example.com,26.0
172,riley.fox@example.com,26.0
173,taylor.chen@example.com,26.0
174,taylor.ito@example.com,26.0
175,wren.brooks@example.com,26.0
176,wren.grant@example.com,25.5
177,blake.silva@example.com,24.0
178,logan.hayes@example.com,24.0
179,blake.novak@example.com,19.5
180,devon.reyes@example.com,19.5
181,finley.grant@example.com,19.5
182,avery.reyes@example.com,17.5
183,emery.tran@example.com,17.5
184,finley.silva@example.com,17.5
185,jordan.ito@example.com,17.5
186,kai.silva@example.com,17.5
187,noel.ito@example.com,17.5
188,riley.walsh@example.com,17.5
189,zion.ito@example.com,17.5
190,devon.tran@example.com,15.0
191,wren.novak@example.com,15.0
192,emery.fox@example.com,11.0
193,emery.walsh@example.com,11.0
194,finley.khan@example.com,11.0
195,noel.patel@example.com,11.0
196,quinn.reyes@example.com,11.0
197,wren.fox@example.com,11.0
